거래일,연료원,거래시간,전력거래량(MWh)
2023-11-01,원자력,1,20861
2023-11-01,원자력,2,20862
2023-11-01,원자력,3,20860
2023-11-01,원자력,4,20862
2023-11-01,원자력,5,20862
2023-11-01,원자력,6,20867
2023-11-01,원자력,7,20871
2023-11-01,원자력,8,20871
2023-11-01,원자력,9,20868
2023-11-01,원자력,10,20867
2023-11-01,원자력,11,20869
2023-11-01,원자력,12,20864
2023-11-01,원자력,13,20860
2023-11-01,원자력,14,20862
2023-11-01,원자력,15,20866
2023-11-01,원자력,16,20866
2023-11-01,원자력,17,20864
2023-11-01,원자력,18,20861
2023-11-01,원자력,19,20864
2023-11-01,원자력,20,20866
2023-11-01,원자력,21,20869
2023-11-01,원자력,22,20878
2023-11-01,원자력,23,20877
2023-11-01,원자력,24,20880
2023-11-01,유연탄,1,18967
2023-11-01,유연탄,2,18834
2023-11-01,유연탄,3,18870
2023-11-01,유연탄,4,18910
2023-11-01,유연탄,5,18989
2023-11-01,유연탄,6,19284
2023-11-01,유연탄,7,19779
2023-11-01,유연탄,8,19573
2023-11-01,유연탄,9,19670
2023-11-01,유연탄,10,18668
2023-11-01,유연탄,11,17774
2023-11-01,유연탄,12,16841
2023-11-01,유연탄,13,16215
2023-11-01,유연탄,14,17101
2023-11-01,유연탄,15,18078
2023-11-01,유연탄,16,18853
2023-11-01,유연탄,17,20126
2023-11-01,유연탄,18,20390
2023-11-01,유연탄,19,20081
2023-11-01,유연탄,20,20155
2023-11-01,유연탄,21,19875
2023-11-01,유연탄,22,19912
2023-11-01,유연탄,23,20272
2023-11-01,유연탄,24,20346
2023-11-01,무연탄,1,155
2023-11-01,무연탄,2,150
2023-11-01,무연탄,3,150
2023-11-01,무연탄,4,151
2023-11-01,무연탄,5,150
2023-11-01,무연탄,6,150
2023-11-01,무연탄,7,155
2023-11-01,무연탄,8,159
2023-11-01,무연탄,9,164
2023-11-01,무연탄,10,167
2023-11-01,무연탄,11,167
2023-11-01,무연탄,12,167
2023-11-01,무연탄,13,161
2023-11-01,무연탄,14,153
2023-11-01,무연탄,15,151
2023-11-01,무연탄,16,156
2023-11-01,무연탄,17,157
2023-11-01,무연탄,18,160
2023-11-01,무연탄,19,161
2023-11-01,무연탄,20,161
2023-11-01,무연탄,21,161
2023-11-01,무연탄,22,157
2023-11-01,무연탄,23,157
2023-11-01,무연탄,24,157
2023-11-01,바이오가스,1,36
2023-11-01,바이오가스,2,36
2023-11-01,바이오가스,3,29
2023-11-01,바이오가스,4,33
2023-11-01,바이오가스,5,34
2023-11-01,바이오가스,6,35
2023-11-01,바이오가스,7,34
2023-11-01,바이오가스,8,34
2023-11-01,바이오가스,9,35
2023-11-01,바이오가스,10,34
2023-11-01,바이오가스,11,35
2023-11-01,바이오가스,12,35
2023-11-01,바이오가스,13,36
2023-11-01,바이오가스,14,35
2023-11-01,바이오가스,15,33
2023-11-01,바이오가스,16,31
2023-11-01,바이오가스,17,32
2023-11-01,바이오가스,18,34
2023-11-01,바이오가스,19,35
2023-11-01,바이오가스,20,35
2023-11-01,바이오가스,21,34
2023-11-01,바이오가스,22,35
2023-11-01,바이오가스,23,35
2023-11-01,바이오가스,24,35
2023-11-01,부생가스,1,84
2023-11-01,부생가스,2,84
2023-11-01,부생가스,3,84
2023-11-01,부생가스,4,84
2023-11-01,부생가스,5,84
2023-11-01,부생가스,6,84
2023-11-01,부생가스,7,83
2023-11-01,부생가스,8,123
2023-11-01,부생가스,9,256
2023-11-01,부생가스,10,309
2023-11-01,부생가스,11,367
2023-11-01,부생가스,12,334
2023-11-01,부생가스,13,390
2023-11-01,부생가스,14,354
2023-11-01,부생가스,15,308
2023-11-01,부생가스,16,310
2023-11-01,부생가스,17,326
2023-11-01,부생가스,18,312
2023-11-01,부생가스,19,298
2023-11-01,부생가스,20,301
2023-11-01,부생가스,21,305
2023-11-01,부생가스,22,308
2023-11-01,부생가스,23,123
2023-11-01,부생가스,24,79
2023-11-01,수력,1,166
2023-11-01,수력,2,106
2023-11-01,수력,3,103
2023-11-01,수력,4,99
2023-11-01,수력,5,97
2023-11-01,수력,6,95
2023-11-01,수력,7,96
2023-11-01,수력,8,142
2023-11-01,수력,9,444
2023-11-01,수력,10,469
2023-11-01,수력,11,526
2023-11-01,수력,12,471
2023-11-01,수력,13,241
2023-11-01,수력,14,427
2023-11-01,수력,15,412
2023-11-01,수력,16,538
2023-11-01,수력,17,409
2023-11-01,수력,18,375
2023-11-01,수력,19,320
2023-11-01,수력,20,264
2023-11-01,수력,21,230
2023-11-01,수력,22,204
2023-11-01,수력,23,210
2023-11-01,수력,24,202
2023-11-01,양수,1,308
2023-11-01,양수,2,0
2023-11-01,양수,3,0
2023-11-01,양수,4,0
2023-11-01,양수,5,0
2023-11-01,양수,6,0
2023-11-01,양수,7,0
2023-11-01,양수,8,0
2023-11-01,양수,9,0
2023-11-01,양수,10,0
2023-11-01,양수,11,0
2023-11-01,양수,12,0
2023-11-01,양수,13,0
2023-11-01,양수,14,0
2023-11-01,양수,15,0
2023-11-01,양수,16,62
2023-11-01,양수,17,197
2023-11-01,양수,18,1012
2023-11-01,양수,19,2049
2023-11-01,양수,20,2139
2023-11-01,양수,21,2145
2023-11-01,양수,22,1450
2023-11-01,양수,23,920
2023-11-01,양수,24,72
2023-11-01,매립가스,1,28
2023-11-01,매립가스,2,28
2023-11-01,매립가스,3,28
2023-11-01,매립가스,4,28
2023-11-01,매립가스,5,28
2023-11-01,매립가스,6,28
2023-11-01,매립가스,7,29
2023-11-01,매립가스,8,29
2023-11-01,매립가스,9,28
2023-11-01,매립가스,10,28
2023-11-01,매립가스,11,27
2023-11-01,매립가스,12,27
2023-11-01,매립가스,13,28
2023-11-01,매립가스,14,28
2023-11-01,매립가스,15,28
2023-11-01,매립가스,16,28
2023-11-01,매립가스,17,28
2023-11-01,매립가스,18,28
2023-11-01,매립가스,19,28
2023-11-01,매립가스,20,29
2023-11-01,매립가스,21,29
2023-11-01,매립가스,22,28
2023-11-01,매립가스,23,28
2023-11-01,매립가스,24,28
2023-11-01,중유,1,17
2023-11-01,중유,2,17
2023-11-01,중유,3,16
2023-11-01,중유,4,16
2023-11-01,중유,5,17
2023-11-01,중유,6,17
2023-11-01,중유,7,16
2023-11-01,중유,8,17
2023-11-01,중유,9,17
2023-11-01,중유,10,17
2023-11-01,중유,11,17
2023-11-01,중유,12,16
2023-11-01,중유,13,5
2023-11-01,중유,14,5
2023-11-01,중유,15,5
2023-11-01,중유,16,5
2023-11-01,중유,17,5
2023-11-01,중유,18,5
2023-11-01,중유,19,5
2023-11-01,중유,20,5
2023-11-01,중유,21,6
2023-11-01,중유,22,5
2023-11-01,중유,23,5
2023-11-01,중유,24,5
2023-11-01,태양광,1,5
2023-11-01,태양광,2,1
2023-11-01,태양광,3,0
2023-11-01,태양광,4,0
2023-11-01,태양광,5,0
2023-11-01,태양광,6,0
2023-11-01,태양광,7,1
2023-11-01,태양광,8,228
2023-11-01,태양광,9,1103
2023-11-01,태양광,10,2044
2023-11-01,태양광,11,2657
2023-11-01,태양광,12,3114
2023-11-01,태양광,13,3337
2023-11-01,태양광,14,3263
2023-11-01,태양광,15,2891
2023-11-01,태양광,16,2054
2023-11-01,태양광,17,1343
2023-11-01,태양광,18,770
2023-11-01,태양광,19,768
2023-11-01,태양광,20,678
2023-11-01,태양광,21,441
2023-11-01,태양광,22,152
2023-11-01,태양광,23,58
2023-11-01,태양광,24,15
2023-11-01,폐기물,1,136
2023-11-01,폐기물,2,134
2023-11-01,폐기물,3,134
2023-11-01,폐기물,4,137
2023-11-01,폐기물,5,140
2023-11-01,폐기물,6,139
2023-11-01,폐기물,7,137
2023-11-01,폐기물,8,134
2023-11-01,폐기물,9,134
2023-11-01,폐기물,10,134
2023-11-01,폐기물,11,136
2023-11-01,폐기물,12,133
2023-11-01,폐기물,13,135
2023-11-01,폐기물,14,136
2023-11-01,폐기물,15,134
2023-11-01,폐기물,16,132
2023-11-01,폐기물,17,130
2023-11-01,폐기물,18,122
2023-11-01,폐기물,19,121
2023-11-01,폐기물,20,122
2023-11-01,폐기물,21,121
2023-11-01,폐기물,22,119
2023-11-01,폐기물,23,119
2023-11-01,폐기물,24,117
2023-11-01,풍력,1,619
2023-11-01,풍력,2,656
2023-11-01,풍력,3,637
2023-11-01,풍력,4,681
2023-11-01,풍력,5,732
2023-11-01,풍력,6,722
2023-11-01,풍력,7,715
2023-11-01,풍력,8,721
2023-11-01,풍력,9,699
2023-11-01,풍력,10,629
2023-11-01,풍력,11,627
2023-11-01,풍력,12,602
2023-11-01,풍력,13,584
2023-11-01,풍력,14,559
2023-11-01,풍력,15,557
2023-11-01,풍력,16,613
2023-11-01,풍력,17,592
2023-11-01,풍력,18,629
2023-11-01,풍력,19,717
2023-11-01,풍력,20,782
2023-11-01,풍력,21,833
2023-11-01,풍력,22,791
2023-11-01,풍력,23,785
2023-11-01,풍력,24,792
2023-11-01,LNG,1,11043
2023-11-01,LNG,2,9923
2023-11-01,LNG,3,9680
2023-11-01,LNG,4,9659
2023-11-01,LNG,5,9843
2023-11-01,LNG,6,10855
2023-11-01,LNG,7,12612
2023-11-01,LNG,8,15408
2023-11-01,LNG,9,16906
2023-11-01,LNG,10,17278
2023-11-01,LNG,11,16446
2023-11-01,LNG,12,16290
2023-11-01,LNG,13,15656
2023-11-01,LNG,14,16131
2023-11-01,LNG,15,17344
2023-11-01,LNG,16,18611
2023-11-01,LNG,17,19793
2023-11-01,LNG,18,19728
2023-11-01,LNG,19,18724
2023-11-01,LNG,20,17516
2023-11-01,LNG,21,15895
2023-11-01,LNG,22,15181
2023-11-01,LNG,23,15086
2023-11-01,LNG,24,14079
2023-11-01,연료전지,1,813
2023-11-01,연료전지,2,813
2023-11-01,연료전지,3,814
2023-11-01,연료전지,4,815
2023-11-01,연료전지,5,815
2023-11-01,연료전지,6,815
2023-11-01,연료전지,7,816
2023-11-01,연료전지,8,815
2023-11-01,연료전지,9,815
2023-11-01,연료전지,10,815
2023-11-01,연료전지,11,815
2023-11-01,연료전지,12,814
2023-11-01,연료전지,13,811
2023-11-01,연료전지,14,811
2023-11-01,연료전지,15,813
2023-11-01,연료전지,16,817
2023-11-01,연료전지,17,820
2023-11-01,연료전지,18,822
2023-11-01,연료전지,19,822
2023-11-01,연료전지,20,823
2023-11-01,연료전지,21,823
2023-11-01,연료전지,22,824
2023-11-01,연료전지,23,824
2023-11-01,연료전지,24,825
2023-11-01,경유,1,0
2023-11-01,경유,2,0
2023-11-01,경유,3,0
2023-11-01,경유,4,0
2023-11-01,경유,5,0
2023-11-01,경유,6,0
2023-11-01,경유,7,0
2023-11-01,경유,8,0
2023-11-01,경유,9,0
2023-11-01,경유,10,0
2023-11-01,경유,11,0
2023-11-01,경유,12,0
2023-11-01,경유,13,0
2023-11-01,경유,14,0
2023-11-01,경유,15,0
2023-11-01,경유,16,0
2023-11-01,경유,17,0
2023-11-01,경유,18,0
2023-11-01,경유,19,0
2023-11-01,경유,20,0
2023-11-01,경유,21,0
2023-11-01,경유,22,0
2023-11-01,경유,23,0
2023-11-01,경유,24,0
2023-11-01,해양에너지,1,0
2023-11-01,해양에너지,2,0
2023-11-01,해양에너지,3,0
2023-11-01,해양에너지,4,42
2023-11-01,해양에너지,5,153
2023-11-01,해양에너지,6,198
2023-11-01,해양에너지,7,195
2023-11-01,해양에너지,8,141
2023-11-01,해양에너지,9,50
2023-11-01,해양에너지,10,0
2023-11-01,해양에너지,11,0
2023-11-01,해양에너지,12,0
2023-11-01,해양에너지,13,0
2023-11-01,해양에너지,14,0
2023-11-01,해양에너지,15,0
2023-11-01,해양에너지,16,39
2023-11-01,해양에너지,17,178
2023-11-01,해양에너지,18,235
2023-11-01,해양에너지,19,246
2023-11-01,해양에너지,20,231
2023-11-01,해양에너지,21,160
2023-11-01,해양에너지,22,70
2023-11-01,해양에너지,23,3
2023-11-01,해양에너지,24,0
2023-11-01,바이오매스,1,822
2023-11-01,바이오매스,2,823
2023-11-01,바이오매스,3,822
2023-11-01,바이오매스,4,821
2023-11-01,바이오매스,5,817
2023-11-01,바이오매스,6,817
2023-11-01,바이오매스,7,819
2023-11-01,바이오매스,8,817
2023-11-01,바이오매스,9,818
2023-11-01,바이오매스,10,818
2023-11-01,바이오매스,11,817
2023-11-01,바이오매스,12,818
2023-11-01,바이오매스,13,817
2023-11-01,바이오매스,14,819
2023-11-01,바이오매스,15,817
2023-11-01,바이오매스,16,815
2023-11-01,바이오매스,17,816
2023-11-01,바이오매스,18,814
2023-11-01,바이오매스,19,816
2023-11-01,바이오매스,20,816
2023-11-01,바이오매스,21,817
2023-11-01,바이오매스,22,818
2023-11-01,바이오매스,23,816
2023-11-01,바이오매스,24,818
2023-11-01,IGCC,1,268
2023-11-01,IGCC,2,266
2023-11-01,IGCC,3,264
2023-11-01,IGCC,4,264
2023-11-01,IGCC,5,264
2023-11-01,IGCC,6,262
2023-11-01,IGCC,7,262
2023-11-01,IGCC,8,262
2023-11-01,IGCC,9,262
2023-11-01,IGCC,10,263
2023-11-01,IGCC,11,261
2023-11-01,IGCC,12,262
2023-11-01,IGCC,13,263
2023-11-01,IGCC,14,265
2023-11-01,IGCC,15,264
2023-11-01,IGCC,16,267
2023-11-01,IGCC,17,266
2023-11-01,IGCC,18,266
2023-11-01,IGCC,19,264
2023-11-01,IGCC,20,264
2023-11-01,IGCC,21,264
2023-11-01,IGCC,22,263
2023-11-01,IGCC,23,261
2023-11-01,IGCC,24,263
2023-11-01,바이오중유,1,205
2023-11-01,바이오중유,2,205
2023-11-01,바이오중유,3,205
2023-11-01,바이오중유,4,205
2023-11-01,바이오중유,5,205
2023-11-01,바이오중유,6,205
2023-11-01,바이오중유,7,205
2023-11-01,바이오중유,8,205
2023-11-01,바이오중유,9,205
2023-11-01,바이오중유,10,172
2023-11-01,바이오중유,11,132
2023-11-01,바이오중유,12,134
2023-11-01,바이오중유,13,154
2023-11-01,바이오중유,14,154
2023-11-01,바이오중유,15,154
2023-11-01,바이오중유,16,186
2023-11-01,바이오중유,17,205
2023-11-01,바이오중유,18,210
2023-11-01,바이오중유,19,213
2023-11-01,바이오중유,20,213
2023-11-01,바이오중유,21,206
2023-11-01,바이오중유,22,205
2023-11-01,바이오중유,23,205
2023-11-01,바이오중유,24,205
2023-11-01,바이오기타,1,2
2023-11-01,바이오기타,2,2
2023-11-01,바이오기타,3,2
2023-11-01,바이오기타,4,2
2023-11-01,바이오기타,5,3
2023-11-01,바이오기타,6,3
2023-11-01,바이오기타,7,2
2023-11-01,바이오기타,8,2
2023-11-01,바이오기타,9,2
2023-11-01,바이오기타,10,2
2023-11-01,바이오기타,11,2
2023-11-01,바이오기타,12,1
2023-11-01,바이오기타,13,2
2023-11-01,바이오기타,14,2
2023-11-01,바이오기타,15,2
2023-11-01,바이오기타,16,2
2023-11-01,바이오기타,17,1
2023-11-01,바이오기타,18,3
2023-11-01,바이오기타,19,2
2023-11-01,바이오기타,20,2
2023-11-01,바이오기타,21,2
2023-11-01,바이오기타,22,2
2023-11-01,바이오기타,23,2
2023-11-01,바이오기타,24,2
2023-11-01,기타,1,17
2023-11-01,기타,2,17
2023-11-01,기타,3,17
2023-11-01,기타,4,17
2023-11-01,기타,5,17
2023-11-01,기타,6,17
2023-11-01,기타,7,17
2023-11-01,기타,8,17
2023-11-01,기타,9,17
2023-11-01,기타,10,17
2023-11-01,기타,11,17
2023-11-01,기타,12,17
2023-11-01,기타,13,17
2023-11-01,기타,14,17
2023-11-01,기타,15,17
2023-11-01,기타,16,17
2023-11-01,기타,17,17
2023-11-01,기타,18,17
2023-11-01,기타,19,17
2023-11-01,기타,20,17
2023-11-01,기타,21,17
2023-11-01,기타,22,17
2023-11-01,기타,23,17
2023-11-01,기타,24,17
2023-11-02,원자력,1,20891
2023-11-02,원자력,2,20895
2023-11-02,원자력,3,20893
2023-11-02,원자력,4,20897
2023-11-02,원자력,5,20895
2023-11-02,원자력,6,20887
2023-11-02,원자력,7,20887
2023-11-02,원자력,8,20888
2023-11-02,원자력,9,20885
2023-11-02,원자력,10,20882
2023-11-02,원자력,11,20887
2023-11-02,원자력,12,20894
2023-11-02,원자력,13,20888
2023-11-02,원자력,14,20888
2023-11-02,원자력,15,20882
2023-11-02,원자력,16,20879
2023-11-02,원자력,17,20879
2023-11-02,원자력,18,20882
2023-11-02,원자력,19,20882
2023-11-02,원자력,20,20882
2023-11-02,원자력,21,20884
2023-11-02,원자력,22,20886
2023-11-02,원자력,23,20887
2023-11-02,원자력,24,20891
2023-11-02,유연탄,1,19820
2023-11-02,유연탄,2,19190
2023-11-02,유연탄,3,19279
2023-11-02,유연탄,4,19122
2023-11-02,유연탄,5,19190
2023-11-02,유연탄,6,19278
2023-11-02,유연탄,7,19288
2023-11-02,유연탄,8,19220
2023-11-02,유연탄,9,18891
2023-11-02,유연탄,10,17433
2023-11-02,유연탄,11,15779
2023-11-02,유연탄,12,15159
2023-11-02,유연탄,13,15010
2023-11-02,유연탄,14,16201
2023-11-02,유연탄,15,17693
2023-11-02,유연탄,16,18140
2023-11-02,유연탄,17,18868
2023-11-02,유연탄,18,19224
2023-11-02,유연탄,19,19476
2023-11-02,유연탄,20,19424
2023-11-02,유연탄,21,19300
2023-11-02,유연탄,22,19311
2023-11-02,유연탄,23,19339
2023-11-02,유연탄,24,19341
2023-11-02,무연탄,1,163
2023-11-02,무연탄,2,167
2023-11-02,무연탄,3,162
2023-11-02,무연탄,4,162
2023-11-02,무연탄,5,164
2023-11-02,무연탄,6,167
2023-11-02,무연탄,7,168
2023-11-02,무연탄,8,167
2023-11-02,무연탄,9,167
2023-11-02,무연탄,10,168
2023-11-02,무연탄,11,168
2023-11-02,무연탄,12,168
2023-11-02,무연탄,13,168
2023-11-02,무연탄,14,162
2023-11-02,무연탄,15,157
2023-11-02,무연탄,16,160
2023-11-02,무연탄,17,163
2023-11-02,무연탄,18,166
2023-11-02,무연탄,19,167
2023-11-02,무연탄,20,166
2023-11-02,무연탄,21,166
2023-11-02,무연탄,22,167
2023-11-02,무연탄,23,167
2023-11-02,무연탄,24,168
2023-11-02,바이오가스,1,35
2023-11-02,바이오가스,2,35
2023-11-02,바이오가스,3,34
2023-11-02,바이오가스,4,35
2023-11-02,바이오가스,5,35
2023-11-02,바이오가스,6,34
2023-11-02,바이오가스,7,35
2023-11-02,바이오가스,8,35
2023-11-02,바이오가스,9,35
2023-11-02,바이오가스,10,33
2023-11-02,바이오가스,11,32
2023-11-02,바이오가스,12,32
2023-11-02,바이오가스,13,33
2023-11-02,바이오가스,14,34
2023-11-02,바이오가스,15,36
2023-11-02,바이오가스,16,35
2023-11-02,바이오가스,17,36
2023-11-02,바이오가스,18,35
2023-11-02,바이오가스,19,31
2023-11-02,바이오가스,20,32
2023-11-02,바이오가스,21,33
2023-11-02,바이오가스,22,32
2023-11-02,바이오가스,23,35
2023-11-02,바이오가스,24,36
2023-11-02,부생가스,1,80
2023-11-02,부생가스,2,81
2023-11-02,부생가스,3,81
2023-11-02,부생가스,4,82
2023-11-02,부생가스,5,82
2023-11-02,부생가스,6,82
2023-11-02,부생가스,7,82
2023-11-02,부생가스,8,89
2023-11-02,부생가스,9,109
2023-11-02,부생가스,10,114
2023-11-02,부생가스,11,128
2023-11-02,부생가스,12,101
2023-11-02,부생가스,13,130
2023-11-02,부생가스,14,105
2023-11-02,부생가스,15,87
2023-11-02,부생가스,16,115
2023-11-02,부생가스,17,132
2023-11-02,부생가스,18,90
2023-11-02,부생가스,19,80
2023-11-02,부생가스,20,81
2023-11-02,부생가스,21,79
2023-11-02,부생가스,22,87
2023-11-02,부생가스,23,79
2023-11-02,부생가스,24,78
2023-11-02,수력,1,186
2023-11-02,수력,2,106
2023-11-02,수력,3,104
2023-11-02,수력,4,101
2023-11-02,수력,5,98
2023-11-02,수력,6,97
2023-11-02,수력,7,97
2023-11-02,수력,8,133
2023-11-02,수력,9,466
2023-11-02,수력,10,461
2023-11-02,수력,11,522
2023-11-02,수력,12,498
2023-11-02,수력,13,257
2023-11-02,수력,14,440
2023-11-02,수력,15,430
2023-11-02,수력,16,364
2023-11-02,수력,17,334
2023-11-02,수력,18,294
2023-11-02,수력,19,266
2023-11-02,수력,20,257
2023-11-02,수력,21,200
2023-11-02,수력,22,255
2023-11-02,수력,23,253
2023-11-02,수력,24,208
2023-11-02,양수,1,0
2023-11-02,양수,2,0
2023-11-02,양수,3,0
2023-11-02,양수,4,0
2023-11-02,양수,5,0
2023-11-02,양수,6,0
2023-11-02,양수,7,0
2023-11-02,양수,8,0
2023-11-02,양수,9,0
2023-11-02,양수,10,0
2023-11-02,양수,11,0
2023-11-02,양수,12,0
2023-11-02,양수,13,0
2023-11-02,양수,14,0
2023-11-02,양수,15,0
2023-11-02,양수,16,201
2023-11-02,양수,17,434
2023-11-02,양수,18,1310
2023-11-02,양수,19,1728
2023-11-02,양수,20,1697
2023-11-02,양수,21,1365
2023-11-02,양수,22,1026
2023-11-02,양수,23,968
2023-11-02,양수,24,158
2023-11-02,매립가스,1,28
2023-11-02,매립가스,2,28
2023-11-02,매립가스,3,28
2023-11-02,매립가스,4,28
2023-11-02,매립가스,5,28
2023-11-02,매립가스,6,29
2023-11-02,매립가스,7,29
2023-11-02,매립가스,8,29
2023-11-02,매립가스,9,29
2023-11-02,매립가스,10,29
2023-11-02,매립가스,11,28
2023-11-02,매립가스,12,29
2023-11-02,매립가스,13,29
2023-11-02,매립가스,14,28
2023-11-02,매립가스,15,28
2023-11-02,매립가스,16,29
2023-11-02,매립가스,17,29
2023-11-02,매립가스,18,29
2023-11-02,매립가스,19,29
2023-11-02,매립가스,20,29
2023-11-02,매립가스,21,30
2023-11-02,매립가스,22,29
2023-11-02,매립가스,23,29
2023-11-02,매립가스,24,29
2023-11-02,중유,1,5
2023-11-02,중유,2,5
2023-11-02,중유,3,5
2023-11-02,중유,4,5
2023-11-02,중유,5,6
2023-11-02,중유,6,6
2023-11-02,중유,7,6
2023-11-02,중유,8,6
2023-11-02,중유,9,6
2023-11-02,중유,10,6
2023-11-02,중유,11,6
2023-11-02,중유,12,6
2023-11-02,중유,13,5
2023-11-02,중유,14,5
2023-11-02,중유,15,6
2023-11-02,중유,16,6
2023-11-02,중유,17,5
2023-11-02,중유,18,5
2023-11-02,중유,19,5
2023-11-02,중유,20,6
2023-11-02,중유,21,5
2023-11-02,중유,22,5
2023-11-02,중유,23,6
2023-11-02,중유,24,6
2023-11-02,태양광,1,3
2023-11-02,태양광,2,1
2023-11-02,태양광,3,0
2023-11-02,태양광,4,0
2023-11-02,태양광,5,0
2023-11-02,태양광,6,0
2023-11-02,태양광,7,1
2023-11-02,태양광,8,238
2023-11-02,태양광,9,1265
2023-11-02,태양광,10,2523
2023-11-02,태양광,11,3400
2023-11-02,태양광,12,4046
2023-11-02,태양광,13,4382
2023-11-02,태양광,14,4367
2023-11-02,태양광,15,3997
2023-11-02,태양광,16,2882
2023-11-02,태양광,17,1669
2023-11-02,태양광,18,864
2023-11-02,태양광,19,904
2023-11-02,태양광,20,845
2023-11-02,태양광,21,560
2023-11-02,태양광,22,217
2023-11-02,태양광,23,92
2023-11-02,태양광,24,25
2023-11-02,폐기물,1,117
2023-11-02,폐기물,2,118
2023-11-02,폐기물,3,115
2023-11-02,폐기물,4,116
2023-11-02,폐기물,5,117
2023-11-02,폐기물,6,117
2023-11-02,폐기물,7,116
2023-11-02,폐기물,8,114
2023-11-02,폐기물,9,113
2023-11-02,폐기물,10,113
2023-11-02,폐기물,11,112
2023-11-02,폐기물,12,111
2023-11-02,폐기물,13,114
2023-11-02,폐기물,14,113
2023-11-02,폐기물,15,115
2023-11-02,폐기물,16,117
2023-11-02,폐기물,17,118
2023-11-02,폐기물,18,120
2023-11-02,폐기물,19,121
2023-11-02,폐기물,20,122
2023-11-02,폐기물,21,119
2023-11-02,폐기물,22,119
2023-11-02,폐기물,23,118
2023-11-02,폐기물,24,119
2023-11-02,풍력,1,747
2023-11-02,풍력,2,705
2023-11-02,풍력,3,789
2023-11-02,풍력,4,804
2023-11-02,풍력,5,753
2023-11-02,풍력,6,619
2023-11-02,풍력,7,596
2023-11-02,풍력,8,595
2023-11-02,풍력,9,580
2023-11-02,풍력,10,542
2023-11-02,풍력,11,525
2023-11-02,풍력,12,561
2023-11-02,풍력,13,568
2023-11-02,풍력,14,574
2023-11-02,풍력,15,567
2023-11-02,풍력,16,557
2023-11-02,풍력,17,578
2023-11-02,풍력,18,606
2023-11-02,풍력,19,689
2023-11-02,풍력,20,744
2023-11-02,풍력,21,774
2023-11-02,풍력,22,724
2023-11-02,풍력,23,730
2023-11-02,풍력,24,756
2023-11-02,LNG,1,10970
2023-11-02,LNG,2,10066
2023-11-02,LNG,3,9324
2023-11-02,LNG,4,9350
2023-11-02,LNG,5,9552
2023-11-02,LNG,6,10516
2023-11-02,LNG,7,12776
2023-11-02,LNG,8,15912
2023-11-02,LNG,9,17236
2023-11-02,LNG,10,17252
2023-11-02,LNG,11,16347
2023-11-02,LNG,12,14964
2023-11-02,LNG,13,13597
2023-11-02,LNG,14,14480
2023-11-02,LNG,15,15760
2023-11-02,LNG,16,17703
2023-11-02,LNG,17,20495
2023-11-02,LNG,18,20960
2023-11-02,LNG,19,20487
2023-11-02,LNG,20,18972
2023-11-02,LNG,21,17406
2023-11-02,LNG,22,15989
2023-11-02,LNG,23,15432
2023-11-02,LNG,24,14519
2023-11-02,연료전지,1,826
2023-11-02,연료전지,2,827
2023-11-02,연료전지,3,829
2023-11-02,연료전지,4,829
2023-11-02,연료전지,5,829
2023-11-02,연료전지,6,830
2023-11-02,연료전지,7,830
2023-11-02,연료전지,8,831
2023-11-02,연료전지,9,831
2023-11-02,연료전지,10,830
2023-11-02,연료전지,11,829
2023-11-02,연료전지,12,829
2023-11-02,연료전지,13,829
2023-11-02,연료전지,14,828
2023-11-02,연료전지,15,827
2023-11-02,연료전지,16,827
2023-11-02,연료전지,17,828
2023-11-02,연료전지,18,829
2023-11-02,연료전지,19,830
2023-11-02,연료전지,20,831
2023-11-02,연료전지,21,831
2023-11-02,연료전지,22,832
2023-11-02,연료전지,23,830
2023-11-02,연료전지,24,830
2023-11-02,경유,1,0
2023-11-02,경유,2,0
2023-11-02,경유,3,0
2023-11-02,경유,4,0
2023-11-02,경유,5,0
2023-11-02,경유,6,0
2023-11-02,경유,7,0
2023-11-02,경유,8,0
2023-11-02,경유,9,0
2023-11-02,경유,10,0
2023-11-02,경유,11,0
2023-11-02,경유,12,0
2023-11-02,경유,13,0
2023-11-02,경유,14,0
2023-11-02,경유,15,0
2023-11-02,경유,16,0
2023-11-02,경유,17,0
2023-11-02,경유,18,0
2023-11-02,경유,19,0
2023-11-02,경유,20,0
2023-11-02,경유,21,0
2023-11-02,경유,22,0
2023-11-02,경유,23,0
2023-11-02,경유,24,0
2023-11-02,해양에너지,1,0
2023-11-02,해양에너지,2,0
2023-11-02,해양에너지,3,0
2023-11-02,해양에너지,4,0
2023-11-02,해양에너지,5,55
2023-11-02,해양에너지,6,151
2023-11-02,해양에너지,7,169
2023-11-02,해양에너지,8,146
2023-11-02,해양에너지,9,86
2023-11-02,해양에너지,10,0
2023-11-02,해양에너지,11,0
2023-11-02,해양에너지,12,0
2023-11-02,해양에너지,13,0
2023-11-02,해양에너지,14,0
2023-11-02,해양에너지,15,0
2023-11-02,해양에너지,16,0
2023-11-02,해양에너지,17,58
2023-11-02,해양에너지,18,191
2023-11-02,해양에너지,19,227
2023-11-02,해양에너지,20,227
2023-11-02,해양에너지,21,188
2023-11-02,해양에너지,22,115
2023-11-02,해양에너지,23,14
2023-11-02,해양에너지,24,0
2023-11-02,바이오매스,1,820
2023-11-02,바이오매스,2,819
2023-11-02,바이오매스,3,821
2023-11-02,바이오매스,4,818
2023-11-02,바이오매스,5,819
2023-11-02,바이오매스,6,817
2023-11-02,바이오매스,7,816
2023-11-02,바이오매스,8,817
2023-11-02,바이오매스,9,817
2023-11-02,바이오매스,10,818
2023-11-02,바이오매스,11,816
2023-11-02,바이오매스,12,818
2023-11-02,바이오매스,13,814
2023-11-02,바이오매스,14,816
2023-11-02,바이오매스,15,815
2023-11-02,바이오매스,16,810
2023-11-02,바이오매스,17,815
2023-11-02,바이오매스,18,814
2023-11-02,바이오매스,19,816
2023-11-02,바이오매스,20,818
2023-11-02,바이오매스,21,817
2023-11-02,바이오매스,22,812
2023-11-02,바이오매스,23,817
2023-11-02,바이오매스,24,819
2023-11-02,IGCC,1,264
2023-11-02,IGCC,2,263
2023-11-02,IGCC,3,261
2023-11-02,IGCC,4,263
2023-11-02,IGCC,5,263
2023-11-02,IGCC,6,262
2023-11-02,IGCC,7,261
2023-11-02,IGCC,8,262
2023-11-02,IGCC,9,264
2023-11-02,IGCC,10,265
2023-11-02,IGCC,11,265
2023-11-02,IGCC,12,266
2023-11-02,IGCC,13,268
2023-11-02,IGCC,14,268
2023-11-02,IGCC,15,266
2023-11-02,IGCC,16,265
2023-11-02,IGCC,17,264
2023-11-02,IGCC,18,263
2023-11-02,IGCC,19,262
2023-11-02,IGCC,20,262
2023-11-02,IGCC,21,263
2023-11-02,IGCC,22,262
2023-11-02,IGCC,23,262
2023-11-02,IGCC,24,262
2023-11-02,바이오중유,1,205
2023-11-02,바이오중유,2,205
2023-11-02,바이오중유,3,205
2023-11-02,바이오중유,4,205
2023-11-02,바이오중유,5,205
2023-11-02,바이오중유,6,205
2023-11-02,바이오중유,7,205
2023-11-02,바이오중유,8,205
2023-11-02,바이오중유,9,205
2023-11-02,바이오중유,10,190
2023-11-02,바이오중유,11,132
2023-11-02,바이오중유,12,132
2023-11-02,바이오중유,13,132
2023-11-02,바이오중유,14,132
2023-11-02,바이오중유,15,134
2023-11-02,바이오중유,16,181
2023-11-02,바이오중유,17,204
2023-11-02,바이오중유,18,205
2023-11-02,바이오중유,19,205
2023-11-02,바이오중유,20,205
2023-11-02,바이오중유,21,205
2023-11-02,바이오중유,22,205
2023-11-02,바이오중유,23,206
2023-11-02,바이오중유,24,206
2023-11-02,바이오기타,1,2
2023-11-02,바이오기타,2,2
2023-11-02,바이오기타,3,2
2023-11-02,바이오기타,4,2
2023-11-02,바이오기타,5,2
2023-11-02,바이오기타,6,3
2023-11-02,바이오기타,7,3
2023-11-02,바이오기타,8,3
2023-11-02,바이오기타,9,3
2023-11-02,바이오기타,10,3
2023-11-02,바이오기타,11,2
2023-11-02,바이오기타,12,1
2023-11-02,바이오기타,13,1
2023-11-02,바이오기타,14,2
2023-11-02,바이오기타,15,2
2023-11-02,바이오기타,16,1
2023-11-02,바이오기타,17,2
2023-11-02,바이오기타,18,2
2023-11-02,바이오기타,19,2
2023-11-02,바이오기타,20,2
2023-11-02,바이오기타,21,2
2023-11-02,바이오기타,22,3
2023-11-02,바이오기타,23,3
2023-11-02,바이오기타,24,3
2023-11-02,기타,1,16
2023-11-02,기타,2,16
2023-11-02,기타,3,17
2023-11-02,기타,4,17
2023-11-02,기타,5,17
2023-11-02,기타,6,17
2023-11-02,기타,7,17
2023-11-02,기타,8,17
2023-11-02,기타,9,16
2023-11-02,기타,10,16
2023-11-02,기타,11,16
2023-11-02,기타,12,16
2023-11-02,기타,13,16
2023-11-02,기타,14,16
2023-11-02,기타,15,17
2023-11-02,기타,16,16
2023-11-02,기타,17,17
2023-11-02,기타,18,16
2023-11-02,기타,19,17
2023-11-02,기타,20,17
2023-11-02,기타,21,17
2023-11-02,기타,22,17
2023-11-02,기타,23,17
2023-11-02,기타,24,17
2023-11-03,원자력,1,20895
2023-11-03,원자력,2,20895
2023-11-03,원자력,3,20897
2023-11-03,원자력,4,20897
2023-11-03,원자력,5,20893
2023-11-03,원자력,6,20891
2023-11-03,원자력,7,20890
2023-11-03,원자력,8,20891
2023-11-03,원자력,9,20889
2023-11-03,원자력,10,20890
2023-11-03,원자력,11,20889
2023-11-03,원자력,12,20890
2023-11-03,원자력,13,20887
2023-11-03,원자력,14,20886
2023-11-03,원자력,15,20886
2023-11-03,원자력,16,20882
2023-11-03,원자력,17,20878
2023-11-03,원자력,18,20877
2023-11-03,원자력,19,20877
2023-11-03,원자력,20,20884
2023-11-03,원자력,21,20885
2023-11-03,원자력,22,20887
2023-11-03,원자력,23,20890
2023-11-03,원자력,24,20891
2023-11-03,유연탄,1,19134
2023-11-03,유연탄,2,19087
2023-11-03,유연탄,3,18612
2023-11-03,유연탄,4,18502
2023-11-03,유연탄,5,18562
2023-11-03,유연탄,6,18802
2023-11-03,유연탄,7,18395
2023-11-03,유연탄,8,18294
2023-11-03,유연탄,9,18488
2023-11-03,유연탄,10,17816
2023-11-03,유연탄,11,17259
2023-11-03,유연탄,12,17244
2023-11-03,유연탄,13,16705
2023-11-03,유연탄,14,17674
2023-11-03,유연탄,15,18566
2023-11-03,유연탄,16,19279
2023-11-03,유연탄,17,19399
2023-11-03,유연탄,18,19350
2023-11-03,유연탄,19,18869
2023-11-03,유연탄,20,18423
2023-11-03,유연탄,21,18285
2023-11-03,유연탄,22,19368
2023-11-03,유연탄,23,19464
2023-11-03,유연탄,24,19594
2023-11-03,무연탄,1,167
2023-11-03,무연탄,2,167
2023-11-03,무연탄,3,167
2023-11-03,무연탄,4,158
2023-11-03,무연탄,5,157
2023-11-03,무연탄,6,156
2023-11-03,무연탄,7,156
2023-11-03,무연탄,8,155
2023-11-03,무연탄,9,152
2023-11-03,무연탄,10,151
2023-11-03,무연탄,11,157
2023-11-03,무연탄,12,168
2023-11-03,무연탄,13,169
2023-11-03,무연탄,14,160
2023-11-03,무연탄,15,156
2023-11-03,무연탄,16,157
2023-11-03,무연탄,17,166
2023-11-03,무연탄,18,168
2023-11-03,무연탄,19,162
2023-11-03,무연탄,20,161
2023-11-03,무연탄,21,163
2023-11-03,무연탄,22,162
2023-11-03,무연탄,23,161
2023-11-03,무연탄,24,163
2023-11-03,바이오가스,1,35
2023-11-03,바이오가스,2,36
2023-11-03,바이오가스,3,36
2023-11-03,바이오가스,4,36
2023-11-03,바이오가스,5,35
2023-11-03,바이오가스,6,35
2023-11-03,바이오가스,7,35
2023-11-03,바이오가스,8,35
2023-11-03,바이오가스,9,35
2023-11-03,바이오가스,10,32
2023-11-03,바이오가스,11,32
2023-11-03,바이오가스,12,31
2023-11-03,바이오가스,13,32
2023-11-03,바이오가스,14,33
2023-11-03,바이오가스,15,32
2023-11-03,바이오가스,16,33
2023-11-03,바이오가스,17,35
2023-11-03,바이오가스,18,35
2023-11-03,바이오가스,19,35
2023-11-03,바이오가스,20,35
2023-11-03,바이오가스,21,35
2023-11-03,바이오가스,22,35
2023-11-03,바이오가스,23,36
2023-11-03,바이오가스,24,36
2023-11-03,부생가스,1,77
2023-11-03,부생가스,2,77
2023-11-03,부생가스,3,78
2023-11-03,부생가스,4,78
2023-11-03,부생가스,5,78
2023-11-03,부생가스,6,77
2023-11-03,부생가스,7,77
2023-11-03,부생가스,8,85
2023-11-03,부생가스,9,111
2023-11-03,부생가스,10,114
2023-11-03,부생가스,11,137
2023-11-03,부생가스,12,142
2023-11-03,부생가스,13,109
2023-11-03,부생가스,14,144
2023-11-03,부생가스,15,171
2023-11-03,부생가스,16,163
2023-11-03,부생가스,17,89
2023-11-03,부생가스,18,90
2023-11-03,부생가스,19,138
2023-11-03,부생가스,20,126
2023-11-03,부생가스,21,108
2023-11-03,부생가스,22,75
2023-11-03,부생가스,23,76
2023-11-03,부생가스,24,75
2023-11-03,수력,1,179
2023-11-03,수력,2,121
2023-11-03,수력,3,119
2023-11-03,수력,4,115
2023-11-03,수력,5,115
2023-11-03,수력,6,114
2023-11-03,수력,7,114
2023-11-03,수력,8,131
2023-11-03,수력,9,461
2023-11-03,수력,10,455
2023-11-03,수력,11,515
2023-11-03,수력,12,487
2023-11-03,수력,13,263
2023-11-03,수력,14,427
2023-11-03,수력,15,439
2023-11-03,수력,16,489
2023-11-03,수력,17,371
2023-11-03,수력,18,307
2023-11-03,수력,19,293
2023-11-03,수력,20,280
2023-11-03,수력,21,249
2023-11-03,수력,22,179
2023-11-03,수력,23,228
2023-11-03,수력,24,218
2023-11-03,양수,1,0
2023-11-03,양수,2,0
2023-11-03,양수,3,0
2023-11-03,양수,4,0
2023-11-03,양수,5,0
2023-11-03,양수,6,0
2023-11-03,양수,7,0
2023-11-03,양수,8,0
2023-11-03,양수,9,0
2023-11-03,양수,10,0
2023-11-03,양수,11,0
2023-11-03,양수,12,0
2023-11-03,양수,13,0
2023-11-03,양수,14,0
2023-11-03,양수,15,0
2023-11-03,양수,16,0
2023-11-03,양수,17,0
2023-11-03,양수,18,229
2023-11-03,양수,19,1540
2023-11-03,양수,20,2191
2023-11-03,양수,21,2524
2023-11-03,양수,22,2019
2023-11-03,양수,23,1714
2023-11-03,양수,24,873
2023-11-03,매립가스,1,29
2023-11-03,매립가스,2,29
2023-11-03,매립가스,3,29
2023-11-03,매립가스,4,29
2023-11-03,매립가스,5,29
2023-11-03,매립가스,6,29
2023-11-03,매립가스,7,29
2023-11-03,매립가스,8,29
2023-11-03,매립가스,9,29
2023-11-03,매립가스,10,29
2023-11-03,매립가스,11,29
2023-11-03,매립가스,12,29
2023-11-03,매립가스,13,29
2023-11-03,매립가스,14,29
2023-11-03,매립가스,15,29
2023-11-03,매립가스,16,30
2023-11-03,매립가스,17,30
2023-11-03,매립가스,18,29
2023-11-03,매립가스,19,28
2023-11-03,매립가스,20,28
2023-11-03,매립가스,21,29
2023-11-03,매립가스,22,29
2023-11-03,매립가스,23,29
2023-11-03,매립가스,24,29
2023-11-03,중유,1,6
2023-11-03,중유,2,6
2023-11-03,중유,3,6
2023-11-03,중유,4,6
2023-11-03,중유,5,6
2023-11-03,중유,6,6
2023-11-03,중유,7,6
2023-11-03,중유,8,7
2023-11-03,중유,9,7
2023-11-03,중유,10,7
2023-11-03,중유,11,6
2023-11-03,중유,12,6
2023-11-03,중유,13,6
2023-11-03,중유,14,7
2023-11-03,중유,15,6
2023-11-03,중유,16,10
2023-11-03,중유,17,16
2023-11-03,중유,18,17
2023-11-03,중유,19,17
2023-11-03,중유,20,17
2023-11-03,중유,21,17
2023-11-03,중유,22,17
2023-11-03,중유,23,17
2023-11-03,중유,24,17
2023-11-03,태양광,1,4
2023-11-03,태양광,2,1
2023-11-03,태양광,3,0
2023-11-03,태양광,4,0
2023-11-03,태양광,5,0
2023-11-03,태양광,6,0
2023-11-03,태양광,7,1
2023-11-03,태양광,8,252
2023-11-03,태양광,9,1303
2023-11-03,태양광,10,2411
2023-11-03,태양광,11,2866
2023-11-03,태양광,12,3231
2023-11-03,태양광,13,3378
2023-11-03,태양광,14,3242
2023-11-03,태양광,15,2762
2023-11-03,태양광,16,1947
2023-11-03,태양광,17,1303
2023-11-03,태양광,18,814
2023-11-03,태양광,19,826
2023-11-03,태양광,20,707
2023-11-03,태양광,21,423
2023-11-03,태양광,22,155
2023-11-03,태양광,23,64
2023-11-03,태양광,24,16
2023-11-03,폐기물,1,120
2023-11-03,폐기물,2,124
2023-11-03,폐기물,3,127
2023-11-03,폐기물,4,141
2023-11-03,폐기물,5,142
2023-11-03,폐기물,6,144
2023-11-03,폐기물,7,142
2023-11-03,폐기물,8,139
2023-11-03,폐기물,9,139
2023-11-03,폐기물,10,142
2023-11-03,폐기물,11,140
2023-11-03,폐기물,12,140
2023-11-03,폐기물,13,138
2023-11-03,폐기물,14,137
2023-11-03,폐기물,15,138
2023-11-03,폐기물,16,139
2023-11-03,폐기물,17,141
2023-11-03,폐기물,18,146
2023-11-03,폐기물,19,144
2023-11-03,폐기물,20,147
2023-11-03,폐기물,21,146
2023-11-03,폐기물,22,144
2023-11-03,폐기물,23,142
2023-11-03,폐기물,24,143
2023-11-03,풍력,1,787
2023-11-03,풍력,2,807
2023-11-03,풍력,3,821
2023-11-03,풍력,4,833
2023-11-03,풍력,5,808
2023-11-03,풍력,6,808
2023-11-03,풍력,7,703
2023-11-03,풍력,8,723
2023-11-03,풍력,9,674
2023-11-03,풍력,10,672
2023-11-03,풍력,11,697
2023-11-03,풍력,12,653
2023-11-03,풍력,13,579
2023-11-03,풍력,14,529
2023-11-03,풍력,15,490
2023-11-03,풍력,16,379
2023-11-03,풍력,17,315
2023-11-03,풍력,18,300
2023-11-03,풍력,19,385
2023-11-03,풍력,20,395
2023-11-03,풍력,21,408
2023-11-03,풍력,22,317
2023-11-03,풍력,23,260
2023-11-03,풍력,24,272
2023-11-03,LNG,1,11223
2023-11-03,LNG,2,10004
2023-11-03,LNG,3,9793
2023-11-03,LNG,4,9799
2023-11-03,LNG,5,10085
2023-11-03,LNG,6,10943
2023-11-03,LNG,7,13150
2023-11-03,LNG,8,16107
2023-11-03,LNG,9,16918
2023-11-03,LNG,10,16316
2023-11-03,LNG,11,15490
2023-11-03,LNG,12,14327
2023-11-03,LNG,13,13652
2023-11-03,LNG,14,15409
2023-11-03,LNG,15,17069
2023-11-03,LNG,16,18855
2023-11-03,LNG,17,21071
2023-11-03,LNG,18,21551
2023-11-03,LNG,19,19938
2023-11-03,LNG,20,18542
2023-11-03,LNG,21,16630
2023-11-03,LNG,22,14956
2023-11-03,LNG,23,14658
2023-11-03,LNG,24,13636
2023-11-03,연료전지,1,831
2023-11-03,연료전지,2,831
2023-11-03,연료전지,3,831
2023-11-03,연료전지,4,831
2023-11-03,연료전지,5,831
2023-11-03,연료전지,6,832
2023-11-03,연료전지,7,832
2023-11-03,연료전지,8,832
2023-11-03,연료전지,9,832
2023-11-03,연료전지,10,831
2023-11-03,연료전지,11,831
2023-11-03,연료전지,12,831
2023-11-03,연료전지,13,831
2023-11-03,연료전지,14,831
2023-11-03,연료전지,15,831
2023-11-03,연료전지,16,832
2023-11-03,연료전지,17,833
2023-11-03,연료전지,18,833
2023-11-03,연료전지,19,834
2023-11-03,연료전지,20,834
2023-11-03,연료전지,21,835
2023-11-03,연료전지,22,835
2023-11-03,연료전지,23,836
2023-11-03,연료전지,24,837
2023-11-03,경유,1,0
2023-11-03,경유,2,0
2023-11-03,경유,3,0
2023-11-03,경유,4,0
2023-11-03,경유,5,0
2023-11-03,경유,6,0
2023-11-03,경유,7,0
2023-11-03,경유,8,0
2023-11-03,경유,9,0
2023-11-03,경유,10,0
2023-11-03,경유,11,0
2023-11-03,경유,12,0
2023-11-03,경유,13,0
2023-11-03,경유,14,0
2023-11-03,경유,15,0
2023-11-03,경유,16,0
2023-11-03,경유,17,0
2023-11-03,경유,18,0
2023-11-03,경유,19,0
2023-11-03,경유,20,0
2023-11-03,경유,21,0
2023-11-03,경유,22,0
2023-11-03,경유,23,0
2023-11-03,경유,24,0
2023-11-03,해양에너지,1,0
2023-11-03,해양에너지,2,0
2023-11-03,해양에너지,3,0
2023-11-03,해양에너지,4,0
2023-11-03,해양에너지,5,0
2023-11-03,해양에너지,6,13
2023-11-03,해양에너지,7,129
2023-11-03,해양에너지,8,127
2023-11-03,해양에너지,9,61
2023-11-03,해양에너지,10,0
2023-11-03,해양에너지,11,0
2023-11-03,해양에너지,12,0
2023-11-03,해양에너지,13,0
2023-11-03,해양에너지,14,0
2023-11-03,해양에너지,15,0
2023-11-03,해양에너지,16,0
2023-11-03,해양에너지,17,0
2023-11-03,해양에너지,18,53
2023-11-03,해양에너지,19,175
2023-11-03,해양에너지,20,194
2023-11-03,해양에너지,21,178
2023-11-03,해양에너지,22,130
2023-11-03,해양에너지,23,44
2023-11-03,해양에너지,24,0
2023-11-03,바이오매스,1,820
2023-11-03,바이오매스,2,820
2023-11-03,바이오매스,3,813
2023-11-03,바이오매스,4,811
2023-11-03,바이오매스,5,817
2023-11-03,바이오매스,6,818
2023-11-03,바이오매스,7,820
2023-11-03,바이오매스,8,815
2023-11-03,바이오매스,9,818
2023-11-03,바이오매스,10,818
2023-11-03,바이오매스,11,815
2023-11-03,바이오매스,12,815
2023-11-03,바이오매스,13,816
2023-11-03,바이오매스,14,817
2023-11-03,바이오매스,15,813
2023-11-03,바이오매스,16,813
2023-11-03,바이오매스,17,810
2023-11-03,바이오매스,18,808
2023-11-03,바이오매스,19,809
2023-11-03,바이오매스,20,807
2023-11-03,바이오매스,21,808
2023-11-03,바이오매스,22,794
2023-11-03,바이오매스,23,793
2023-11-03,바이오매스,24,783
2023-11-03,IGCC,1,262
2023-11-03,IGCC,2,261
2023-11-03,IGCC,3,260
2023-11-03,IGCC,4,263
2023-11-03,IGCC,5,265
2023-11-03,IGCC,6,266
2023-11-03,IGCC,7,266
2023-11-03,IGCC,8,267
2023-11-03,IGCC,9,267
2023-11-03,IGCC,10,265
2023-11-03,IGCC,11,264
2023-11-03,IGCC,12,264
2023-11-03,IGCC,13,263
2023-11-03,IGCC,14,263
2023-11-03,IGCC,15,261
2023-11-03,IGCC,16,262
2023-11-03,IGCC,17,263
2023-11-03,IGCC,18,264
2023-11-03,IGCC,19,262
2023-11-03,IGCC,20,263
2023-11-03,IGCC,21,264
2023-11-03,IGCC,22,264
2023-11-03,IGCC,23,264
2023-11-03,IGCC,24,268
2023-11-03,바이오중유,1,206
2023-11-03,바이오중유,2,206
2023-11-03,바이오중유,3,205
2023-11-03,바이오중유,4,205
2023-11-03,바이오중유,5,205
2023-11-03,바이오중유,6,205
2023-11-03,바이오중유,7,206
2023-11-03,바이오중유,8,210
2023-11-03,바이오중유,9,205
2023-11-03,바이오중유,10,192
2023-11-03,바이오중유,11,160
2023-11-03,바이오중유,12,132
2023-11-03,바이오중유,13,133
2023-11-03,바이오중유,14,188
2023-11-03,바이오중유,15,204
2023-11-03,바이오중유,16,204
2023-11-03,바이오중유,17,206
2023-11-03,바이오중유,18,216
2023-11-03,바이오중유,19,207
2023-11-03,바이오중유,20,204
2023-11-03,바이오중유,21,204
2023-11-03,바이오중유,22,204
2023-11-03,바이오중유,23,204
2023-11-03,바이오중유,24,205
2023-11-03,바이오기타,1,3
2023-11-03,바이오기타,2,3
2023-11-03,바이오기타,3,3
2023-11-03,바이오기타,4,3
2023-11-03,바이오기타,5,3
2023-11-03,바이오기타,6,3
2023-11-03,바이오기타,7,3
2023-11-03,바이오기타,8,3
2023-11-03,바이오기타,9,3
2023-11-03,바이오기타,10,3
2023-11-03,바이오기타,11,3
2023-11-03,바이오기타,12,3
2023-11-03,바이오기타,13,3
2023-11-03,바이오기타,14,3
2023-11-03,바이오기타,15,3
2023-11-03,바이오기타,16,3
2023-11-03,바이오기타,17,4
2023-11-03,바이오기타,18,3
2023-11-03,바이오기타,19,3
2023-11-03,바이오기타,20,3
2023-11-03,바이오기타,21,3
2023-11-03,바이오기타,22,3
2023-11-03,바이오기타,23,3
2023-11-03,바이오기타,24,3
2023-11-03,기타,1,17
2023-11-03,기타,2,17
2023-11-03,기타,3,17
2023-11-03,기타,4,17
2023-11-03,기타,5,17
2023-11-03,기타,6,17
2023-11-03,기타,7,17
2023-11-03,기타,8,16
2023-11-03,기타,9,17
2023-11-03,기타,10,17
2023-11-03,기타,11,17
2023-11-03,기타,12,17
2023-11-03,기타,13,17
2023-11-03,기타,14,16
2023-11-03,기타,15,17
2023-11-03,기타,16,17
2023-11-03,기타,17,17
2023-11-03,기타,18,17
2023-11-03,기타,19,17
2023-11-03,기타,20,17
2023-11-03,기타,21,17
2023-11-03,기타,22,17
2023-11-03,기타,23,17
2023-11-03,기타,24,17
2023-11-04,원자력,1,20891
2023-11-04,원자력,2,20893
2023-11-04,원자력,3,20889
2023-11-04,원자력,4,20886
2023-11-04,원자력,5,20886
2023-11-04,원자력,6,20887
2023-11-04,원자력,7,20888
2023-11-04,원자력,8,20887
2023-11-04,원자력,9,20884
2023-11-04,원자력,10,20880
2023-11-04,원자력,11,20878
2023-11-04,원자력,12,20878
2023-11-04,원자력,13,20878
2023-11-04,원자력,14,20873
2023-11-04,원자력,15,20872
2023-11-04,원자력,16,20869
2023-11-04,원자력,17,20868
2023-11-04,원자력,18,20868
2023-11-04,원자력,19,20869
2023-11-04,원자력,20,20868
2023-11-04,원자력,21,20869
2023-11-04,원자력,22,20868
2023-11-04,원자력,23,20873
2023-11-04,원자력,24,20874
2023-11-04,유연탄,1,19607
2023-11-04,유연탄,2,19582
2023-11-04,유연탄,3,19471
2023-11-04,유연탄,4,18918
2023-11-04,유연탄,5,18765
2023-11-04,유연탄,6,19007
2023-11-04,유연탄,7,19661
2023-11-04,유연탄,8,19213
2023-11-04,유연탄,9,18187
2023-11-04,유연탄,10,17064
2023-11-04,유연탄,11,16115
2023-11-04,유연탄,12,15914
2023-11-04,유연탄,13,16694
2023-11-04,유연탄,14,17838
2023-11-04,유연탄,15,18446
2023-11-04,유연탄,16,18445
2023-11-04,유연탄,17,18228
2023-11-04,유연탄,18,18303
2023-11-04,유연탄,19,18018
2023-11-04,유연탄,20,17868
2023-11-04,유연탄,21,18057
2023-11-04,유연탄,22,18092
2023-11-04,유연탄,23,18433
2023-11-04,유연탄,24,18479
2023-11-04,무연탄,1,165
2023-11-04,무연탄,2,164
2023-11-04,무연탄,3,162
2023-11-04,무연탄,4,162
2023-11-04,무연탄,5,163
2023-11-04,무연탄,6,164
2023-11-04,무연탄,7,166
2023-11-04,무연탄,8,163
2023-11-04,무연탄,9,158
2023-11-04,무연탄,10,162
2023-11-04,무연탄,11,163
2023-11-04,무연탄,12,166
2023-11-04,무연탄,13,161
2023-11-04,무연탄,14,162
2023-11-04,무연탄,15,163
2023-11-04,무연탄,16,163
2023-11-04,무연탄,17,163
2023-11-04,무연탄,18,162
2023-11-04,무연탄,19,163
2023-11-04,무연탄,20,162
2023-11-04,무연탄,21,162
2023-11-04,무연탄,22,163
2023-11-04,무연탄,23,162
2023-11-04,무연탄,24,163
2023-11-04,바이오가스,1,34
2023-11-04,바이오가스,2,34
2023-11-04,바이오가스,3,34
2023-11-04,바이오가스,4,34
2023-11-04,바이오가스,5,34
2023-11-04,바이오가스,6,34
2023-11-04,바이오가스,7,34
2023-11-04,바이오가스,8,34
2023-11-04,바이오가스,9,35
2023-11-04,바이오가스,10,35
2023-11-04,바이오가스,11,35
2023-11-04,바이오가스,12,35
2023-11-04,바이오가스,13,34
2023-11-04,바이오가스,14,34
2023-11-04,바이오가스,15,34
2023-11-04,바이오가스,16,35
2023-11-04,바이오가스,17,35
2023-11-04,바이오가스,18,34
2023-11-04,바이오가스,19,34
2023-11-04,바이오가스,20,34
2023-11-04,바이오가스,21,34
2023-11-04,바이오가스,22,33
2023-11-04,바이오가스,23,34
2023-11-04,바이오가스,24,34
2023-11-04,부생가스,1,75
2023-11-04,부생가스,2,75
2023-11-04,부생가스,3,75
2023-11-04,부생가스,4,75
2023-11-04,부생가스,5,75
2023-11-04,부생가스,6,75
2023-11-04,부생가스,7,76
2023-11-04,부생가스,8,77
2023-11-04,부생가스,9,76
2023-11-04,부생가스,10,75
2023-11-04,부생가스,11,74
2023-11-04,부생가스,12,73
2023-11-04,부생가스,13,76
2023-11-04,부생가스,14,81
2023-11-04,부생가스,15,78
2023-11-04,부생가스,16,74
2023-11-04,부생가스,17,74
2023-11-04,부생가스,18,73
2023-11-04,부생가스,19,90
2023-11-04,부생가스,20,104
2023-11-04,부생가스,21,81
2023-11-04,부생가스,22,78
2023-11-04,부생가스,23,78
2023-11-04,부생가스,24,78
2023-11-04,수력,1,189
2023-11-04,수력,2,125
2023-11-04,수력,3,123
2023-11-04,수력,4,123
2023-11-04,수력,5,121
2023-11-04,수력,6,120
2023-11-04,수력,7,118
2023-11-04,수력,8,122
2023-11-04,수력,9,451
2023-11-04,수력,10,449
2023-11-04,수력,11,508
2023-11-04,수력,12,471
2023-11-04,수력,13,230
2023-11-04,수력,14,443
2023-11-04,수력,15,456
2023-11-04,수력,16,583
2023-11-04,수력,17,460
2023-11-04,수력,18,478
2023-11-04,수력,19,462
2023-11-04,수력,20,441
2023-11-04,수력,21,327
2023-11-04,수력,22,284
2023-11-04,수력,23,244
2023-11-04,수력,24,193
2023-11-04,양수,1,148
2023-11-04,양수,2,0
2023-11-04,양수,3,0
2023-11-04,양수,4,0
2023-11-04,양수,5,0
2023-11-04,양수,6,0
2023-11-04,양수,7,0
2023-11-04,양수,8,0
2023-11-04,양수,9,0
2023-11-04,양수,10,0
2023-11-04,양수,11,0
2023-11-04,양수,12,0
2023-11-04,양수,13,0
2023-11-04,양수,14,0
2023-11-04,양수,15,0
2023-11-04,양수,16,0
2023-11-04,양수,17,0
2023-11-04,양수,18,168
2023-11-04,양수,19,596
2023-11-04,양수,20,1011
2023-11-04,양수,21,1614
2023-11-04,양수,22,1585
2023-11-04,양수,23,1148
2023-11-04,양수,24,180
2023-11-04,매립가스,1,29
2023-11-04,매립가스,2,28
2023-11-04,매립가스,3,28
2023-11-04,매립가스,4,28
2023-11-04,매립가스,5,28
2023-11-04,매립가스,6,28
2023-11-04,매립가스,7,28
2023-11-04,매립가스,8,28
2023-11-04,매립가스,9,29
2023-11-04,매립가스,10,29
2023-11-04,매립가스,11,28
2023-11-04,매립가스,12,28
2023-11-04,매립가스,13,28
2023-11-04,매립가스,14,28
2023-11-04,매립가스,15,28
2023-11-04,매립가스,16,29
2023-11-04,매립가스,17,29
2023-11-04,매립가스,18,29
2023-11-04,매립가스,19,29
2023-11-04,매립가스,20,29
2023-11-04,매립가스,21,29
2023-11-04,매립가스,22,29
2023-11-04,매립가스,23,29
2023-11-04,매립가스,24,29
2023-11-04,중유,1,17
2023-11-04,중유,2,17
2023-11-04,중유,3,17
2023-11-04,중유,4,17
2023-11-04,중유,5,16
2023-11-04,중유,6,16
2023-11-04,중유,7,16
2023-11-04,중유,8,17
2023-11-04,중유,9,17
2023-11-04,중유,10,17
2023-11-04,중유,11,17
2023-11-04,중유,12,6
2023-11-04,중유,13,6
2023-11-04,중유,14,6
2023-11-04,중유,15,6
2023-11-04,중유,16,6
2023-11-04,중유,17,6
2023-11-04,중유,18,6
2023-11-04,중유,19,5
2023-11-04,중유,20,6
2023-11-04,중유,21,6
2023-11-04,중유,22,6
2023-11-04,중유,23,6
2023-11-04,중유,24,5
2023-11-04,태양광,1,3
2023-11-04,태양광,2,2
2023-11-04,태양광,3,1
2023-11-04,태양광,4,2
2023-11-04,태양광,5,1
2023-11-04,태양광,6,0
2023-11-04,태양광,7,0
2023-11-04,태양광,8,134
2023-11-04,태양광,9,684
2023-11-04,태양광,10,1293
2023-11-04,태양광,11,1739
2023-11-04,태양광,12,2023
2023-11-04,태양광,13,1880
2023-11-04,태양광,14,1574
2023-11-04,태양광,15,1198
2023-11-04,태양광,16,801
2023-11-04,태양광,17,906
2023-11-04,태양광,18,673
2023-11-04,태양광,19,578
2023-11-04,태양광,20,280
2023-11-04,태양광,21,100
2023-11-04,태양광,22,27
2023-11-04,태양광,23,6
2023-11-04,태양광,24,1
2023-11-04,폐기물,1,145
2023-11-04,폐기물,2,143
2023-11-04,폐기물,3,141
2023-11-04,폐기물,4,141
2023-11-04,폐기물,5,144
2023-11-04,폐기물,6,145
2023-11-04,폐기물,7,147
2023-11-04,폐기물,8,145
2023-11-04,폐기물,9,142
2023-11-04,폐기물,10,142
2023-11-04,폐기물,11,143
2023-11-04,폐기물,12,142
2023-11-04,폐기물,13,142
2023-11-04,폐기물,14,144
2023-11-04,폐기물,15,141
2023-11-04,폐기물,16,142
2023-11-04,폐기물,17,141
2023-11-04,폐기물,18,142
2023-11-04,폐기물,19,139
2023-11-04,폐기물,20,142
2023-11-04,폐기물,21,142
2023-11-04,폐기물,22,140
2023-11-04,폐기물,23,143
2023-11-04,폐기물,24,144
2023-11-04,풍력,1,183
2023-11-04,풍력,2,170
2023-11-04,풍력,3,129
2023-11-04,풍력,4,89
2023-11-04,풍력,5,63
2023-11-04,풍력,6,76
2023-11-04,풍력,7,77
2023-11-04,풍력,8,107
2023-11-04,풍력,9,130
2023-11-04,풍력,10,105
2023-11-04,풍력,11,89
2023-11-04,풍력,12,128
2023-11-04,풍력,13,115
2023-11-04,풍력,14,115
2023-11-04,풍력,15,135
2023-11-04,풍력,16,162
2023-11-04,풍력,17,198
2023-11-04,풍력,18,220
2023-11-04,풍력,19,270
2023-11-04,풍력,20,282
2023-11-04,풍력,21,289
2023-11-04,풍력,22,277
2023-11-04,풍력,23,222
2023-11-04,풍력,24,260
2023-11-04,LNG,1,10785
2023-11-04,LNG,2,8852
2023-11-04,LNG,3,7841
2023-11-04,LNG,4,7699
2023-11-04,LNG,5,7742
2023-11-04,LNG,6,8229
2023-11-04,LNG,7,8954
2023-11-04,LNG,8,10016
2023-11-04,LNG,9,10855
2023-11-04,LNG,10,11869
2023-11-04,LNG,11,11790
2023-11-04,LNG,12,11357
2023-11-04,LNG,13,11331
2023-11-04,LNG,14,12187
2023-11-04,LNG,15,12308
2023-11-04,LNG,16,12858
2023-11-04,LNG,17,13272
2023-11-04,LNG,18,14142
2023-11-04,LNG,19,14622
2023-11-04,LNG,20,13859
2023-11-04,LNG,21,12483
2023-11-04,LNG,22,11480
2023-11-04,LNG,23,11302
2023-11-04,LNG,24,10990
2023-11-04,연료전지,1,838
2023-11-04,연료전지,2,838
2023-11-04,연료전지,3,837
2023-11-04,연료전지,4,838
2023-11-04,연료전지,5,838
2023-11-04,연료전지,6,837
2023-11-04,연료전지,7,837
2023-11-04,연료전지,8,837
2023-11-04,연료전지,9,837
2023-11-04,연료전지,10,837
2023-11-04,연료전지,11,837
2023-11-04,연료전지,12,837
2023-11-04,연료전지,13,837
2023-11-04,연료전지,14,837
2023-11-04,연료전지,15,837
2023-11-04,연료전지,16,837
2023-11-04,연료전지,17,837
2023-11-04,연료전지,18,836
2023-11-04,연료전지,19,836
2023-11-04,연료전지,20,837
2023-11-04,연료전지,21,837
2023-11-04,연료전지,22,837
2023-11-04,연료전지,23,837
2023-11-04,연료전지,24,837
2023-11-04,경유,1,0
2023-11-04,경유,2,0
2023-11-04,경유,3,0
2023-11-04,경유,4,0
2023-11-04,경유,5,0
2023-11-04,경유,6,0
2023-11-04,경유,7,0
2023-11-04,경유,8,0
2023-11-04,경유,9,0
2023-11-04,경유,10,0
2023-11-04,경유,11,0
2023-11-04,경유,12,0
2023-11-04,경유,13,0
2023-11-04,경유,14,0
2023-11-04,경유,15,0
2023-11-04,경유,16,0
2023-11-04,경유,17,0
2023-11-04,경유,18,0
2023-11-04,경유,19,0
2023-11-04,경유,20,0
2023-11-04,경유,21,0
2023-11-04,경유,22,0
2023-11-04,경유,23,0
2023-11-04,경유,24,0
2023-11-04,해양에너지,1,0
2023-11-04,해양에너지,2,0
2023-11-04,해양에너지,3,0
2023-11-04,해양에너지,4,0
2023-11-04,해양에너지,5,0
2023-11-04,해양에너지,6,0
2023-11-04,해양에너지,7,8
2023-11-04,해양에너지,8,92
2023-11-04,해양에너지,9,75
2023-11-04,해양에너지,10,0
2023-11-04,해양에너지,11,0
2023-11-04,해양에너지,12,0
2023-11-04,해양에너지,13,0
2023-11-04,해양에너지,14,0
2023-11-04,해양에너지,15,0
2023-11-04,해양에너지,16,0
2023-11-04,해양에너지,17,0
2023-11-04,해양에너지,18,0
2023-11-04,해양에너지,19,34
2023-11-04,해양에너지,20,142
2023-11-04,해양에너지,21,145
2023-11-04,해양에너지,22,124
2023-11-04,해양에너지,23,61
2023-11-04,해양에너지,24,0
2023-11-04,바이오매스,1,760
2023-11-04,바이오매스,2,762
2023-11-04,바이오매스,3,760
2023-11-04,바이오매스,4,758
2023-11-04,바이오매스,5,757
2023-11-04,바이오매스,6,762
2023-11-04,바이오매스,7,761
2023-11-04,바이오매스,8,759
2023-11-04,바이오매스,9,762
2023-11-04,바이오매스,10,762
2023-11-04,바이오매스,11,761
2023-11-04,바이오매스,12,763
2023-11-04,바이오매스,13,760
2023-11-04,바이오매스,14,762
2023-11-04,바이오매스,15,760
2023-11-04,바이오매스,16,759
2023-11-04,바이오매스,17,762
2023-11-04,바이오매스,18,761
2023-11-04,바이오매스,19,765
2023-11-04,바이오매스,20,765
2023-11-04,바이오매스,21,765
2023-11-04,바이오매스,22,766
2023-11-04,바이오매스,23,764
2023-11-04,바이오매스,24,761
2023-11-04,IGCC,1,269
2023-11-04,IGCC,2,267
2023-11-04,IGCC,3,266
2023-11-04,IGCC,4,265
2023-11-04,IGCC,5,265
2023-11-04,IGCC,6,264
2023-11-04,IGCC,7,264
2023-11-04,IGCC,8,265
2023-11-04,IGCC,9,264
2023-11-04,IGCC,10,262
2023-11-04,IGCC,11,261
2023-11-04,IGCC,12,263
2023-11-04,IGCC,13,264
2023-11-04,IGCC,14,265
2023-11-04,IGCC,15,266
2023-11-04,IGCC,16,268
2023-11-04,IGCC,17,268
2023-11-04,IGCC,18,268
2023-11-04,IGCC,19,266
2023-11-04,IGCC,20,266
2023-11-04,IGCC,21,266
2023-11-04,IGCC,22,266
2023-11-04,IGCC,23,263
2023-11-04,IGCC,24,264
2023-11-04,바이오중유,1,204
2023-11-04,바이오중유,2,204
2023-11-04,바이오중유,3,204
2023-11-04,바이오중유,4,204
2023-11-04,바이오중유,5,204
2023-11-04,바이오중유,6,204
2023-11-04,바이오중유,7,204
2023-11-04,바이오중유,8,204
2023-11-04,바이오중유,9,204
2023-11-04,바이오중유,10,202
2023-11-04,바이오중유,11,174
2023-11-04,바이오중유,12,181
2023-11-04,바이오중유,13,204
2023-11-04,바이오중유,14,204
2023-11-04,바이오중유,15,204
2023-11-04,바이오중유,16,204
2023-11-04,바이오중유,17,204
2023-11-04,바이오중유,18,204
2023-11-04,바이오중유,19,204
2023-11-04,바이오중유,20,204
2023-11-04,바이오중유,21,204
2023-11-04,바이오중유,22,204
2023-11-04,바이오중유,23,204
2023-11-04,바이오중유,24,204
2023-11-04,바이오기타,1,3
2023-11-04,바이오기타,2,3
2023-11-04,바이오기타,3,3
2023-11-04,바이오기타,4,3
2023-11-04,바이오기타,5,3
2023-11-04,바이오기타,6,3
2023-11-04,바이오기타,7,3
2023-11-04,바이오기타,8,3
2023-11-04,바이오기타,9,3
2023-11-04,바이오기타,10,2
2023-11-04,바이오기타,11,0
2023-11-04,바이오기타,12,0
2023-11-04,바이오기타,13,0
2023-11-04,바이오기타,14,0
2023-11-04,바이오기타,15,0
2023-11-04,바이오기타,16,0
2023-11-04,바이오기타,17,0
2023-11-04,바이오기타,18,0
2023-11-04,바이오기타,19,0
2023-11-04,바이오기타,20,0
2023-11-04,바이오기타,21,0
2023-11-04,바이오기타,22,0
2023-11-04,바이오기타,23,0
2023-11-04,바이오기타,24,0
2023-11-04,기타,1,17
2023-11-04,기타,2,17
2023-11-04,기타,3,17
2023-11-04,기타,4,17
2023-11-04,기타,5,16
2023-11-04,기타,6,17
2023-11-04,기타,7,17
2023-11-04,기타,8,17
2023-11-04,기타,9,17
2023-11-04,기타,10,18
2023-11-04,기타,11,18
2023-11-04,기타,12,18
2023-11-04,기타,13,18
2023-11-04,기타,14,18
2023-11-04,기타,15,17
2023-11-04,기타,16,17
2023-11-04,기타,17,17
2023-11-04,기타,18,17
2023-11-04,기타,19,17
2023-11-04,기타,20,17
2023-11-04,기타,21,17
2023-11-04,기타,22,17
2023-11-04,기타,23,17
2023-11-04,기타,24,17
2023-11-05,원자력,1,20872
2023-11-05,원자력,2,20868
2023-11-05,원자력,3,20865
2023-11-05,원자력,4,20860
2023-11-05,원자력,5,20859
2023-11-05,원자력,6,20859
2023-11-05,원자력,7,20861
2023-11-05,원자력,8,20862
2023-11-05,원자력,9,20859
2023-11-05,원자력,10,20859
2023-11-05,원자력,11,20859
2023-11-05,원자력,12,20857
2023-11-05,원자력,13,20849
2023-11-05,원자력,14,20845
2023-11-05,원자력,15,20845
2023-11-05,원자력,16,20849
2023-11-05,원자력,17,20850
2023-11-05,원자력,18,20847
2023-11-05,원자력,19,20848
2023-11-05,원자력,20,20845
2023-11-05,원자력,21,20845
2023-11-05,원자력,22,20846
2023-11-05,원자력,23,20845
2023-11-05,원자력,24,20842
2023-11-05,유연탄,1,18085
2023-11-05,유연탄,2,17381
2023-11-05,유연탄,3,17245
2023-11-05,유연탄,4,17303
2023-11-05,유연탄,5,17182
2023-11-05,유연탄,6,17554
2023-11-05,유연탄,7,17106
2023-11-05,유연탄,8,17295
2023-11-05,유연탄,9,16935
2023-11-05,유연탄,10,16595
2023-11-05,유연탄,11,15691
2023-11-05,유연탄,12,15319
2023-11-05,유연탄,13,16141
2023-11-05,유연탄,14,17523
2023-11-05,유연탄,15,18593
2023-11-05,유연탄,16,19053
2023-11-05,유연탄,17,18997
2023-11-05,유연탄,18,19003
2023-11-05,유연탄,19,18507
2023-11-05,유연탄,20,17318
2023-11-05,유연탄,21,17015
2023-11-05,유연탄,22,16879
2023-11-05,유연탄,23,16841
2023-11-05,유연탄,24,17040
2023-11-05,무연탄,1,163
2023-11-05,무연탄,2,163
2023-11-05,무연탄,3,164
2023-11-05,무연탄,4,163
2023-11-05,무연탄,5,163
2023-11-05,무연탄,6,164
2023-11-05,무연탄,7,163
2023-11-05,무연탄,8,163
2023-11-05,무연탄,9,161
2023-11-05,무연탄,10,163
2023-11-05,무연탄,11,163
2023-11-05,무연탄,12,163
2023-11-05,무연탄,13,163
2023-11-05,무연탄,14,163
2023-11-05,무연탄,15,163
2023-11-05,무연탄,16,163
2023-11-05,무연탄,17,163
2023-11-05,무연탄,18,163
2023-11-05,무연탄,19,163
2023-11-05,무연탄,20,163
2023-11-05,무연탄,21,162
2023-11-05,무연탄,22,163
2023-11-05,무연탄,23,163
2023-11-05,무연탄,24,163
2023-11-05,바이오가스,1,34
2023-11-05,바이오가스,2,33
2023-11-05,바이오가스,3,34
2023-11-05,바이오가스,4,34
2023-11-05,바이오가스,5,35
2023-11-05,바이오가스,6,34
2023-11-05,바이오가스,7,34
2023-11-05,바이오가스,8,34
2023-11-05,바이오가스,9,34
2023-11-05,바이오가스,10,33
2023-11-05,바이오가스,11,33
2023-11-05,바이오가스,12,35
2023-11-05,바이오가스,13,34
2023-11-05,바이오가스,14,34
2023-11-05,바이오가스,15,34
2023-11-05,바이오가스,16,33
2023-11-05,바이오가스,17,32
2023-11-05,바이오가스,18,34
2023-11-05,바이오가스,19,34
2023-11-05,바이오가스,20,33
2023-11-05,바이오가스,21,33
2023-11-05,바이오가스,22,33
2023-11-05,바이오가스,23,34
2023-11-05,바이오가스,24,34
2023-11-05,부생가스,1,78
2023-11-05,부생가스,2,78
2023-11-05,부생가스,3,78
2023-11-05,부생가스,4,78
2023-11-05,부생가스,5,77
2023-11-05,부생가스,6,76
2023-11-05,부생가스,7,77
2023-11-05,부생가스,8,77
2023-11-05,부생가스,9,78
2023-11-05,부생가스,10,78
2023-11-05,부생가스,11,77
2023-11-05,부생가스,12,76
2023-11-05,부생가스,13,76
2023-11-05,부생가스,14,76
2023-11-05,부생가스,15,76
2023-11-05,부생가스,16,76
2023-11-05,부생가스,17,76
2023-11-05,부생가스,18,75
2023-11-05,부생가스,19,74
2023-11-05,부생가스,20,75
2023-11-05,부생가스,21,75
2023-11-05,부생가스,22,75
2023-11-05,부생가스,23,75
2023-11-05,부생가스,24,74
2023-11-05,수력,1,184
2023-11-05,수력,2,127
2023-11-05,수력,3,127
2023-11-05,수력,4,127
2023-11-05,수력,5,125
2023-11-05,수력,6,125
2023-11-05,수력,7,131
2023-11-05,수력,8,144
2023-11-05,수력,9,448
2023-11-05,수력,10,453
2023-11-05,수력,11,533
2023-11-05,수력,12,504
2023-11-05,수력,13,264
2023-11-05,수력,14,433
2023-11-05,수력,15,659
2023-11-05,수력,16,902
2023-11-05,수력,17,683
2023-11-05,수력,18,569
2023-11-05,수력,19,397
2023-11-05,수력,20,405
2023-11-05,수력,21,245
2023-11-05,수력,22,192
2023-11-05,수력,23,232
2023-11-05,수력,24,212
2023-11-05,양수,1,0
2023-11-05,양수,2,0
2023-11-05,양수,3,0
2023-11-05,양수,4,0
2023-11-05,양수,5,0
2023-11-05,양수,6,0
2023-11-05,양수,7,0
2023-11-05,양수,8,0
2023-11-05,양수,9,0
2023-11-05,양수,10,0
2023-11-05,양수,11,0
2023-11-05,양수,12,0
2023-11-05,양수,13,0
2023-11-05,양수,14,0
2023-11-05,양수,15,0
2023-11-05,양수,16,282
2023-11-05,양수,17,547
2023-11-05,양수,18,1715
2023-11-05,양수,19,2422
2023-11-05,양수,20,2227
2023-11-05,양수,21,798
2023-11-05,양수,22,415
2023-11-05,양수,23,666
2023-11-05,양수,24,848
2023-11-05,매립가스,1,29
2023-11-05,매립가스,2,29
2023-11-05,매립가스,3,29
2023-11-05,매립가스,4,29
2023-11-05,매립가스,5,29
2023-11-05,매립가스,6,29
2023-11-05,매립가스,7,29
2023-11-05,매립가스,8,29
2023-11-05,매립가스,9,29
2023-11-05,매립가스,10,29
2023-11-05,매립가스,11,28
2023-11-05,매립가스,12,29
2023-11-05,매립가스,13,29
2023-11-05,매립가스,14,30
2023-11-05,매립가스,15,30
2023-11-05,매립가스,16,30
2023-11-05,매립가스,17,31
2023-11-05,매립가스,18,31
2023-11-05,매립가스,19,30
2023-11-05,매립가스,20,29
2023-11-05,매립가스,21,30
2023-11-05,매립가스,22,30
2023-11-05,매립가스,23,30
2023-11-05,매립가스,24,30
2023-11-05,중유,1,5
2023-11-05,중유,2,5
2023-11-05,중유,3,5
2023-11-05,중유,4,5
2023-11-05,중유,5,5
2023-11-05,중유,6,6
2023-11-05,중유,7,5
2023-11-05,중유,8,5
2023-11-05,중유,9,6
2023-11-05,중유,10,6
2023-11-05,중유,11,6
2023-11-05,중유,12,6
2023-11-05,중유,13,6
2023-11-05,중유,14,7
2023-11-05,중유,15,7
2023-11-05,중유,16,7
2023-11-05,중유,17,6
2023-11-05,중유,18,7
2023-11-05,중유,19,7
2023-11-05,중유,20,6
2023-11-05,중유,21,6
2023-11-05,중유,22,6
2023-11-05,중유,23,7
2023-11-05,중유,24,6
2023-11-05,태양광,1,0
2023-11-05,태양광,2,0
2023-11-05,태양광,3,0
2023-11-05,태양광,4,0
2023-11-05,태양광,5,0
2023-11-05,태양광,6,0
2023-11-05,태양광,7,0
2023-11-05,태양광,8,86
2023-11-05,태양광,9,500
2023-11-05,태양광,10,1016
2023-11-05,태양광,11,1507
2023-11-05,태양광,12,1731
2023-11-05,태양광,13,1532
2023-11-05,태양광,14,1246
2023-11-05,태양광,15,802
2023-11-05,태양광,16,451
2023-11-05,태양광,17,714
2023-11-05,태양광,18,315
2023-11-05,태양광,19,228
2023-11-05,태양광,20,136
2023-11-05,태양광,21,64
2023-11-05,태양광,22,19
2023-11-05,태양광,23,5
2023-11-05,태양광,24,2
2023-11-05,폐기물,1,143
2023-11-05,폐기물,2,142
2023-11-05,폐기물,3,135
2023-11-05,폐기물,4,135
2023-11-05,폐기물,5,137
2023-11-05,폐기물,6,139
2023-11-05,폐기물,7,138
2023-11-05,폐기물,8,137
2023-11-05,폐기물,9,133
2023-11-05,폐기물,10,131
2023-11-05,폐기물,11,130
2023-11-05,폐기물,12,128
2023-11-05,폐기물,13,129
2023-11-05,폐기물,14,130
2023-11-05,폐기물,15,129
2023-11-05,폐기물,16,128
2023-11-05,폐기물,17,128
2023-11-05,폐기물,18,127
2023-11-05,폐기물,19,130
2023-11-05,폐기물,20,130
2023-11-05,폐기물,21,126
2023-11-05,폐기물,22,127
2023-11-05,폐기물,23,126
2023-11-05,폐기물,24,126
2023-11-05,풍력,1,253
2023-11-05,풍력,2,269
2023-11-05,풍력,3,266
2023-11-05,풍력,4,287
2023-11-05,풍력,5,331
2023-11-05,풍력,6,401
2023-11-05,풍력,7,400
2023-11-05,풍력,8,450
2023-11-05,풍력,9,463
2023-11-05,풍력,10,471
2023-11-05,풍력,11,480
2023-11-05,풍력,12,520
2023-11-05,풍력,13,499
2023-11-05,풍력,14,516
2023-11-05,풍력,15,552
2023-11-05,풍력,16,577
2023-11-05,풍력,17,607
2023-11-05,풍력,18,671
2023-11-05,풍력,19,784
2023-11-05,풍력,20,835
2023-11-05,풍력,21,925
2023-11-05,풍력,22,957
2023-11-05,풍력,23,1013
2023-11-05,풍력,24,967
2023-11-05,LNG,1,8446
2023-11-05,LNG,2,7257
2023-11-05,LNG,3,6963
2023-11-05,LNG,4,6648
2023-11-05,LNG,5,6644
2023-11-05,LNG,6,6743
2023-11-05,LNG,7,7328
2023-11-05,LNG,8,7659
2023-11-05,LNG,9,8495
2023-11-05,LNG,10,8524
2023-11-05,LNG,11,8800
2023-11-05,LNG,12,8395
2023-11-05,LNG,13,8114
2023-11-05,LNG,14,7990
2023-11-05,LNG,15,8461
2023-11-05,LNG,16,8418
2023-11-05,LNG,17,9142
2023-11-05,LNG,18,10596
2023-11-05,LNG,19,11623
2023-11-05,LNG,20,12443
2023-11-05,LNG,21,13423
2023-11-05,LNG,22,12719
2023-11-05,LNG,23,11631
2023-11-05,LNG,24,10156
2023-11-05,연료전지,1,837
2023-11-05,연료전지,2,837
2023-11-05,연료전지,3,837
2023-11-05,연료전지,4,837
2023-11-05,연료전지,5,837
2023-11-05,연료전지,6,837
2023-11-05,연료전지,7,837
2023-11-05,연료전지,8,837
2023-11-05,연료전지,9,837
2023-11-05,연료전지,10,836
2023-11-05,연료전지,11,836
2023-11-05,연료전지,12,836
2023-11-05,연료전지,13,835
2023-11-05,연료전지,14,835
2023-11-05,연료전지,15,834
2023-11-05,연료전지,16,835
2023-11-05,연료전지,17,835
2023-11-05,연료전지,18,834
2023-11-05,연료전지,19,833
2023-11-05,연료전지,20,825
2023-11-05,연료전지,21,829
2023-11-05,연료전지,22,832
2023-11-05,연료전지,23,832
2023-11-05,연료전지,24,831
2023-11-05,경유,1,0
2023-11-05,경유,2,0
2023-11-05,경유,3,0
2023-11-05,경유,4,0
2023-11-05,경유,5,0
2023-11-05,경유,6,0
2023-11-05,경유,7,0
2023-11-05,경유,8,0
2023-11-05,경유,9,0
2023-11-05,경유,10,0
2023-11-05,경유,11,0
2023-11-05,경유,12,0
2023-11-05,경유,13,0
2023-11-05,경유,14,0
2023-11-05,경유,15,0
2023-11-05,경유,16,0
2023-11-05,경유,17,0
2023-11-05,경유,18,0
2023-11-05,경유,19,0
2023-11-05,경유,20,0
2023-11-05,경유,21,0
2023-11-05,경유,22,0
2023-11-05,경유,23,0
2023-11-05,경유,24,0
2023-11-05,해양에너지,1,0
2023-11-05,해양에너지,2,0
2023-11-05,해양에너지,3,0
2023-11-05,해양에너지,4,0
2023-11-05,해양에너지,5,0
2023-11-05,해양에너지,6,0
2023-11-05,해양에너지,7,0
2023-11-05,해양에너지,8,0
2023-11-05,해양에너지,9,0
2023-11-05,해양에너지,10,0
2023-11-05,해양에너지,11,0
2023-11-05,해양에너지,12,0
2023-11-05,해양에너지,13,0
2023-11-05,해양에너지,14,0
2023-11-05,해양에너지,15,0
2023-11-05,해양에너지,16,0
2023-11-05,해양에너지,17,0
2023-11-05,해양에너지,18,0
2023-11-05,해양에너지,19,0
2023-11-05,해양에너지,20,0
2023-11-05,해양에너지,21,0
2023-11-05,해양에너지,22,0
2023-11-05,해양에너지,23,0
2023-11-05,해양에너지,24,0
2023-11-05,바이오매스,1,765
2023-11-05,바이오매스,2,766
2023-11-05,바이오매스,3,765
2023-11-05,바이오매스,4,763
2023-11-05,바이오매스,5,764
2023-11-05,바이오매스,6,765
2023-11-05,바이오매스,7,757
2023-11-05,바이오매스,8,755
2023-11-05,바이오매스,9,757
2023-11-05,바이오매스,10,761
2023-11-05,바이오매스,11,761
2023-11-05,바이오매스,12,761
2023-11-05,바이오매스,13,764
2023-11-05,바이오매스,14,762
2023-11-05,바이오매스,15,763
2023-11-05,바이오매스,16,762
2023-11-05,바이오매스,17,763
2023-11-05,바이오매스,18,762
2023-11-05,바이오매스,19,763
2023-11-05,바이오매스,20,764
2023-11-05,바이오매스,21,765
2023-11-05,바이오매스,22,765
2023-11-05,바이오매스,23,759
2023-11-05,바이오매스,24,756
2023-11-05,IGCC,1,264
2023-11-05,IGCC,2,264
2023-11-05,IGCC,3,262
2023-11-05,IGCC,4,263
2023-11-05,IGCC,5,264
2023-11-05,IGCC,6,262
2023-11-05,IGCC,7,261
2023-11-05,IGCC,8,263
2023-11-05,IGCC,9,265
2023-11-05,IGCC,10,265
2023-11-05,IGCC,11,264
2023-11-05,IGCC,12,266
2023-11-05,IGCC,13,266
2023-11-05,IGCC,14,266
2023-11-05,IGCC,15,265
2023-11-05,IGCC,16,265
2023-11-05,IGCC,17,265
2023-11-05,IGCC,18,265
2023-11-05,IGCC,19,264
2023-11-05,IGCC,20,264
2023-11-05,IGCC,21,266
2023-11-05,IGCC,22,265
2023-11-05,IGCC,23,263
2023-11-05,IGCC,24,265
2023-11-05,바이오중유,1,204
2023-11-05,바이오중유,2,204
2023-11-05,바이오중유,3,204
2023-11-05,바이오중유,4,204
2023-11-05,바이오중유,5,204
2023-11-05,바이오중유,6,187
2023-11-05,바이오중유,7,204
2023-11-05,바이오중유,8,204
2023-11-05,바이오중유,9,204
2023-11-05,바이오중유,10,204
2023-11-05,바이오중유,11,185
2023-11-05,바이오중유,12,199
2023-11-05,바이오중유,13,189
2023-11-05,바이오중유,14,138
2023-11-05,바이오중유,15,138
2023-11-05,바이오중유,16,131
2023-11-05,바이오중유,17,167
2023-11-05,바이오중유,18,204
2023-11-05,바이오중유,19,204
2023-11-05,바이오중유,20,204
2023-11-05,바이오중유,21,204
2023-11-05,바이오중유,22,204
2023-11-05,바이오중유,23,204
2023-11-05,바이오중유,24,192
2023-11-05,바이오기타,1,0
2023-11-05,바이오기타,2,0
2023-11-05,바이오기타,3,0
2023-11-05,바이오기타,4,0
2023-11-05,바이오기타,5,0
2023-11-05,바이오기타,6,0
2023-11-05,바이오기타,7,0
2023-11-05,바이오기타,8,0
2023-11-05,바이오기타,9,0
2023-11-05,바이오기타,10,2
2023-11-05,바이오기타,11,3
2023-11-05,바이오기타,12,2
2023-11-05,바이오기타,13,2
2023-11-05,바이오기타,14,2
2023-11-05,바이오기타,15,3
2023-11-05,바이오기타,16,3
2023-11-05,바이오기타,17,3
2023-11-05,바이오기타,18,3
2023-11-05,바이오기타,19,2
2023-11-05,바이오기타,20,3
2023-11-05,바이오기타,21,3
2023-11-05,바이오기타,22,3
2023-11-05,바이오기타,23,3
2023-11-05,바이오기타,24,3
2023-11-05,기타,1,17
2023-11-05,기타,2,17
2023-11-05,기타,3,17
2023-11-05,기타,4,17
2023-11-05,기타,5,17
2023-11-05,기타,6,17
2023-11-05,기타,7,17
2023-11-05,기타,8,17
2023-11-05,기타,9,17
2023-11-05,기타,10,17
2023-11-05,기타,11,17
2023-11-05,기타,12,17
2023-11-05,기타,13,17
2023-11-05,기타,14,17
2023-11-05,기타,15,17
2023-11-05,기타,16,17
2023-11-05,기타,17,16
2023-11-05,기타,18,17
2023-11-05,기타,19,17
2023-11-05,기타,20,17
2023-11-05,기타,21,17
2023-11-05,기타,22,17
2023-11-05,기타,23,16
2023-11-05,기타,24,15
2023-11-06,원자력,1,20844
2023-11-06,원자력,2,20844
2023-11-06,원자력,3,20843
2023-11-06,원자력,4,20845
2023-11-06,원자력,5,20846
2023-11-06,원자력,6,20848
2023-11-06,원자력,7,20849
2023-11-06,원자력,8,20848
2023-11-06,원자력,9,20847
2023-11-06,원자력,10,20848
2023-11-06,원자력,11,20849
2023-11-06,원자력,12,20850
2023-11-06,원자력,13,20856
2023-11-06,원자력,14,20859
2023-11-06,원자력,15,20862
2023-11-06,원자력,16,20871
2023-11-06,원자력,17,20873
2023-11-06,원자력,18,20877
2023-11-06,원자력,19,20880
2023-11-06,원자력,20,20883
2023-11-06,원자력,21,20884
2023-11-06,원자력,22,20887
2023-11-06,원자력,23,20886
2023-11-06,원자력,24,20884
2023-11-06,유연탄,1,17295
2023-11-06,유연탄,2,17243
2023-11-06,유연탄,3,17816
2023-11-06,유연탄,4,17767
2023-11-06,유연탄,5,18262
2023-11-06,유연탄,6,18083
2023-11-06,유연탄,7,17808
2023-11-06,유연탄,8,18802
2023-11-06,유연탄,9,19814
2023-11-06,유연탄,10,20423
2023-11-06,유연탄,11,20829
2023-11-06,유연탄,12,20672
2023-11-06,유연탄,13,19057
2023-11-06,유연탄,14,19445
2023-11-06,유연탄,15,20002
2023-11-06,유연탄,16,20525
2023-11-06,유연탄,17,21291
2023-11-06,유연탄,18,21173
2023-11-06,유연탄,19,20864
2023-11-06,유연탄,20,20459
2023-11-06,유연탄,21,19571
2023-11-06,유연탄,22,19401
2023-11-06,유연탄,23,19585
2023-11-06,유연탄,24,21269
2023-11-06,무연탄,1,163
2023-11-06,무연탄,2,164
2023-11-06,무연탄,3,163
2023-11-06,무연탄,4,163
2023-11-06,무연탄,5,163
2023-11-06,무연탄,6,163
2023-11-06,무연탄,7,163
2023-11-06,무연탄,8,163
2023-11-06,무연탄,9,163
2023-11-06,무연탄,10,163
2023-11-06,무연탄,11,163
2023-11-06,무연탄,12,166
2023-11-06,무연탄,13,165
2023-11-06,무연탄,14,158
2023-11-06,무연탄,15,162
2023-11-06,무연탄,16,164
2023-11-06,무연탄,17,165
2023-11-06,무연탄,18,160
2023-11-06,무연탄,19,159
2023-11-06,무연탄,20,163
2023-11-06,무연탄,21,163
2023-11-06,무연탄,22,162
2023-11-06,무연탄,23,162
2023-11-06,무연탄,24,159
2023-11-06,바이오가스,1,34
2023-11-06,바이오가스,2,33
2023-11-06,바이오가스,3,34
2023-11-06,바이오가스,4,34
2023-11-06,바이오가스,5,34
2023-11-06,바이오가스,6,34
2023-11-06,바이오가스,7,34
2023-11-06,바이오가스,8,34
2023-11-06,바이오가스,9,34
2023-11-06,바이오가스,10,35
2023-11-06,바이오가스,11,36
2023-11-06,바이오가스,12,37
2023-11-06,바이오가스,13,36
2023-11-06,바이오가스,14,37
2023-11-06,바이오가스,15,35
2023-11-06,바이오가스,16,35
2023-11-06,바이오가스,17,35
2023-11-06,바이오가스,18,34
2023-11-06,바이오가스,19,35
2023-11-06,바이오가스,20,35
2023-11-06,바이오가스,21,35
2023-11-06,바이오가스,22,36
2023-11-06,바이오가스,23,36
2023-11-06,바이오가스,24,36
2023-11-06,부생가스,1,74
2023-11-06,부생가스,2,74
2023-11-06,부생가스,3,74
2023-11-06,부생가스,4,74
2023-11-06,부생가스,5,73
2023-11-06,부생가스,6,72
2023-11-06,부생가스,7,72
2023-11-06,부생가스,8,80
2023-11-06,부생가스,9,91
2023-11-06,부생가스,10,99
2023-11-06,부생가스,11,92
2023-11-06,부생가스,12,110
2023-11-06,부생가스,13,119
2023-11-06,부생가스,14,137
2023-11-06,부생가스,15,116
2023-11-06,부생가스,16,97
2023-11-06,부생가스,17,86
2023-11-06,부생가스,18,90
2023-11-06,부생가스,19,93
2023-11-06,부생가스,20,91
2023-11-06,부생가스,21,80
2023-11-06,부생가스,22,80
2023-11-06,부생가스,23,80
2023-11-06,부생가스,24,76
2023-11-06,수력,1,219
2023-11-06,수력,2,219
2023-11-06,수력,3,220
2023-11-06,수력,4,220
2023-11-06,수력,5,222
2023-11-06,수력,6,284
2023-11-06,수력,7,427
2023-11-06,수력,8,406
2023-11-06,수력,9,561
2023-11-06,수력,10,442
2023-11-06,수력,11,440
2023-11-06,수력,12,394
2023-11-06,수력,13,266
2023-11-06,수력,14,261
2023-11-06,수력,15,375
2023-11-06,수력,16,385
2023-11-06,수력,17,409
2023-11-06,수력,18,441
2023-11-06,수력,19,404
2023-11-06,수력,20,455
2023-11-06,수력,21,549
2023-11-06,수력,22,519
2023-11-06,수력,23,445
2023-11-06,수력,24,316
2023-11-06,양수,1,94
2023-11-06,양수,2,0
2023-11-06,양수,3,0
2023-11-06,양수,4,0
2023-11-06,양수,5,0
2023-11-06,양수,6,0
2023-11-06,양수,7,0
2023-11-06,양수,8,72
2023-11-06,양수,9,125
2023-11-06,양수,10,37
2023-11-06,양수,11,0
2023-11-06,양수,12,0
2023-11-06,양수,13,0
2023-11-06,양수,14,0
2023-11-06,양수,15,0
2023-11-06,양수,16,0
2023-11-06,양수,17,85
2023-11-06,양수,18,1929
2023-11-06,양수,19,2583
2023-11-06,양수,20,2677
2023-11-06,양수,21,2561
2023-11-06,양수,22,2549
2023-11-06,양수,23,2620
2023-11-06,양수,24,1252
2023-11-06,매립가스,1,30
2023-11-06,매립가스,2,30
2023-11-06,매립가스,3,30
2023-11-06,매립가스,4,30
2023-11-06,매립가스,5,30
2023-11-06,매립가스,6,29
2023-11-06,매립가스,7,29
2023-11-06,매립가스,8,29
2023-11-06,매립가스,9,22
2023-11-06,매립가스,10,13
2023-11-06,매립가스,11,13
2023-11-06,매립가스,12,13
2023-11-06,매립가스,13,13
2023-11-06,매립가스,14,13
2023-11-06,매립가스,15,14
2023-11-06,매립가스,16,14
2023-11-06,매립가스,17,14
2023-11-06,매립가스,18,14
2023-11-06,매립가스,19,14
2023-11-06,매립가스,20,14
2023-11-06,매립가스,21,14
2023-11-06,매립가스,22,14
2023-11-06,매립가스,23,14
2023-11-06,매립가스,24,14
2023-11-06,중유,1,7
2023-11-06,중유,2,6
2023-11-06,중유,3,6
2023-11-06,중유,4,5
2023-11-06,중유,5,5
2023-11-06,중유,6,6
2023-11-06,중유,7,6
2023-11-06,중유,8,6
2023-11-06,중유,9,6
2023-11-06,중유,10,5
2023-11-06,중유,11,5
2023-11-06,중유,12,6
2023-11-06,중유,13,6
2023-11-06,중유,14,6
2023-11-06,중유,15,6
2023-11-06,중유,16,6
2023-11-06,중유,17,6
2023-11-06,중유,18,6
2023-11-06,중유,19,6
2023-11-06,중유,20,6
2023-11-06,중유,21,6
2023-11-06,중유,22,6
2023-11-06,중유,23,6
2023-11-06,중유,24,6
2023-11-06,태양광,1,1
2023-11-06,태양광,2,0
2023-11-06,태양광,3,0
2023-11-06,태양광,4,1
2023-11-06,태양광,5,1
2023-11-06,태양광,6,0
2023-11-06,태양광,7,0
2023-11-06,태양광,8,9
2023-11-06,태양광,9,161
2023-11-06,태양광,10,616
2023-11-06,태양광,11,824
2023-11-06,태양광,12,1153
2023-11-06,태양광,13,1874
2023-11-06,태양광,14,2257
2023-11-06,태양광,15,2144
2023-11-06,태양광,16,1846
2023-11-06,태양광,17,1274
2023-11-06,태양광,18,672
2023-11-06,태양광,19,409
2023-11-06,태양광,20,186
2023-11-06,태양광,21,89
2023-11-06,태양광,22,32
2023-11-06,태양광,23,8
2023-11-06,태양광,24,2
2023-11-06,폐기물,1,126
2023-11-06,폐기물,2,124
2023-11-06,폐기물,3,123
2023-11-06,폐기물,4,124
2023-11-06,폐기물,5,121
2023-11-06,폐기물,6,125
2023-11-06,폐기물,7,123
2023-11-06,폐기물,8,122
2023-11-06,폐기물,9,122
2023-11-06,폐기물,10,122
2023-11-06,폐기물,11,121
2023-11-06,폐기물,12,121
2023-11-06,폐기물,13,119
2023-11-06,폐기물,14,119
2023-11-06,폐기물,15,117
2023-11-06,폐기물,16,118
2023-11-06,폐기물,17,119
2023-11-06,폐기물,18,120
2023-11-06,폐기물,19,122
2023-11-06,폐기물,20,122
2023-11-06,폐기물,21,122
2023-11-06,폐기물,22,121
2023-11-06,폐기물,23,121
2023-11-06,폐기물,24,125
2023-11-06,풍력,1,941
2023-11-06,풍력,2,1012
2023-11-06,풍력,3,1020
2023-11-06,풍력,4,997
2023-11-06,풍력,5,930
2023-11-06,풍력,6,853
2023-11-06,풍력,7,854
2023-11-06,풍력,8,984
2023-11-06,풍력,9,1065
2023-11-06,풍력,10,1094
2023-11-06,풍력,11,1051
2023-11-06,풍력,12,1028
2023-11-06,풍력,13,1064
2023-11-06,풍력,14,1055
2023-11-06,풍력,15,1041
2023-11-06,풍력,16,1034
2023-11-06,풍력,17,1056
2023-11-06,풍력,18,1043
2023-11-06,풍력,19,1124
2023-11-06,풍력,20,1132
2023-11-06,풍력,21,1084
2023-11-06,풍력,22,1071
2023-11-06,풍력,23,1016
2023-11-06,풍력,24,955
2023-11-06,LNG,1,8045
2023-11-06,LNG,2,7192
2023-11-06,LNG,3,6554
2023-11-06,LNG,4,6598
2023-11-06,LNG,5,6693
2023-11-06,LNG,6,7982
2023-11-06,LNG,7,11426
2023-11-06,LNG,8,14511
2023-11-06,LNG,9,19345
2023-11-06,LNG,10,20429
2023-11-06,LNG,11,19884
2023-11-06,LNG,12,18964
2023-11-06,LNG,13,17775
2023-11-06,LNG,14,17782
2023-11-06,LNG,15,17786
2023-11-06,LNG,16,18052
2023-11-06,LNG,17,18778
2023-11-06,LNG,18,17806
2023-11-06,LNG,19,17479
2023-11-06,LNG,20,16566
2023-11-06,LNG,21,15523
2023-11-06,LNG,22,13910
2023-11-06,LNG,23,12976
2023-11-06,LNG,24,11506
2023-11-06,연료전지,1,831
2023-11-06,연료전지,2,830
2023-11-06,연료전지,3,828
2023-11-06,연료전지,4,827
2023-11-06,연료전지,5,824
2023-11-06,연료전지,6,808
2023-11-06,연료전지,7,804
2023-11-06,연료전지,8,803
2023-11-06,연료전지,9,802
2023-11-06,연료전지,10,801
2023-11-06,연료전지,11,800
2023-11-06,연료전지,12,800
2023-11-06,연료전지,13,800
2023-11-06,연료전지,14,801
2023-11-06,연료전지,15,802
2023-11-06,연료전지,16,804
2023-11-06,연료전지,17,806
2023-11-06,연료전지,18,805
2023-11-06,연료전지,19,807
2023-11-06,연료전지,20,807
2023-11-06,연료전지,21,810
2023-11-06,연료전지,22,810
2023-11-06,연료전지,23,811
2023-11-06,연료전지,24,812
2023-11-06,경유,1,0
2023-11-06,경유,2,0
2023-11-06,경유,3,0
2023-11-06,경유,4,0
2023-11-06,경유,5,0
2023-11-06,경유,6,0
2023-11-06,경유,7,0
2023-11-06,경유,8,0
2023-11-06,경유,9,0
2023-11-06,경유,10,0
2023-11-06,경유,11,0
2023-11-06,경유,12,0
2023-11-06,경유,13,0
2023-11-06,경유,14,0
2023-11-06,경유,15,0
2023-11-06,경유,16,0
2023-11-06,경유,17,0
2023-11-06,경유,18,0
2023-11-06,경유,19,0
2023-11-06,경유,20,0
2023-11-06,경유,21,0
2023-11-06,경유,22,0
2023-11-06,경유,23,0
2023-11-06,경유,24,0
2023-11-06,해양에너지,1,0
2023-11-06,해양에너지,2,0
2023-11-06,해양에너지,3,0
2023-11-06,해양에너지,4,0
2023-11-06,해양에너지,5,0
2023-11-06,해양에너지,6,0
2023-11-06,해양에너지,7,0
2023-11-06,해양에너지,8,8
2023-11-06,해양에너지,9,24
2023-11-06,해양에너지,10,22
2023-11-06,해양에너지,11,0
2023-11-06,해양에너지,12,0
2023-11-06,해양에너지,13,0
2023-11-06,해양에너지,14,0
2023-11-06,해양에너지,15,0
2023-11-06,해양에너지,16,0
2023-11-06,해양에너지,17,0
2023-11-06,해양에너지,18,0
2023-11-06,해양에너지,19,0
2023-11-06,해양에너지,20,0
2023-11-06,해양에너지,21,0
2023-11-06,해양에너지,22,0
2023-11-06,해양에너지,23,1
2023-11-06,해양에너지,24,30
2023-11-06,바이오매스,1,760
2023-11-06,바이오매스,2,763
2023-11-06,바이오매스,3,757
2023-11-06,바이오매스,4,748
2023-11-06,바이오매스,5,756
2023-11-06,바이오매스,6,775
2023-11-06,바이오매스,7,779
2023-11-06,바이오매스,8,779
2023-11-06,바이오매스,9,779
2023-11-06,바이오매스,10,777
2023-11-06,바이오매스,11,756
2023-11-06,바이오매스,12,755
2023-11-06,바이오매스,13,757
2023-11-06,바이오매스,14,757
2023-11-06,바이오매스,15,756
2023-11-06,바이오매스,16,759
2023-11-06,바이오매스,17,759
2023-11-06,바이오매스,18,760
2023-11-06,바이오매스,19,756
2023-11-06,바이오매스,20,753
2023-11-06,바이오매스,21,754
2023-11-06,바이오매스,22,757
2023-11-06,바이오매스,23,758
2023-11-06,바이오매스,24,762
2023-11-06,IGCC,1,264
2023-11-06,IGCC,2,263
2023-11-06,IGCC,3,262
2023-11-06,IGCC,4,265
2023-11-06,IGCC,5,265
2023-11-06,IGCC,6,268
2023-11-06,IGCC,7,268
2023-11-06,IGCC,8,267
2023-11-06,IGCC,9,266
2023-11-06,IGCC,10,263
2023-11-06,IGCC,11,263
2023-11-06,IGCC,12,263
2023-11-06,IGCC,13,264
2023-11-06,IGCC,14,264
2023-11-06,IGCC,15,263
2023-11-06,IGCC,16,264
2023-11-06,IGCC,17,265
2023-11-06,IGCC,18,266
2023-11-06,IGCC,19,265
2023-11-06,IGCC,20,266
2023-11-06,IGCC,21,265
2023-11-06,IGCC,22,264
2023-11-06,IGCC,23,264
2023-11-06,IGCC,24,267
2023-11-06,바이오중유,1,145
2023-11-06,바이오중유,2,145
2023-11-06,바이오중유,3,145
2023-11-06,바이오중유,4,145
2023-11-06,바이오중유,5,145
2023-11-06,바이오중유,6,145
2023-11-06,바이오중유,7,144
2023-11-06,바이오중유,8,144
2023-11-06,바이오중유,9,145
2023-11-06,바이오중유,10,145
2023-11-06,바이오중유,11,145
2023-11-06,바이오중유,12,145
2023-11-06,바이오중유,13,145
2023-11-06,바이오중유,14,145
2023-11-06,바이오중유,15,145
2023-11-06,바이오중유,16,144
2023-11-06,바이오중유,17,161
2023-11-06,바이오중유,18,174
2023-11-06,바이오중유,19,173
2023-11-06,바이오중유,20,151
2023-11-06,바이오중유,21,145
2023-11-06,바이오중유,22,145
2023-11-06,바이오중유,23,145
2023-11-06,바이오중유,24,145
2023-11-06,바이오기타,1,3
2023-11-06,바이오기타,2,3
2023-11-06,바이오기타,3,3
2023-11-06,바이오기타,4,3
2023-11-06,바이오기타,5,3
2023-11-06,바이오기타,6,3
2023-11-06,바이오기타,7,3
2023-11-06,바이오기타,8,3
2023-11-06,바이오기타,9,2
2023-11-06,바이오기타,10,3
2023-11-06,바이오기타,11,1
2023-11-06,바이오기타,12,1
2023-11-06,바이오기타,13,1
2023-11-06,바이오기타,14,0
2023-11-06,바이오기타,15,0
2023-11-06,바이오기타,16,0
2023-11-06,바이오기타,17,1
2023-11-06,바이오기타,18,1
2023-11-06,바이오기타,19,1
2023-11-06,바이오기타,20,1
2023-11-06,바이오기타,21,0
2023-11-06,바이오기타,22,1
2023-11-06,바이오기타,23,2
2023-11-06,바이오기타,24,2
2023-11-06,기타,1,15
2023-11-06,기타,2,15
2023-11-06,기타,3,15
2023-11-06,기타,4,15
2023-11-06,기타,5,15
2023-11-06,기타,6,15
2023-11-06,기타,7,14
2023-11-06,기타,8,14
2023-11-06,기타,9,14
2023-11-06,기타,10,14
2023-11-06,기타,11,14
2023-11-06,기타,12,14
2023-11-06,기타,13,14
2023-11-06,기타,14,14
2023-11-06,기타,15,14
2023-11-06,기타,16,14
2023-11-06,기타,17,14
2023-11-06,기타,18,14
2023-11-06,기타,19,14
2023-11-06,기타,20,14
2023-11-06,기타,21,14
2023-11-06,기타,22,14
2023-11-06,기타,23,14
2023-11-06,기타,24,14
2023-11-07,원자력,1,20884
2023-11-07,원자력,2,20883
2023-11-07,원자력,3,20887
2023-11-07,원자력,4,20889
2023-11-07,원자력,5,20888
2023-11-07,원자력,6,20889
2023-11-07,원자력,7,20891
2023-11-07,원자력,8,20894
2023-11-07,원자력,9,20890
2023-11-07,원자력,10,20889
2023-11-07,원자력,11,20897
2023-11-07,원자력,12,20897
2023-11-07,원자력,13,20891
2023-11-07,원자력,14,20888
2023-11-07,원자력,15,20883
2023-11-07,원자력,16,20877
2023-11-07,원자력,17,20876
2023-11-07,원자력,18,20866
2023-11-07,원자력,19,20878
2023-11-07,원자력,20,20877
2023-11-07,원자력,21,20875
2023-11-07,원자력,22,20875
2023-11-07,원자력,23,20873
2023-11-07,원자력,24,20871
2023-11-07,유연탄,1,20479
2023-11-07,유연탄,2,20745
2023-11-07,유연탄,3,20503
2023-11-07,유연탄,4,20175
2023-11-07,유연탄,5,20742
2023-11-07,유연탄,6,20561
2023-11-07,유연탄,7,20586
2023-11-07,유연탄,8,20313
2023-11-07,유연탄,9,20303
2023-11-07,유연탄,10,19457
2023-11-07,유연탄,11,19148
2023-11-07,유연탄,12,17297
2023-11-07,유연탄,13,15756
2023-11-07,유연탄,14,16353
2023-11-07,유연탄,15,16868
2023-11-07,유연탄,16,18768
2023-11-07,유연탄,17,20021
2023-11-07,유연탄,18,19971
2023-11-07,유연탄,19,19245
2023-11-07,유연탄,20,19099
2023-11-07,유연탄,21,18802
2023-11-07,유연탄,22,18763
2023-11-07,유연탄,23,19369
2023-11-07,유연탄,24,20263
2023-11-07,무연탄,1,161
2023-11-07,무연탄,2,162
2023-11-07,무연탄,3,163
2023-11-07,무연탄,4,161
2023-11-07,무연탄,5,162
2023-11-07,무연탄,6,159
2023-11-07,무연탄,7,161
2023-11-07,무연탄,8,161
2023-11-07,무연탄,9,161
2023-11-07,무연탄,10,162
2023-11-07,무연탄,11,164
2023-11-07,무연탄,12,163
2023-11-07,무연탄,13,159
2023-11-07,무연탄,14,163
2023-11-07,무연탄,15,162
2023-11-07,무연탄,16,161
2023-11-07,무연탄,17,162
2023-11-07,무연탄,18,161
2023-11-07,무연탄,19,161
2023-11-07,무연탄,20,162
2023-11-07,무연탄,21,161
2023-11-07,무연탄,22,161
2023-11-07,무연탄,23,161
2023-11-07,무연탄,24,162
2023-11-07,바이오가스,1,36
2023-11-07,바이오가스,2,35
2023-11-07,바이오가스,3,35
2023-11-07,바이오가스,4,36
2023-11-07,바이오가스,5,36
2023-11-07,바이오가스,6,36
2023-11-07,바이오가스,7,36
2023-11-07,바이오가스,8,36
2023-11-07,바이오가스,9,36
2023-11-07,바이오가스,10,36
2023-11-07,바이오가스,11,36
2023-11-07,바이오가스,12,37
2023-11-07,바이오가스,13,37
2023-11-07,바이오가스,14,37
2023-11-07,바이오가스,15,36
2023-11-07,바이오가스,16,35
2023-11-07,바이오가스,17,35
2023-11-07,바이오가스,18,35
2023-11-07,바이오가스,19,34
2023-11-07,바이오가스,20,34
2023-11-07,바이오가스,21,35
2023-11-07,바이오가스,22,35
2023-11-07,바이오가스,23,34
2023-11-07,바이오가스,24,32
2023-11-07,부생가스,1,80
2023-11-07,부생가스,2,80
2023-11-07,부생가스,3,80
2023-11-07,부생가스,4,80
2023-11-07,부생가스,5,80
2023-11-07,부생가스,6,79
2023-11-07,부생가스,7,79
2023-11-07,부생가스,8,89
2023-11-07,부생가스,9,98
2023-11-07,부생가스,10,106
2023-11-07,부생가스,11,125
2023-11-07,부생가스,12,108
2023-11-07,부생가스,13,104
2023-11-07,부생가스,14,105
2023-11-07,부생가스,15,116
2023-11-07,부생가스,16,118
2023-11-07,부생가스,17,88
2023-11-07,부생가스,18,83
2023-11-07,부생가스,19,84
2023-11-07,부생가스,20,84
2023-11-07,부생가스,21,83
2023-11-07,부생가스,22,88
2023-11-07,부생가스,23,82
2023-11-07,부생가스,24,82
2023-11-07,수력,1,292
2023-11-07,수력,2,301
2023-11-07,수력,3,302
2023-11-07,수력,4,304
2023-11-07,수력,5,305
2023-11-07,수력,6,306
2023-11-07,수력,7,305
2023-11-07,수력,8,315
2023-11-07,수력,9,577
2023-11-07,수력,10,604
2023-11-07,수력,11,671
2023-11-07,수력,12,575
2023-11-07,수력,13,247
2023-11-07,수력,14,328
2023-11-07,수력,15,360
2023-11-07,수력,16,495
2023-11-07,수력,17,649
2023-11-07,수력,18,576
2023-11-07,수력,19,605
2023-11-07,수력,20,588
2023-11-07,수력,21,465
2023-11-07,수력,22,375
2023-11-07,수력,23,313
2023-11-07,수력,24,277
2023-11-07,양수,1,234
2023-11-07,양수,2,0
2023-11-07,양수,3,0
2023-11-07,양수,4,0
2023-11-07,양수,5,0
2023-11-07,양수,6,0
2023-11-07,양수,7,0
2023-11-07,양수,8,0
2023-11-07,양수,9,0
2023-11-07,양수,10,0
2023-11-07,양수,11,0
2023-11-07,양수,12,0
2023-11-07,양수,13,0
2023-11-07,양수,14,0
2023-11-07,양수,15,0
2023-11-07,양수,16,0
2023-11-07,양수,17,655
2023-11-07,양수,18,2231
2023-11-07,양수,19,2596
2023-11-07,양수,20,2749
2023-11-07,양수,21,2863
2023-11-07,양수,22,2813
2023-11-07,양수,23,2726
2023-11-07,양수,24,1703
2023-11-07,매립가스,1,14
2023-11-07,매립가스,2,14
2023-11-07,매립가스,3,14
2023-11-07,매립가스,4,14
2023-11-07,매립가스,5,14
2023-11-07,매립가스,6,14
2023-11-07,매립가스,7,14
2023-11-07,매립가스,8,14
2023-11-07,매립가스,9,14
2023-11-07,매립가스,10,14
2023-11-07,매립가스,11,14
2023-11-07,매립가스,12,14
2023-11-07,매립가스,13,14
2023-11-07,매립가스,14,14
2023-11-07,매립가스,15,14
2023-11-07,매립가스,16,17
2023-11-07,매립가스,17,25
2023-11-07,매립가스,18,29
2023-11-07,매립가스,19,29
2023-11-07,매립가스,20,28
2023-11-07,매립가스,21,29
2023-11-07,매립가스,22,29
2023-11-07,매립가스,23,29
2023-11-07,매립가스,24,29
2023-11-07,중유,1,7
2023-11-07,중유,2,6
2023-11-07,중유,3,6
2023-11-07,중유,4,7
2023-11-07,중유,5,7
2023-11-07,중유,6,7
2023-11-07,중유,7,8
2023-11-07,중유,8,8
2023-11-07,중유,9,7
2023-11-07,중유,10,8
2023-11-07,중유,11,13
2023-11-07,중유,12,19
2023-11-07,중유,13,19
2023-11-07,중유,14,18
2023-11-07,중유,15,18
2023-11-07,중유,16,19
2023-11-07,중유,17,18
2023-11-07,중유,18,18
2023-11-07,중유,19,19
2023-11-07,중유,20,19
2023-11-07,중유,21,19
2023-11-07,중유,22,18
2023-11-07,중유,23,19
2023-11-07,중유,24,18
2023-11-07,태양광,1,1
2023-11-07,태양광,2,0
2023-11-07,태양광,3,0
2023-11-07,태양광,4,0
2023-11-07,태양광,5,0
2023-11-07,태양광,6,0
2023-11-07,태양광,7,0
2023-11-07,태양광,8,140
2023-11-07,태양광,9,1021
2023-11-07,태양광,10,2232
2023-11-07,태양광,11,2976
2023-11-07,태양광,12,3681
2023-11-07,태양광,13,4066
2023-11-07,태양광,14,4133
2023-11-07,태양광,15,3623
2023-11-07,태양광,16,2694
2023-11-07,태양광,17,1530
2023-11-07,태양광,18,820
2023-11-07,태양광,19,833
2023-11-07,태양광,20,592
2023-11-07,태양광,21,340
2023-11-07,태양광,22,183
2023-11-07,태양광,23,80
2023-11-07,태양광,24,22
2023-11-07,폐기물,1,126
2023-11-07,폐기물,2,127
2023-11-07,폐기물,3,126
2023-11-07,폐기물,4,128
2023-11-07,폐기물,5,128
2023-11-07,폐기물,6,126
2023-11-07,폐기물,7,127
2023-11-07,폐기물,8,125
2023-11-07,폐기물,9,124
2023-11-07,폐기물,10,126
2023-11-07,폐기물,11,122
2023-11-07,폐기물,12,121
2023-11-07,폐기물,13,123
2023-11-07,폐기물,14,124
2023-11-07,폐기물,15,125
2023-11-07,폐기물,16,125
2023-11-07,폐기물,17,123
2023-11-07,폐기물,18,123
2023-11-07,폐기물,19,125
2023-11-07,폐기물,20,124
2023-11-07,폐기물,21,123
2023-11-07,폐기물,22,124
2023-11-07,폐기물,23,122
2023-11-07,폐기물,24,122
2023-11-07,풍력,1,969
2023-11-07,풍력,2,922
2023-11-07,풍력,3,882
2023-11-07,풍력,4,865
2023-11-07,풍력,5,869
2023-11-07,풍력,6,910
2023-11-07,풍력,7,903
2023-11-07,풍력,8,880
2023-11-07,풍력,9,958
2023-11-07,풍력,10,1022
2023-11-07,풍력,11,1000
2023-11-07,풍력,12,981
2023-11-07,풍력,13,953
2023-11-07,풍력,14,918
2023-11-07,풍력,15,913
2023-11-07,풍력,16,843
2023-11-07,풍력,17,775
2023-11-07,풍력,18,739
2023-11-07,풍력,19,797
2023-11-07,풍력,20,714
2023-11-07,풍력,21,601
2023-11-07,풍력,22,452
2023-11-07,풍력,23,302
2023-11-07,풍력,24,190
2023-11-07,LNG,1,9738
2023-11-07,LNG,2,8559
2023-11-07,LNG,3,8445
2023-11-07,LNG,4,8544
2023-11-07,LNG,5,8724
2023-11-07,LNG,6,10009
2023-11-07,LNG,7,12563
2023-11-07,LNG,8,15916
2023-11-07,LNG,9,16995
2023-11-07,LNG,10,16426
2023-11-07,LNG,11,14508
2023-11-07,LNG,12,13774
2023-11-07,LNG,13,12474
2023-11-07,LNG,14,13570
2023-11-07,LNG,15,15105
2023-11-07,LNG,16,16410
2023-11-07,LNG,17,17976
2023-11-07,LNG,18,19203
2023-11-07,LNG,19,19660
2023-11-07,LNG,20,18824
2023-11-07,LNG,21,17294
2023-11-07,LNG,22,15971
2023-11-07,LNG,23,15163
2023-11-07,LNG,24,13989
2023-11-07,연료전지,1,812
2023-11-07,연료전지,2,813
2023-11-07,연료전지,3,813
2023-11-07,연료전지,4,812
2023-11-07,연료전지,5,812
2023-11-07,연료전지,6,812
2023-11-07,연료전지,7,811
2023-11-07,연료전지,8,807
2023-11-07,연료전지,9,806
2023-11-07,연료전지,10,804
2023-11-07,연료전지,11,802
2023-11-07,연료전지,12,802
2023-11-07,연료전지,13,803
2023-11-07,연료전지,14,803
2023-11-07,연료전지,15,803
2023-11-07,연료전지,16,803
2023-11-07,연료전지,17,804
2023-11-07,연료전지,18,808
2023-11-07,연료전지,19,810
2023-11-07,연료전지,20,812
2023-11-07,연료전지,21,813
2023-11-07,연료전지,22,814
2023-11-07,연료전지,23,815
2023-11-07,연료전지,24,816
2023-11-07,경유,1,0
2023-11-07,경유,2,0
2023-11-07,경유,3,0
2023-11-07,경유,4,0
2023-11-07,경유,5,0
2023-11-07,경유,6,0
2023-11-07,경유,7,0
2023-11-07,경유,8,0
2023-11-07,경유,9,0
2023-11-07,경유,10,0
2023-11-07,경유,11,0
2023-11-07,경유,12,0
2023-11-07,경유,13,0
2023-11-07,경유,14,0
2023-11-07,경유,15,0
2023-11-07,경유,16,0
2023-11-07,경유,17,0
2023-11-07,경유,18,0
2023-11-07,경유,19,0
2023-11-07,경유,20,0
2023-11-07,경유,21,0
2023-11-07,경유,22,0
2023-11-07,경유,23,0
2023-11-07,경유,24,0
2023-11-07,해양에너지,1,4
2023-11-07,해양에너지,2,0
2023-11-07,해양에너지,3,0
2023-11-07,해양에너지,4,0
2023-11-07,해양에너지,5,0
2023-11-07,해양에너지,6,0
2023-11-07,해양에너지,7,0
2023-11-07,해양에너지,8,0
2023-11-07,해양에너지,9,0
2023-11-07,해양에너지,10,0
2023-11-07,해양에너지,11,0
2023-11-07,해양에너지,12,0
2023-11-07,해양에너지,13,0
2023-11-07,해양에너지,14,0
2023-11-07,해양에너지,15,0
2023-11-07,해양에너지,16,0
2023-11-07,해양에너지,17,0
2023-11-07,해양에너지,18,0
2023-11-07,해양에너지,19,0
2023-11-07,해양에너지,20,0
2023-11-07,해양에너지,21,0
2023-11-07,해양에너지,22,0
2023-11-07,해양에너지,23,0
2023-11-07,해양에너지,24,14
2023-11-07,바이오매스,1,763
2023-11-07,바이오매스,2,761
2023-11-07,바이오매스,3,758
2023-11-07,바이오매스,4,762
2023-11-07,바이오매스,5,761
2023-11-07,바이오매스,6,760
2023-11-07,바이오매스,7,760
2023-11-07,바이오매스,8,755
2023-11-07,바이오매스,9,756
2023-11-07,바이오매스,10,759
2023-11-07,바이오매스,11,752
2023-11-07,바이오매스,12,756
2023-11-07,바이오매스,13,756
2023-11-07,바이오매스,14,754
2023-11-07,바이오매스,15,755
2023-11-07,바이오매스,16,752
2023-11-07,바이오매스,17,757
2023-11-07,바이오매스,18,754
2023-11-07,바이오매스,19,753
2023-11-07,바이오매스,20,755
2023-11-07,바이오매스,21,757
2023-11-07,바이오매스,22,758
2023-11-07,바이오매스,23,758
2023-11-07,바이오매스,24,754
2023-11-07,IGCC,1,268
2023-11-07,IGCC,2,266
2023-11-07,IGCC,3,265
2023-11-07,IGCC,4,265
2023-11-07,IGCC,5,265
2023-11-07,IGCC,6,265
2023-11-07,IGCC,7,264
2023-11-07,IGCC,8,265
2023-11-07,IGCC,9,265
2023-11-07,IGCC,10,262
2023-11-07,IGCC,11,243
2023-11-07,IGCC,12,261
2023-11-07,IGCC,13,265
2023-11-07,IGCC,14,265
2023-11-07,IGCC,15,264
2023-11-07,IGCC,16,266
2023-11-07,IGCC,17,267
2023-11-07,IGCC,18,267
2023-11-07,IGCC,19,265
2023-11-07,IGCC,20,266
2023-11-07,IGCC,21,264
2023-11-07,IGCC,22,264
2023-11-07,IGCC,23,263
2023-11-07,IGCC,24,265
2023-11-07,바이오중유,1,145
2023-11-07,바이오중유,2,145
2023-11-07,바이오중유,3,145
2023-11-07,바이오중유,4,145
2023-11-07,바이오중유,5,145
2023-11-07,바이오중유,6,141
2023-11-07,바이오중유,7,145
2023-11-07,바이오중유,8,145
2023-11-07,바이오중유,9,132
2023-11-07,바이오중유,10,92
2023-11-07,바이오중유,11,100
2023-11-07,바이오중유,12,98
2023-11-07,바이오중유,13,98
2023-11-07,바이오중유,14,92
2023-11-07,바이오중유,15,90
2023-11-07,바이오중유,16,128
2023-11-07,바이오중유,17,146
2023-11-07,바이오중유,18,147
2023-11-07,바이오중유,19,147
2023-11-07,바이오중유,20,147
2023-11-07,바이오중유,21,159
2023-11-07,바이오중유,22,161
2023-11-07,바이오중유,23,161
2023-11-07,바이오중유,24,161
2023-11-07,바이오기타,1,1
2023-11-07,바이오기타,2,1
2023-11-07,바이오기타,3,2
2023-11-07,바이오기타,4,2
2023-11-07,바이오기타,5,2
2023-11-07,바이오기타,6,3
2023-11-07,바이오기타,7,2
2023-11-07,바이오기타,8,1
2023-11-07,바이오기타,9,1
2023-11-07,바이오기타,10,1
2023-11-07,바이오기타,11,1
2023-11-07,바이오기타,12,0
2023-11-07,바이오기타,13,1
2023-11-07,바이오기타,14,1
2023-11-07,바이오기타,15,1
2023-11-07,바이오기타,16,1
2023-11-07,바이오기타,17,1
2023-11-07,바이오기타,18,1
2023-11-07,바이오기타,19,2
2023-11-07,바이오기타,20,2
2023-11-07,바이오기타,21,2
2023-11-07,바이오기타,22,2
2023-11-07,바이오기타,23,3
2023-11-07,바이오기타,24,3
2023-11-07,기타,1,14
2023-11-07,기타,2,14
2023-11-07,기타,3,15
2023-11-07,기타,4,15
2023-11-07,기타,5,16
2023-11-07,기타,6,15
2023-11-07,기타,7,15
2023-11-07,기타,8,15
2023-11-07,기타,9,15
2023-11-07,기타,10,15
2023-11-07,기타,11,15
2023-11-07,기타,12,15
2023-11-07,기타,13,15
2023-11-07,기타,14,15
2023-11-07,기타,15,15
2023-11-07,기타,16,15
2023-11-07,기타,17,15
2023-11-07,기타,18,15
2023-11-07,기타,19,15
2023-11-07,기타,20,15
2023-11-07,기타,21,16
2023-11-07,기타,22,16
2023-11-07,기타,23,16
2023-11-07,기타,24,16
2023-11-08,원자력,1,20876
2023-11-08,원자력,2,20878
2023-11-08,원자력,3,20882
2023-11-08,원자력,4,20884
2023-11-08,원자력,5,20884
2023-11-08,원자력,6,20883
2023-11-08,원자력,7,20885
2023-11-08,원자력,8,20886
2023-11-08,원자력,9,20886
2023-11-08,원자력,10,20884
2023-11-08,원자력,11,20883
2023-11-08,원자력,12,20894
2023-11-08,원자력,13,20886
2023-11-08,원자력,14,20885
2023-11-08,원자력,15,20885
2023-11-08,원자력,16,20882
2023-11-08,원자력,17,20881
2023-11-08,원자력,18,20880
2023-11-08,원자력,19,20882
2023-11-08,원자력,20,20884
2023-11-08,원자력,21,20887
2023-11-08,원자력,22,20890
2023-11-08,원자력,23,20892
2023-11-08,원자력,24,20890
2023-11-08,유연탄,1,20414
2023-11-08,유연탄,2,20247
2023-11-08,유연탄,3,19816
2023-11-08,유연탄,4,19963
2023-11-08,유연탄,5,19996
2023-11-08,유연탄,6,19969
2023-11-08,유연탄,7,20155
2023-11-08,유연탄,8,20064
2023-11-08,유연탄,9,19742
2023-11-08,유연탄,10,19307
2023-11-08,유연탄,11,17596
2023-11-08,유연탄,12,16514
2023-11-08,유연탄,13,15780
2023-11-08,유연탄,14,16653
2023-11-08,유연탄,15,17210
2023-11-08,유연탄,16,18018
2023-11-08,유연탄,17,18354
2023-11-08,유연탄,18,18389
2023-11-08,유연탄,19,17869
2023-11-08,유연탄,20,18340
2023-11-08,유연탄,21,18414
2023-11-08,유연탄,22,18467
2023-11-08,유연탄,23,18514
2023-11-08,유연탄,24,18729
2023-11-08,무연탄,1,162
2023-11-08,무연탄,2,162
2023-11-08,무연탄,3,162
2023-11-08,무연탄,4,162
2023-11-08,무연탄,5,161
2023-11-08,무연탄,6,160
2023-11-08,무연탄,7,161
2023-11-08,무연탄,8,161
2023-11-08,무연탄,9,160
2023-11-08,무연탄,10,160
2023-11-08,무연탄,11,161
2023-11-08,무연탄,12,161
2023-11-08,무연탄,13,161
2023-11-08,무연탄,14,161
2023-11-08,무연탄,15,161
2023-11-08,무연탄,16,161
2023-11-08,무연탄,17,161
2023-11-08,무연탄,18,161
2023-11-08,무연탄,19,161
2023-11-08,무연탄,20,161
2023-11-08,무연탄,21,159
2023-11-08,무연탄,22,135
2023-11-08,무연탄,23,106
2023-11-08,무연탄,24,66
2023-11-08,바이오가스,1,31
2023-11-08,바이오가스,2,31
2023-11-08,바이오가스,3,31
2023-11-08,바이오가스,4,32
2023-11-08,바이오가스,5,33
2023-11-08,바이오가스,6,33
2023-11-08,바이오가스,7,33
2023-11-08,바이오가스,8,32
2023-11-08,바이오가스,9,32
2023-11-08,바이오가스,10,32
2023-11-08,바이오가스,11,32
2023-11-08,바이오가스,12,30
2023-11-08,바이오가스,13,27
2023-11-08,바이오가스,14,31
2023-11-08,바이오가스,15,33
2023-11-08,바이오가스,16,32
2023-11-08,바이오가스,17,35
2023-11-08,바이오가스,18,36
2023-11-08,바이오가스,19,35
2023-11-08,바이오가스,20,34
2023-11-08,바이오가스,21,34
2023-11-08,바이오가스,22,34
2023-11-08,바이오가스,23,34
2023-11-08,바이오가스,24,35
2023-11-08,부생가스,1,82
2023-11-08,부생가스,2,82
2023-11-08,부생가스,3,82
2023-11-08,부생가스,4,82
2023-11-08,부생가스,5,82
2023-11-08,부생가스,6,82
2023-11-08,부생가스,7,82
2023-11-08,부생가스,8,83
2023-11-08,부생가스,9,85
2023-11-08,부생가스,10,108
2023-11-08,부생가스,11,100
2023-11-08,부생가스,12,83
2023-11-08,부생가스,13,91
2023-11-08,부생가스,14,127
2023-11-08,부생가스,15,136
2023-11-08,부생가스,16,168
2023-11-08,부생가스,17,91
2023-11-08,부생가스,18,72
2023-11-08,부생가스,19,62
2023-11-08,부생가스,20,68
2023-11-08,부생가스,21,57
2023-11-08,부생가스,22,56
2023-11-08,부생가스,23,52
2023-11-08,부생가스,24,53
2023-11-08,수력,1,292
2023-11-08,수력,2,290
2023-11-08,수력,3,292
2023-11-08,수력,4,295
2023-11-08,수력,5,297
2023-11-08,수력,6,296
2023-11-08,수력,7,298
2023-11-08,수력,8,302
2023-11-08,수력,9,597
2023-11-08,수력,10,571
2023-11-08,수력,11,636
2023-11-08,수력,12,590
2023-11-08,수력,13,348
2023-11-08,수력,14,343
2023-11-08,수력,15,317
2023-11-08,수력,16,382
2023-11-08,수력,17,452
2023-11-08,수력,18,512
2023-11-08,수력,19,557
2023-11-08,수력,20,571
2023-11-08,수력,21,458
2023-11-08,수력,22,337
2023-11-08,수력,23,288
2023-11-08,수력,24,203
2023-11-08,양수,1,447
2023-11-08,양수,2,0
2023-11-08,양수,3,0
2023-11-08,양수,4,0
2023-11-08,양수,5,0
2023-11-08,양수,6,0
2023-11-08,양수,7,0
2023-11-08,양수,8,0
2023-11-08,양수,9,0
2023-11-08,양수,10,0
2023-11-08,양수,11,0
2023-11-08,양수,12,0
2023-11-08,양수,13,0
2023-11-08,양수,14,0
2023-11-08,양수,15,0
2023-11-08,양수,16,0
2023-11-08,양수,17,129
2023-11-08,양수,18,952
2023-11-08,양수,19,1541
2023-11-08,양수,20,1631
2023-11-08,양수,21,1634
2023-11-08,양수,22,1752
2023-11-08,양수,23,1322
2023-11-08,양수,24,923
2023-11-08,매립가스,1,30
2023-11-08,매립가스,2,30
2023-11-08,매립가스,3,30
2023-11-08,매립가스,4,30
2023-11-08,매립가스,5,30
2023-11-08,매립가스,6,30
2023-11-08,매립가스,7,30
2023-11-08,매립가스,8,30
2023-11-08,매립가스,9,31
2023-11-08,매립가스,10,30
2023-11-08,매립가스,11,31
2023-11-08,매립가스,12,32
2023-11-08,매립가스,13,32
2023-11-08,매립가스,14,32
2023-11-08,매립가스,15,32
2023-11-08,매립가스,16,32
2023-11-08,매립가스,17,32
2023-11-08,매립가스,18,31
2023-11-08,매립가스,19,31
2023-11-08,매립가스,20,31
2023-11-08,매립가스,21,31
2023-11-08,매립가스,22,31
2023-11-08,매립가스,23,31
2023-11-08,매립가스,24,31
2023-11-08,중유,1,18
2023-11-08,중유,2,17
2023-11-08,중유,3,18
2023-11-08,중유,4,17
2023-11-08,중유,5,17
2023-11-08,중유,6,17
2023-11-08,중유,7,17
2023-11-08,중유,8,16
2023-11-08,중유,9,16
2023-11-08,중유,10,15
2023-11-08,중유,11,16
2023-11-08,중유,12,15
2023-11-08,중유,13,16
2023-11-08,중유,14,15
2023-11-08,중유,15,15
2023-11-08,중유,16,16
2023-11-08,중유,17,16
2023-11-08,중유,18,16
2023-11-08,중유,19,16
2023-11-08,중유,20,16
2023-11-08,중유,21,16
2023-11-08,중유,22,16
2023-11-08,중유,23,16
2023-11-08,중유,24,16
2023-11-08,태양광,1,5
2023-11-08,태양광,2,1
2023-11-08,태양광,3,0
2023-11-08,태양광,4,0
2023-11-08,태양광,5,0
2023-11-08,태양광,6,0
2023-11-08,태양광,7,1
2023-11-08,태양광,8,243
2023-11-08,태양광,9,1528
2023-11-08,태양광,10,2972
2023-11-08,태양광,11,3626
2023-11-08,태양광,12,3980
2023-11-08,태양광,13,4179
2023-11-08,태양광,14,4358
2023-11-08,태양광,15,3868
2023-11-08,태양광,16,2554
2023-11-08,태양광,17,1384
2023-11-08,태양광,18,827
2023-11-08,태양광,19,895
2023-11-08,태양광,20,836
2023-11-08,태양광,21,520
2023-11-08,태양광,22,222
2023-11-08,태양광,23,97
2023-11-08,태양광,24,25
2023-11-08,폐기물,1,122
2023-11-08,폐기물,2,123
2023-11-08,폐기물,3,122
2023-11-08,폐기물,4,122
2023-11-08,폐기물,5,124
2023-11-08,폐기물,6,121
2023-11-08,폐기물,7,124
2023-11-08,폐기물,8,121
2023-11-08,폐기물,9,125
2023-11-08,폐기물,10,128
2023-11-08,폐기물,11,124
2023-11-08,폐기물,12,122
2023-11-08,폐기물,13,122
2023-11-08,폐기물,14,124
2023-11-08,폐기물,15,129
2023-11-08,폐기물,16,131
2023-11-08,폐기물,17,133
2023-11-08,폐기물,18,132
2023-11-08,폐기물,19,135
2023-11-08,폐기물,20,137
2023-11-08,폐기물,21,135
2023-11-08,폐기물,22,131
2023-11-08,폐기물,23,129
2023-11-08,폐기물,24,130
2023-11-08,풍력,1,124
2023-11-08,풍력,2,100
2023-11-08,풍력,3,97
2023-11-08,풍력,4,68
2023-11-08,풍력,5,53
2023-11-08,풍력,6,83
2023-11-08,풍력,7,74
2023-11-08,풍력,8,59
2023-11-08,풍력,9,50
2023-11-08,풍력,10,57
2023-11-08,풍력,11,56
2023-11-08,풍력,12,63
2023-11-08,풍력,13,53
2023-11-08,풍력,14,54
2023-11-08,풍력,15,51
2023-11-08,풍력,16,42
2023-11-08,풍력,17,37
2023-11-08,풍력,18,59
2023-11-08,풍력,19,113
2023-11-08,풍력,20,108
2023-11-08,풍력,21,133
2023-11-08,풍력,22,163
2023-11-08,풍력,23,186
2023-11-08,풍력,24,191
2023-11-08,LNG,1,11488
2023-11-08,LNG,2,10003
2023-11-08,LNG,3,10010
2023-11-08,LNG,4,10680
2023-11-08,LNG,5,11006
2023-11-08,LNG,6,11769
2023-11-08,LNG,7,14012
2023-11-08,LNG,8,17514
2023-11-08,LNG,9,17825
2023-11-08,LNG,10,15518
2023-11-08,LNG,11,15215
2023-11-08,LNG,12,13994
2023-11-08,LNG,13,13095
2023-11-08,LNG,14,13738
2023-11-08,LNG,15,15160
2023-11-08,LNG,16,17397
2023-11-08,LNG,17,20832
2023-11-08,LNG,18,21102
2023-11-08,LNG,19,20902
2023-11-08,LNG,20,19908
2023-11-08,LNG,21,18522
2023-11-08,LNG,22,17174
2023-11-08,LNG,23,17304
2023-11-08,LNG,24,16431
2023-11-08,연료전지,1,816
2023-11-08,연료전지,2,817
2023-11-08,연료전지,3,817
2023-11-08,연료전지,4,817
2023-11-08,연료전지,5,816
2023-11-08,연료전지,6,816
2023-11-08,연료전지,7,814
2023-11-08,연료전지,8,811
2023-11-08,연료전지,9,809
2023-11-08,연료전지,10,807
2023-11-08,연료전지,11,806
2023-11-08,연료전지,12,806
2023-11-08,연료전지,13,804
2023-11-08,연료전지,14,805
2023-11-08,연료전지,15,806
2023-11-08,연료전지,16,808
2023-11-08,연료전지,17,809
2023-11-08,연료전지,18,809
2023-11-08,연료전지,19,808
2023-11-08,연료전지,20,810
2023-11-08,연료전지,21,812
2023-11-08,연료전지,22,813
2023-11-08,연료전지,23,813
2023-11-08,연료전지,24,815
2023-11-08,경유,1,0
2023-11-08,경유,2,0
2023-11-08,경유,3,0
2023-11-08,경유,4,0
2023-11-08,경유,5,0
2023-11-08,경유,6,0
2023-11-08,경유,7,0
2023-11-08,경유,8,0
2023-11-08,경유,9,0
2023-11-08,경유,10,0
2023-11-08,경유,11,0
2023-11-08,경유,12,0
2023-11-08,경유,13,0
2023-11-08,경유,14,0
2023-11-08,경유,15,0
2023-11-08,경유,16,0
2023-11-08,경유,17,0
2023-11-08,경유,18,0
2023-11-08,경유,19,0
2023-11-08,경유,20,0
2023-11-08,경유,21,0
2023-11-08,경유,22,0
2023-11-08,경유,23,0
2023-11-08,경유,24,0
2023-11-08,해양에너지,1,27
2023-11-08,해양에너지,2,24
2023-11-08,해양에너지,3,0
2023-11-08,해양에너지,4,0
2023-11-08,해양에너지,5,0
2023-11-08,해양에너지,6,0
2023-11-08,해양에너지,7,0
2023-11-08,해양에너지,8,0
2023-11-08,해양에너지,9,0
2023-11-08,해양에너지,10,0
2023-11-08,해양에너지,11,0
2023-11-08,해양에너지,12,7
2023-11-08,해양에너지,13,29
2023-11-08,해양에너지,14,27
2023-11-08,해양에너지,15,0
2023-11-08,해양에너지,16,0
2023-11-08,해양에너지,17,0
2023-11-08,해양에너지,18,0
2023-11-08,해양에너지,19,0
2023-11-08,해양에너지,20,0
2023-11-08,해양에너지,21,0
2023-11-08,해양에너지,22,0
2023-11-08,해양에너지,23,0
2023-11-08,해양에너지,24,0
2023-11-08,바이오매스,1,756
2023-11-08,바이오매스,2,756
2023-11-08,바이오매스,3,756
2023-11-08,바이오매스,4,760
2023-11-08,바이오매스,5,757
2023-11-08,바이오매스,6,750
2023-11-08,바이오매스,7,731
2023-11-08,바이오매스,8,739
2023-11-08,바이오매스,9,752
2023-11-08,바이오매스,10,754
2023-11-08,바이오매스,11,752
2023-11-08,바이오매스,12,752
2023-11-08,바이오매스,13,751
2023-11-08,바이오매스,14,753
2023-11-08,바이오매스,15,752
2023-11-08,바이오매스,16,747
2023-11-08,바이오매스,17,749
2023-11-08,바이오매스,18,749
2023-11-08,바이오매스,19,752
2023-11-08,바이오매스,20,755
2023-11-08,바이오매스,21,759
2023-11-08,바이오매스,22,759
2023-11-08,바이오매스,23,760
2023-11-08,바이오매스,24,759
2023-11-08,IGCC,1,266
2023-11-08,IGCC,2,265
2023-11-08,IGCC,3,265
2023-11-08,IGCC,4,266
2023-11-08,IGCC,5,265
2023-11-08,IGCC,6,264
2023-11-08,IGCC,7,263
2023-11-08,IGCC,8,262
2023-11-08,IGCC,9,265
2023-11-08,IGCC,10,265
2023-11-08,IGCC,11,264
2023-11-08,IGCC,12,266
2023-11-08,IGCC,13,267
2023-11-08,IGCC,14,267
2023-11-08,IGCC,15,268
2023-11-08,IGCC,16,268
2023-11-08,IGCC,17,267
2023-11-08,IGCC,18,268
2023-11-08,IGCC,19,267
2023-11-08,IGCC,20,268
2023-11-08,IGCC,21,268
2023-11-08,IGCC,22,269
2023-11-08,IGCC,23,268
2023-11-08,IGCC,24,270
2023-11-08,바이오중유,1,149
2023-11-08,바이오중유,2,145
2023-11-08,바이오중유,3,145
2023-11-08,바이오중유,4,145
2023-11-08,바이오중유,5,145
2023-11-08,바이오중유,6,145
2023-11-08,바이오중유,7,145
2023-11-08,바이오중유,8,145
2023-11-08,바이오중유,9,145
2023-11-08,바이오중유,10,145
2023-11-08,바이오중유,11,150
2023-11-08,바이오중유,12,120
2023-11-08,바이오중유,13,130
2023-11-08,바이오중유,14,140
2023-11-08,바이오중유,15,145
2023-11-08,바이오중유,16,171
2023-11-08,바이오중유,17,173
2023-11-08,바이오중유,18,173
2023-11-08,바이오중유,19,172
2023-11-08,바이오중유,20,172
2023-11-08,바이오중유,21,169
2023-11-08,바이오중유,22,174
2023-11-08,바이오중유,23,176
2023-11-08,바이오중유,24,175
2023-11-08,바이오기타,1,2
2023-11-08,바이오기타,2,2
2023-11-08,바이오기타,3,2
2023-11-08,바이오기타,4,2
2023-11-08,바이오기타,5,2
2023-11-08,바이오기타,6,3
2023-11-08,바이오기타,7,3
2023-11-08,바이오기타,8,3
2023-11-08,바이오기타,9,2
2023-11-08,바이오기타,10,1
2023-11-08,바이오기타,11,2
2023-11-08,바이오기타,12,2
2023-11-08,바이오기타,13,2
2023-11-08,바이오기타,14,1
2023-11-08,바이오기타,15,1
2023-11-08,바이오기타,16,0
2023-11-08,바이오기타,17,0
2023-11-08,바이오기타,18,0
2023-11-08,바이오기타,19,0
2023-11-08,바이오기타,20,2
2023-11-08,바이오기타,21,2
2023-11-08,바이오기타,22,3
2023-11-08,바이오기타,23,3
2023-11-08,바이오기타,24,3
2023-11-08,기타,1,16
2023-11-08,기타,2,16
2023-11-08,기타,3,15
2023-11-08,기타,4,15
2023-11-08,기타,5,15
2023-11-08,기타,6,15
2023-11-08,기타,7,15
2023-11-08,기타,8,15
2023-11-08,기타,9,15
2023-11-08,기타,10,15
2023-11-08,기타,11,15
2023-11-08,기타,12,15
2023-11-08,기타,13,15
2023-11-08,기타,14,15
2023-11-08,기타,15,16
2023-11-08,기타,16,16
2023-11-08,기타,17,16
2023-11-08,기타,18,16
2023-11-08,기타,19,15
2023-11-08,기타,20,16
2023-11-08,기타,21,16
2023-11-08,기타,22,17
2023-11-08,기타,23,17
2023-11-08,기타,24,17
2023-11-09,원자력,1,20891
2023-11-09,원자력,2,20892
2023-11-09,원자력,3,20892
2023-11-09,원자력,4,20890
2023-11-09,원자력,5,20889
2023-11-09,원자력,6,20889
2023-11-09,원자력,7,20889
2023-11-09,원자력,8,20888
2023-11-09,원자력,9,20888
2023-11-09,원자력,10,20886
2023-11-09,원자력,11,20896
2023-11-09,원자력,12,20899
2023-11-09,원자력,13,20892
2023-11-09,원자력,14,20887
2023-11-09,원자력,15,20889
2023-11-09,원자력,16,20888
2023-11-09,원자력,17,20886
2023-11-09,원자력,18,20886
2023-11-09,원자력,19,20885
2023-11-09,원자력,20,20884
2023-11-09,원자력,21,20879
2023-11-09,원자력,22,20874
2023-11-09,원자력,23,20863
2023-11-09,원자력,24,20849
2023-11-09,유연탄,1,18880
2023-11-09,유연탄,2,19106
2023-11-09,유연탄,3,19359
2023-11-09,유연탄,4,19444
2023-11-09,유연탄,5,19436
2023-11-09,유연탄,6,19378
2023-11-09,유연탄,7,19373
2023-11-09,유연탄,8,19296
2023-11-09,유연탄,9,19102
2023-11-09,유연탄,10,18809
2023-11-09,유연탄,11,17820
2023-11-09,유연탄,12,17348
2023-11-09,유연탄,13,17753
2023-11-09,유연탄,14,18263
2023-11-09,유연탄,15,18394
2023-11-09,유연탄,16,18528
2023-11-09,유연탄,17,18527
2023-11-09,유연탄,18,18433
2023-11-09,유연탄,19,18390
2023-11-09,유연탄,20,18341
2023-11-09,유연탄,21,18619
2023-11-09,유연탄,22,18701
2023-11-09,유연탄,23,18896
2023-11-09,유연탄,24,18931
2023-11-09,무연탄,1,0
2023-11-09,무연탄,2,0
2023-11-09,무연탄,3,0
2023-11-09,무연탄,4,0
2023-11-09,무연탄,5,0
2023-11-09,무연탄,6,0
2023-11-09,무연탄,7,0
2023-11-09,무연탄,8,0
2023-11-09,무연탄,9,0
2023-11-09,무연탄,10,0
2023-11-09,무연탄,11,0
2023-11-09,무연탄,12,0
2023-11-09,무연탄,13,0
2023-11-09,무연탄,14,0
2023-11-09,무연탄,15,0
2023-11-09,무연탄,16,0
2023-11-09,무연탄,17,0
2023-11-09,무연탄,18,0
2023-11-09,무연탄,19,0
2023-11-09,무연탄,20,0
2023-11-09,무연탄,21,0
2023-11-09,무연탄,22,0
2023-11-09,무연탄,23,0
2023-11-09,무연탄,24,0
2023-11-09,바이오가스,1,35
2023-11-09,바이오가스,2,35
2023-11-09,바이오가스,3,34
2023-11-09,바이오가스,4,34
2023-11-09,바이오가스,5,33
2023-11-09,바이오가스,6,34
2023-11-09,바이오가스,7,35
2023-11-09,바이오가스,8,35
2023-11-09,바이오가스,9,35
2023-11-09,바이오가스,10,35
2023-11-09,바이오가스,11,35
2023-11-09,바이오가스,12,35
2023-11-09,바이오가스,13,36
2023-11-09,바이오가스,14,37
2023-11-09,바이오가스,15,37
2023-11-09,바이오가스,16,34
2023-11-09,바이오가스,17,34
2023-11-09,바이오가스,18,35
2023-11-09,바이오가스,19,35
2023-11-09,바이오가스,20,35
2023-11-09,바이오가스,21,34
2023-11-09,바이오가스,22,34
2023-11-09,바이오가스,23,35
2023-11-09,바이오가스,24,34
2023-11-09,부생가스,1,53
2023-11-09,부생가스,2,52
2023-11-09,부생가스,3,52
2023-11-09,부생가스,4,52
2023-11-09,부생가스,5,52
2023-11-09,부생가스,6,52
2023-11-09,부생가스,7,52
2023-11-09,부생가스,8,53
2023-11-09,부생가스,9,55
2023-11-09,부생가스,10,64
2023-11-09,부생가스,11,64
2023-11-09,부생가스,12,94
2023-11-09,부생가스,13,107
2023-11-09,부생가스,14,66
2023-11-09,부생가스,15,47
2023-11-09,부생가스,16,66
2023-11-09,부생가스,17,76
2023-11-09,부생가스,18,71
2023-11-09,부생가스,19,47
2023-11-09,부생가스,20,47
2023-11-09,부생가스,21,48
2023-11-09,부생가스,22,48
2023-11-09,부생가스,23,49
2023-11-09,부생가스,24,48
2023-11-09,수력,1,168
2023-11-09,수력,2,162
2023-11-09,수력,3,161
2023-11-09,수력,4,161
2023-11-09,수력,5,162
2023-11-09,수력,6,155
2023-11-09,수력,7,146
2023-11-09,수력,8,151
2023-11-09,수력,9,543
2023-11-09,수력,10,567
2023-11-09,수력,11,616
2023-11-09,수력,12,513
2023-11-09,수력,13,273
2023-11-09,수력,14,272
2023-11-09,수력,15,355
2023-11-09,수력,16,447
2023-11-09,수력,17,502
2023-11-09,수력,18,533
2023-11-09,수력,19,529
2023-11-09,수력,20,430
2023-11-09,수력,21,268
2023-11-09,수력,22,220
2023-11-09,수력,23,206
2023-11-09,수력,24,174
2023-11-09,양수,1,445
2023-11-09,양수,2,46
2023-11-09,양수,3,0
2023-11-09,양수,4,0
2023-11-09,양수,5,0
2023-11-09,양수,6,0
2023-11-09,양수,7,0
2023-11-09,양수,8,0
2023-11-09,양수,9,0
2023-11-09,양수,10,0
2023-11-09,양수,11,0
2023-11-09,양수,12,0
2023-11-09,양수,13,0
2023-11-09,양수,14,63
2023-11-09,양수,15,198
2023-11-09,양수,16,198
2023-11-09,양수,17,5
2023-11-09,양수,18,0
2023-11-09,양수,19,777
2023-11-09,양수,20,1631
2023-11-09,양수,21,1583
2023-11-09,양수,22,1502
2023-11-09,양수,23,1160
2023-11-09,양수,24,897
2023-11-09,매립가스,1,31
2023-11-09,매립가스,2,31
2023-11-09,매립가스,3,31
2023-11-09,매립가스,4,31
2023-11-09,매립가스,5,31
2023-11-09,매립가스,6,31
2023-11-09,매립가스,7,31
2023-11-09,매립가스,8,31
2023-11-09,매립가스,9,31
2023-11-09,매립가스,10,31
2023-11-09,매립가스,11,31
2023-11-09,매립가스,12,31
2023-11-09,매립가스,13,30
2023-11-09,매립가스,14,22
2023-11-09,매립가스,15,30
2023-11-09,매립가스,16,31
2023-11-09,매립가스,17,31
2023-11-09,매립가스,18,28
2023-11-09,매립가스,19,28
2023-11-09,매립가스,20,29
2023-11-09,매립가스,21,29
2023-11-09,매립가스,22,30
2023-11-09,매립가스,23,30
2023-11-09,매립가스,24,30
2023-11-09,중유,1,16
2023-11-09,중유,2,16
2023-11-09,중유,3,16
2023-11-09,중유,4,15
2023-11-09,중유,5,5
2023-11-09,중유,6,5
2023-11-09,중유,7,5
2023-11-09,중유,8,5
2023-11-09,중유,9,5
2023-11-09,중유,10,5
2023-11-09,중유,11,5
2023-11-09,중유,12,5
2023-11-09,중유,13,5
2023-11-09,중유,14,5
2023-11-09,중유,15,4
2023-11-09,중유,16,5
2023-11-09,중유,17,5
2023-11-09,중유,18,5
2023-11-09,중유,19,5
2023-11-09,중유,20,5
2023-11-09,중유,21,5
2023-11-09,중유,22,6
2023-11-09,중유,23,6
2023-11-09,중유,24,5
2023-11-09,태양광,1,5
2023-11-09,태양광,2,1
2023-11-09,태양광,3,0
2023-11-09,태양광,4,0
2023-11-09,태양광,5,0
2023-11-09,태양광,6,0
2023-11-09,태양광,7,0
2023-11-09,태양광,8,195
2023-11-09,태양광,9,1085
2023-11-09,태양광,10,2126
2023-11-09,태양광,11,2625
2023-11-09,태양광,12,2703
2023-11-09,태양광,13,2295
2023-11-09,태양광,14,1817
2023-11-09,태양광,15,1307
2023-11-09,태양광,16,751
2023-11-09,태양광,17,849
2023-11-09,태양광,18,742
2023-11-09,태양광,19,673
2023-11-09,태양광,20,410
2023-11-09,태양광,21,173
2023-11-09,태양광,22,73
2023-11-09,태양광,23,24
2023-11-09,태양광,24,5
2023-11-09,폐기물,1,131
2023-11-09,폐기물,2,133
2023-11-09,폐기물,3,130
2023-11-09,폐기물,4,131
2023-11-09,폐기물,5,131
2023-11-09,폐기물,6,132
2023-11-09,폐기물,7,129
2023-11-09,폐기물,8,128
2023-11-09,폐기물,9,129
2023-11-09,폐기물,10,129
2023-11-09,폐기물,11,126
2023-11-09,폐기물,12,124
2023-11-09,폐기물,13,129
2023-11-09,폐기물,14,128
2023-11-09,폐기물,15,126
2023-11-09,폐기물,16,125
2023-11-09,폐기물,17,125
2023-11-09,폐기물,18,128
2023-11-09,폐기물,19,125
2023-11-09,폐기물,20,124
2023-11-09,폐기물,21,127
2023-11-09,폐기물,22,131
2023-11-09,폐기물,23,131
2023-11-09,폐기물,24,134
2023-11-09,풍력,1,219
2023-11-09,풍력,2,192
2023-11-09,풍력,3,204
2023-11-09,풍력,4,248
2023-11-09,풍력,5,270
2023-11-09,풍력,6,312
2023-11-09,풍력,7,369
2023-11-09,풍력,8,411
2023-11-09,풍력,9,453
2023-11-09,풍력,10,468
2023-11-09,풍력,11,532
2023-11-09,풍력,12,598
2023-11-09,풍력,13,628
2023-11-09,풍력,14,636
2023-11-09,풍력,15,583
2023-11-09,풍력,16,566
2023-11-09,풍력,17,578
2023-11-09,풍력,18,551
2023-11-09,풍력,19,588
2023-11-09,풍력,20,561
2023-11-09,풍력,21,523
2023-11-09,풍력,22,612
2023-11-09,풍력,23,701
2023-11-09,풍력,24,742
2023-11-09,LNG,1,13210
2023-11-09,LNG,2,11314
2023-11-09,LNG,3,11065
2023-11-09,LNG,4,11342
2023-11-09,LNG,5,11640
2023-11-09,LNG,6,12927
2023-11-09,LNG,7,14814
2023-11-09,LNG,8,18129
2023-11-09,LNG,9,19741
2023-11-09,LNG,10,18053
2023-11-09,LNG,11,17376
2023-11-09,LNG,12,17261
2023-11-09,LNG,13,16580
2023-11-09,LNG,14,19266
2023-11-09,LNG,15,21428
2023-11-09,LNG,16,22862
2023-11-09,LNG,17,22997
2023-11-09,LNG,18,23102
2023-11-09,LNG,19,21999
2023-11-09,LNG,20,20891
2023-11-09,LNG,21,19350
2023-11-09,LNG,22,17760
2023-11-09,LNG,23,17379
2023-11-09,LNG,24,16177
2023-11-09,연료전지,1,816
2023-11-09,연료전지,2,817
2023-11-09,연료전지,3,816
2023-11-09,연료전지,4,817
2023-11-09,연료전지,5,817
2023-11-09,연료전지,6,817
2023-11-09,연료전지,7,817
2023-11-09,연료전지,8,815
2023-11-09,연료전지,9,812
2023-11-09,연료전지,10,812
2023-11-09,연료전지,11,811
2023-11-09,연료전지,12,811
2023-11-09,연료전지,13,811
2023-11-09,연료전지,14,810
2023-11-09,연료전지,15,812
2023-11-09,연료전지,16,814
2023-11-09,연료전지,17,814
2023-11-09,연료전지,18,814
2023-11-09,연료전지,19,814
2023-11-09,연료전지,20,815
2023-11-09,연료전지,21,815
2023-11-09,연료전지,22,816
2023-11-09,연료전지,23,816
2023-11-09,연료전지,24,816
2023-11-09,경유,1,0
2023-11-09,경유,2,0
2023-11-09,경유,3,0
2023-11-09,경유,4,0
2023-11-09,경유,5,0
2023-11-09,경유,6,0
2023-11-09,경유,7,0
2023-11-09,경유,8,0
2023-11-09,경유,9,0
2023-11-09,경유,10,0
2023-11-09,경유,11,0
2023-11-09,경유,12,0
2023-11-09,경유,13,0
2023-11-09,경유,14,0
2023-11-09,경유,15,0
2023-11-09,경유,16,0
2023-11-09,경유,17,0
2023-11-09,경유,18,0
2023-11-09,경유,19,0
2023-11-09,경유,20,0
2023-11-09,경유,21,0
2023-11-09,경유,22,0
2023-11-09,경유,23,0
2023-11-09,경유,24,0
2023-11-09,해양에너지,1,51
2023-11-09,해양에너지,2,77
2023-11-09,해양에너지,3,31
2023-11-09,해양에너지,4,0
2023-11-09,해양에너지,5,0
2023-11-09,해양에너지,6,0
2023-11-09,해양에너지,7,0
2023-11-09,해양에너지,8,0
2023-11-09,해양에너지,9,0
2023-11-09,해양에너지,10,0
2023-11-09,해양에너지,11,0
2023-11-09,해양에너지,12,0
2023-11-09,해양에너지,13,25
2023-11-09,해양에너지,14,104
2023-11-09,해양에너지,15,103
2023-11-09,해양에너지,16,51
2023-11-09,해양에너지,17,0
2023-11-09,해양에너지,18,0
2023-11-09,해양에너지,19,0
2023-11-09,해양에너지,20,0
2023-11-09,해양에너지,21,0
2023-11-09,해양에너지,22,0
2023-11-09,해양에너지,23,0
2023-11-09,해양에너지,24,0
2023-11-09,바이오매스,1,760
2023-11-09,바이오매스,2,758
2023-11-09,바이오매스,3,759
2023-11-09,바이오매스,4,757
2023-11-09,바이오매스,5,756
2023-11-09,바이오매스,6,764
2023-11-09,바이오매스,7,776
2023-11-09,바이오매스,8,772
2023-11-09,바이오매스,9,777
2023-11-09,바이오매스,10,784
2023-11-09,바이오매스,11,789
2023-11-09,바이오매스,12,787
2023-11-09,바이오매스,13,781
2023-11-09,바이오매스,14,779
2023-11-09,바이오매스,15,778
2023-11-09,바이오매스,16,765
2023-11-09,바이오매스,17,756
2023-11-09,바이오매스,18,762
2023-11-09,바이오매스,19,786
2023-11-09,바이오매스,20,803
2023-11-09,바이오매스,21,824
2023-11-09,바이오매스,22,840
2023-11-09,바이오매스,23,851
2023-11-09,바이오매스,24,854
2023-11-09,IGCC,1,271
2023-11-09,IGCC,2,271
2023-11-09,IGCC,3,270
2023-11-09,IGCC,4,270
2023-11-09,IGCC,5,269
2023-11-09,IGCC,6,268
2023-11-09,IGCC,7,266
2023-11-09,IGCC,8,266
2023-11-09,IGCC,9,266
2023-11-09,IGCC,10,261
2023-11-09,IGCC,11,236
2023-11-09,IGCC,12,261
2023-11-09,IGCC,13,265
2023-11-09,IGCC,14,265
2023-11-09,IGCC,15,263
2023-11-09,IGCC,16,265
2023-11-09,IGCC,17,266
2023-11-09,IGCC,18,267
2023-11-09,IGCC,19,265
2023-11-09,IGCC,20,265
2023-11-09,IGCC,21,265
2023-11-09,IGCC,22,263
2023-11-09,IGCC,23,263
2023-11-09,IGCC,24,265
2023-11-09,바이오중유,1,166
2023-11-09,바이오중유,2,147
2023-11-09,바이오중유,3,145
2023-11-09,바이오중유,4,145
2023-11-09,바이오중유,5,145
2023-11-09,바이오중유,6,145
2023-11-09,바이오중유,7,145
2023-11-09,바이오중유,8,145
2023-11-09,바이오중유,9,145
2023-11-09,바이오중유,10,134
2023-11-09,바이오중유,11,114
2023-11-09,바이오중유,12,109
2023-11-09,바이오중유,13,124
2023-11-09,바이오중유,14,163
2023-11-09,바이오중유,15,174
2023-11-09,바이오중유,16,174
2023-11-09,바이오중유,17,203
2023-11-09,바이오중유,18,211
2023-11-09,바이오중유,19,193
2023-11-09,바이오중유,20,167
2023-11-09,바이오중유,21,173
2023-11-09,바이오중유,22,176
2023-11-09,바이오중유,23,176
2023-11-09,바이오중유,24,175
2023-11-09,바이오기타,1,3
2023-11-09,바이오기타,2,3
2023-11-09,바이오기타,3,3
2023-11-09,바이오기타,4,3
2023-11-09,바이오기타,5,3
2023-11-09,바이오기타,6,3
2023-11-09,바이오기타,7,3
2023-11-09,바이오기타,8,2
2023-11-09,바이오기타,9,3
2023-11-09,바이오기타,10,2
2023-11-09,바이오기타,11,2
2023-11-09,바이오기타,12,3
2023-11-09,바이오기타,13,3
2023-11-09,바이오기타,14,2
2023-11-09,바이오기타,15,1
2023-11-09,바이오기타,16,2
2023-11-09,바이오기타,17,2
2023-11-09,바이오기타,18,2
2023-11-09,바이오기타,19,2
2023-11-09,바이오기타,20,3
2023-11-09,바이오기타,21,3
2023-11-09,바이오기타,22,2
2023-11-09,바이오기타,23,3
2023-11-09,바이오기타,24,3
2023-11-09,기타,1,17
2023-11-09,기타,2,17
2023-11-09,기타,3,17
2023-11-09,기타,4,17
2023-11-09,기타,5,17
2023-11-09,기타,6,17
2023-11-09,기타,7,17
2023-11-09,기타,8,17
2023-11-09,기타,9,17
2023-11-09,기타,10,17
2023-11-09,기타,11,17
2023-11-09,기타,12,17
2023-11-09,기타,13,17
2023-11-09,기타,14,17
2023-11-09,기타,15,17
2023-11-09,기타,16,17
2023-11-09,기타,17,17
2023-11-09,기타,18,17
2023-11-09,기타,19,17
2023-11-09,기타,20,17
2023-11-09,기타,21,17
2023-11-09,기타,22,17
2023-11-09,기타,23,17
2023-11-09,기타,24,17
2023-11-10,원자력,1,20841
2023-11-10,원자력,2,20833
2023-11-10,원자력,3,20819
2023-11-10,원자력,4,20807
2023-11-10,원자력,5,20797
2023-11-10,원자력,6,20795
2023-11-10,원자력,7,20797
2023-11-10,원자력,8,20798
2023-11-10,원자력,9,20796
2023-11-10,원자력,10,20791
2023-11-10,원자력,11,20785
2023-11-10,원자력,12,20790
2023-11-10,원자력,13,20793
2023-11-10,원자력,14,20793
2023-11-10,원자력,15,20795
2023-11-10,원자력,16,20799
2023-11-10,원자력,17,20797
2023-11-10,원자력,18,20796
2023-11-10,원자력,19,20794
2023-11-10,원자력,20,20791
2023-11-10,원자력,21,20781
2023-11-10,원자력,22,20773
2023-11-10,원자력,23,20766
2023-11-10,원자력,24,20762
2023-11-10,유연탄,1,18910
2023-11-10,유연탄,2,18922
2023-11-10,유연탄,3,18904
2023-11-10,유연탄,4,18891
2023-11-10,유연탄,5,18929
2023-11-10,유연탄,6,19033
2023-11-10,유연탄,7,18952
2023-11-10,유연탄,8,19123
2023-11-10,유연탄,9,19130
2023-11-10,유연탄,10,17962
2023-11-10,유연탄,11,16753
2023-11-10,유연탄,12,16583
2023-11-10,유연탄,13,16307
2023-11-10,유연탄,14,18225
2023-11-10,유연탄,15,19203
2023-11-10,유연탄,16,19018
2023-11-10,유연탄,17,19072
2023-11-10,유연탄,18,19009
2023-11-10,유연탄,19,18806
2023-11-10,유연탄,20,18765
2023-11-10,유연탄,21,18767
2023-11-10,유연탄,22,18639
2023-11-10,유연탄,23,18636
2023-11-10,유연탄,24,18536
2023-11-10,무연탄,1,0
2023-11-10,무연탄,2,0
2023-11-10,무연탄,3,0
2023-11-10,무연탄,4,0
2023-11-10,무연탄,5,0
2023-11-10,무연탄,6,0
2023-11-10,무연탄,7,0
2023-11-10,무연탄,8,0
2023-11-10,무연탄,9,0
2023-11-10,무연탄,10,0
2023-11-10,무연탄,11,0
2023-11-10,무연탄,12,0
2023-11-10,무연탄,13,0
2023-11-10,무연탄,14,0
2023-11-10,무연탄,15,0
2023-11-10,무연탄,16,0
2023-11-10,무연탄,17,0
2023-11-10,무연탄,18,0
2023-11-10,무연탄,19,0
2023-11-10,무연탄,20,0
2023-11-10,무연탄,21,0
2023-11-10,무연탄,22,0
2023-11-10,무연탄,23,0
2023-11-10,무연탄,24,0
2023-11-10,바이오가스,1,33
2023-11-10,바이오가스,2,31
2023-11-10,바이오가스,3,32
2023-11-10,바이오가스,4,33
2023-11-10,바이오가스,5,34
2023-11-10,바이오가스,6,34
2023-11-10,바이오가스,7,32
2023-11-10,바이오가스,8,33
2023-11-10,바이오가스,9,34
2023-11-10,바이오가스,10,34
2023-11-10,바이오가스,11,34
2023-11-10,바이오가스,12,32
2023-11-10,바이오가스,13,34
2023-11-10,바이오가스,14,33
2023-11-10,바이오가스,15,33
2023-11-10,바이오가스,16,34
2023-11-10,바이오가스,17,37
2023-11-10,바이오가스,18,35
2023-11-10,바이오가스,19,34
2023-11-10,바이오가스,20,34
2023-11-10,바이오가스,21,36
2023-11-10,바이오가스,22,36
2023-11-10,바이오가스,23,36
2023-11-10,바이오가스,24,35
2023-11-10,부생가스,1,48
2023-11-10,부생가스,2,48
2023-11-10,부생가스,3,48
2023-11-10,부생가스,4,49
2023-11-10,부생가스,5,49
2023-11-10,부생가스,6,50
2023-11-10,부생가스,7,50
2023-11-10,부생가스,8,50
2023-11-10,부생가스,9,51
2023-11-10,부생가스,10,53
2023-11-10,부생가스,11,56
2023-11-10,부생가스,12,71
2023-11-10,부생가스,13,62
2023-11-10,부생가스,14,51
2023-11-10,부생가스,15,51
2023-11-10,부생가스,16,56
2023-11-10,부생가스,17,53
2023-11-10,부생가스,18,53
2023-11-10,부생가스,19,52
2023-11-10,부생가스,20,53
2023-11-10,부생가스,21,53
2023-11-10,부생가스,22,53
2023-11-10,부생가스,23,54
2023-11-10,부생가스,24,54
2023-11-10,수력,1,142
2023-11-10,수력,2,142
2023-11-10,수력,3,141
2023-11-10,수력,4,141
2023-11-10,수력,5,142
2023-11-10,수력,6,145
2023-11-10,수력,7,147
2023-11-10,수력,8,151
2023-11-10,수력,9,560
2023-11-10,수력,10,566
2023-11-10,수력,11,627
2023-11-10,수력,12,470
2023-11-10,수력,13,287
2023-11-10,수력,14,282
2023-11-10,수력,15,274
2023-11-10,수력,16,356
2023-11-10,수력,17,401
2023-11-10,수력,18,466
2023-11-10,수력,19,457
2023-11-10,수력,20,428
2023-11-10,수력,21,378
2023-11-10,수력,22,254
2023-11-10,수력,23,159
2023-11-10,수력,24,142
2023-11-10,양수,1,245
2023-11-10,양수,2,0
2023-11-10,양수,3,0
2023-11-10,양수,4,0
2023-11-10,양수,5,0
2023-11-10,양수,6,0
2023-11-10,양수,7,0
2023-11-10,양수,8,0
2023-11-10,양수,9,0
2023-11-10,양수,10,0
2023-11-10,양수,11,0
2023-11-10,양수,12,0
2023-11-10,양수,13,0
2023-11-10,양수,14,0
2023-11-10,양수,15,0
2023-11-10,양수,16,0
2023-11-10,양수,17,0
2023-11-10,양수,18,672
2023-11-10,양수,19,1495
2023-11-10,양수,20,1531
2023-11-10,양수,21,1718
2023-11-10,양수,22,1604
2023-11-10,양수,23,1465
2023-11-10,양수,24,1231
2023-11-10,매립가스,1,30
2023-11-10,매립가스,2,30
2023-11-10,매립가스,3,29
2023-11-10,매립가스,4,30
2023-11-10,매립가스,5,30
2023-11-10,매립가스,6,30
2023-11-10,매립가스,7,30
2023-11-10,매립가스,8,30
2023-11-10,매립가스,9,30
2023-11-10,매립가스,10,28
2023-11-10,매립가스,11,28
2023-11-10,매립가스,12,28
2023-11-10,매립가스,13,28
2023-11-10,매립가스,14,28
2023-11-10,매립가스,15,28
2023-11-10,매립가스,16,29
2023-11-10,매립가스,17,29
2023-11-10,매립가스,18,29
2023-11-10,매립가스,19,29
2023-11-10,매립가스,20,29
2023-11-10,매립가스,21,29
2023-11-10,매립가스,22,29
2023-11-10,매립가스,23,28
2023-11-10,매립가스,24,28
2023-11-10,중유,1,5
2023-11-10,중유,2,5
2023-11-10,중유,3,5
2023-11-10,중유,4,5
2023-11-10,중유,5,5
2023-11-10,중유,6,5
2023-11-10,중유,7,5
2023-11-10,중유,8,5
2023-11-10,중유,9,5
2023-11-10,중유,10,5
2023-11-10,중유,11,5
2023-11-10,중유,12,5
2023-11-10,중유,13,5
2023-11-10,중유,14,5
2023-11-10,중유,15,11
2023-11-10,중유,16,16
2023-11-10,중유,17,16
2023-11-10,중유,18,15
2023-11-10,중유,19,16
2023-11-10,중유,20,16
2023-11-10,중유,21,16
2023-11-10,중유,22,16
2023-11-10,중유,23,17
2023-11-10,중유,24,17
2023-11-10,태양광,1,1
2023-11-10,태양광,2,0
2023-11-10,태양광,3,0
2023-11-10,태양광,4,0
2023-11-10,태양광,5,0
2023-11-10,태양광,6,0
2023-11-10,태양광,7,0
2023-11-10,태양광,8,95
2023-11-10,태양광,9,956
2023-11-10,태양광,10,2210
2023-11-10,태양광,11,3056
2023-11-10,태양광,12,3650
2023-11-10,태양광,13,3729
2023-11-10,태양광,14,3577
2023-11-10,태양광,15,3059
2023-11-10,태양광,16,2364
2023-11-10,태양광,17,1421
2023-11-10,태양광,18,826
2023-11-10,태양광,19,887
2023-11-10,태양광,20,784
2023-11-10,태양광,21,405
2023-11-10,태양광,22,164
2023-11-10,태양광,23,66
2023-11-10,태양광,24,15
2023-11-10,폐기물,1,133
2023-11-10,폐기물,2,135
2023-11-10,폐기물,3,134
2023-11-10,폐기물,4,133
2023-11-10,폐기물,5,137
2023-11-10,폐기물,6,135
2023-11-10,폐기물,7,135
2023-11-10,폐기물,8,133
2023-11-10,폐기물,9,134
2023-11-10,폐기물,10,136
2023-11-10,폐기물,11,137
2023-11-10,폐기물,12,136
2023-11-10,폐기물,13,137
2023-11-10,폐기물,14,137
2023-11-10,폐기물,15,134
2023-11-10,폐기물,16,136
2023-11-10,폐기물,17,139
2023-11-10,폐기물,18,139
2023-11-10,폐기물,19,139
2023-11-10,폐기물,20,139
2023-11-10,폐기물,21,139
2023-11-10,폐기물,22,143
2023-11-10,폐기물,23,139
2023-11-10,폐기물,24,138
2023-11-10,풍력,1,788
2023-11-10,풍력,2,821
2023-11-10,풍력,3,785
2023-11-10,풍력,4,830
2023-11-10,풍력,5,852
2023-11-10,풍력,6,885
2023-11-10,풍력,7,916
2023-11-10,풍력,8,886
2023-11-10,풍력,9,908
2023-11-10,풍력,10,869
2023-11-10,풍력,11,780
2023-11-10,풍력,12,757
2023-11-10,풍력,13,663
2023-11-10,풍력,14,755
2023-11-10,풍력,15,764
2023-11-10,풍력,16,795
2023-11-10,풍력,17,796
2023-11-10,풍력,18,807
2023-11-10,풍력,19,844
2023-11-10,풍력,20,801
2023-11-10,풍력,21,753
2023-11-10,풍력,22,591
2023-11-10,풍력,23,502
2023-11-10,풍력,24,480
2023-11-10,LNG,1,12989
2023-11-10,LNG,2,11081
2023-11-10,LNG,3,10856
2023-11-10,LNG,4,11287
2023-11-10,LNG,5,11478
2023-11-10,LNG,6,12436
2023-11-10,LNG,7,14691
2023-11-10,LNG,8,18227
2023-11-10,LNG,9,20244
2023-11-10,LNG,10,19013
2023-11-10,LNG,11,17949
2023-11-10,LNG,12,15561
2023-11-10,LNG,13,14249
2023-11-10,LNG,14,14271
2023-11-10,LNG,15,15819
2023-11-10,LNG,16,18003
2023-11-10,LNG,17,21097
2023-11-10,LNG,18,21797
2023-11-10,LNG,19,21269
2023-11-10,LNG,20,20357
2023-11-10,LNG,21,19142
2023-11-10,LNG,22,18646
2023-11-10,LNG,23,18968
2023-11-10,LNG,24,18423
2023-11-10,연료전지,1,817
2023-11-10,연료전지,2,816
2023-11-10,연료전지,3,816
2023-11-10,연료전지,4,816
2023-11-10,연료전지,5,816
2023-11-10,연료전지,6,817
2023-11-10,연료전지,7,817
2023-11-10,연료전지,8,816
2023-11-10,연료전지,9,815
2023-11-10,연료전지,10,815
2023-11-10,연료전지,11,815
2023-11-10,연료전지,12,815
2023-11-10,연료전지,13,814
2023-11-10,연료전지,14,816
2023-11-10,연료전지,15,816
2023-11-10,연료전지,16,818
2023-11-10,연료전지,17,818
2023-11-10,연료전지,18,819
2023-11-10,연료전지,19,820
2023-11-10,연료전지,20,820
2023-11-10,연료전지,21,820
2023-11-10,연료전지,22,820
2023-11-10,연료전지,23,819
2023-11-10,연료전지,24,820
2023-11-10,경유,1,0
2023-11-10,경유,2,0
2023-11-10,경유,3,0
2023-11-10,경유,4,0
2023-11-10,경유,5,0
2023-11-10,경유,6,0
2023-11-10,경유,7,0
2023-11-10,경유,8,0
2023-11-10,경유,9,0
2023-11-10,경유,10,0
2023-11-10,경유,11,0
2023-11-10,경유,12,0
2023-11-10,경유,13,0
2023-11-10,경유,14,0
2023-11-10,경유,15,0
2023-11-10,경유,16,0
2023-11-10,경유,17,0
2023-11-10,경유,18,0
2023-11-10,경유,19,0
2023-11-10,경유,20,0
2023-11-10,경유,21,0
2023-11-10,경유,22,0
2023-11-10,경유,23,0
2023-11-10,경유,24,0
2023-11-10,해양에너지,1,40
2023-11-10,해양에너지,2,117
2023-11-10,해양에너지,3,119
2023-11-10,해양에너지,4,97
2023-11-10,해양에너지,5,46
2023-11-10,해양에너지,6,0
2023-11-10,해양에너지,7,0
2023-11-10,해양에너지,8,0
2023-11-10,해양에너지,9,0
2023-11-10,해양에너지,10,0
2023-11-10,해양에너지,11,0
2023-11-10,해양에너지,12,0
2023-11-10,해양에너지,13,54
2023-11-10,해양에너지,14,106
2023-11-10,해양에너지,15,125
2023-11-10,해양에너지,16,116
2023-11-10,해양에너지,17,83
2023-11-10,해양에너지,18,30
2023-11-10,해양에너지,19,0
2023-11-10,해양에너지,20,0
2023-11-10,해양에너지,21,0
2023-11-10,해양에너지,22,0
2023-11-10,해양에너지,23,0
2023-11-10,해양에너지,24,0
2023-11-10,바이오매스,1,847
2023-11-10,바이오매스,2,848
2023-11-10,바이오매스,3,849
2023-11-10,바이오매스,4,851
2023-11-10,바이오매스,5,851
2023-11-10,바이오매스,6,851
2023-11-10,바이오매스,7,850
2023-11-10,바이오매스,8,859
2023-11-10,바이오매스,9,872
2023-11-10,바이오매스,10,872
2023-11-10,바이오매스,11,871
2023-11-10,바이오매스,12,876
2023-11-10,바이오매스,13,874
2023-11-10,바이오매스,14,875
2023-11-10,바이오매스,15,878
2023-11-10,바이오매스,16,879
2023-11-10,바이오매스,17,877
2023-11-10,바이오매스,18,882
2023-11-10,바이오매스,19,882
2023-11-10,바이오매스,20,882
2023-11-10,바이오매스,21,880
2023-11-10,바이오매스,22,879
2023-11-10,바이오매스,23,881
2023-11-10,바이오매스,24,875
2023-11-10,IGCC,1,266
2023-11-10,IGCC,2,266
2023-11-10,IGCC,3,265
2023-11-10,IGCC,4,265
2023-11-10,IGCC,5,265
2023-11-10,IGCC,6,263
2023-11-10,IGCC,7,263
2023-11-10,IGCC,8,264
2023-11-10,IGCC,9,265
2023-11-10,IGCC,10,264
2023-11-10,IGCC,11,262
2023-11-10,IGCC,12,261
2023-11-10,IGCC,13,261
2023-11-10,IGCC,14,262
2023-11-10,IGCC,15,261
2023-11-10,IGCC,16,261
2023-11-10,IGCC,17,260
2023-11-10,IGCC,18,259
2023-11-10,IGCC,19,257
2023-11-10,IGCC,20,258
2023-11-10,IGCC,21,260
2023-11-10,IGCC,22,262
2023-11-10,IGCC,23,264
2023-11-10,IGCC,24,267
2023-11-10,바이오중유,1,156
2023-11-10,바이오중유,2,146
2023-11-10,바이오중유,3,146
2023-11-10,바이오중유,4,146
2023-11-10,바이오중유,5,135
2023-11-10,바이오중유,6,121
2023-11-10,바이오중유,7,140
2023-11-10,바이오중유,8,146
2023-11-10,바이오중유,9,146
2023-11-10,바이오중유,10,146
2023-11-10,바이오중유,11,121
2023-11-10,바이오중유,12,105
2023-11-10,바이오중유,13,91
2023-11-10,바이오중유,14,92
2023-11-10,바이오중유,15,93
2023-11-10,바이오중유,16,97
2023-11-10,바이오중유,17,135
2023-11-10,바이오중유,18,193
2023-11-10,바이오중유,19,192
2023-11-10,바이오중유,20,193
2023-11-10,바이오중유,21,207
2023-11-10,바이오중유,22,207
2023-11-10,바이오중유,23,207
2023-11-10,바이오중유,24,207
2023-11-10,바이오기타,1,3
2023-11-10,바이오기타,2,2
2023-11-10,바이오기타,3,2
2023-11-10,바이오기타,4,2
2023-11-10,바이오기타,5,3
2023-11-10,바이오기타,6,3
2023-11-10,바이오기타,7,2
2023-11-10,바이오기타,8,2
2023-11-10,바이오기타,9,3
2023-11-10,바이오기타,10,3
2023-11-10,바이오기타,11,3
2023-11-10,바이오기타,12,3
2023-11-10,바이오기타,13,3
2023-11-10,바이오기타,14,3
2023-11-10,바이오기타,15,2
2023-11-10,바이오기타,16,3
2023-11-10,바이오기타,17,3
2023-11-10,바이오기타,18,3
2023-11-10,바이오기타,19,3
2023-11-10,바이오기타,20,3
2023-11-10,바이오기타,21,3
2023-11-10,바이오기타,22,3
2023-11-10,바이오기타,23,3
2023-11-10,바이오기타,24,3
2023-11-10,기타,1,17
2023-11-10,기타,2,17
2023-11-10,기타,3,17
2023-11-10,기타,4,17
2023-11-10,기타,5,17
2023-11-10,기타,6,17
2023-11-10,기타,7,17
2023-11-10,기타,8,17
2023-11-10,기타,9,17
2023-11-10,기타,10,16
2023-11-10,기타,11,17
2023-11-10,기타,12,17
2023-11-10,기타,13,17
2023-11-10,기타,14,17
2023-11-10,기타,15,17
2023-11-10,기타,16,17
2023-11-10,기타,17,17
2023-11-10,기타,18,17
2023-11-10,기타,19,17
2023-11-10,기타,20,17
2023-11-10,기타,21,17
2023-11-10,기타,22,17
2023-11-10,기타,23,17
2023-11-10,기타,24,17
2023-11-11,원자력,1,20763
2023-11-11,원자력,2,20761
2023-11-11,원자력,3,20762
2023-11-11,원자력,4,20762
2023-11-11,원자력,5,20761
2023-11-11,원자력,6,20762
2023-11-11,원자력,7,20761
2023-11-11,원자력,8,20761
2023-11-11,원자력,9,20760
2023-11-11,원자력,10,20759
2023-11-11,원자력,11,20758
2023-11-11,원자력,12,20763
2023-11-11,원자력,13,20769
2023-11-11,원자력,14,20771
2023-11-11,원자력,15,20768
2023-11-11,원자력,16,20765
2023-11-11,원자력,17,20763
2023-11-11,원자력,18,20760
2023-11-11,원자력,19,20759
2023-11-11,원자력,20,20756
2023-11-11,원자력,21,20753
2023-11-11,원자력,22,20756
2023-11-11,원자력,23,20756
2023-11-11,원자력,24,20750
2023-11-11,유연탄,1,18300
2023-11-11,유연탄,2,18040
2023-11-11,유연탄,3,18027
2023-11-11,유연탄,4,18049
2023-11-11,유연탄,5,18079
2023-11-11,유연탄,6,18086
2023-11-11,유연탄,7,18127
2023-11-11,유연탄,8,18075
2023-11-11,유연탄,9,17108
2023-11-11,유연탄,10,15834
2023-11-11,유연탄,11,15444
2023-11-11,유연탄,12,16155
2023-11-11,유연탄,13,16235
2023-11-11,유연탄,14,15831
2023-11-11,유연탄,15,15200
2023-11-11,유연탄,16,15733
2023-11-11,유연탄,17,16431
2023-11-11,유연탄,18,17116
2023-11-11,유연탄,19,17065
2023-11-11,유연탄,20,16940
2023-11-11,유연탄,21,16734
2023-11-11,유연탄,22,16493
2023-11-11,유연탄,23,17082
2023-11-11,유연탄,24,17090
2023-11-11,무연탄,1,0
2023-11-11,무연탄,2,0
2023-11-11,무연탄,3,0
2023-11-11,무연탄,4,0
2023-11-11,무연탄,5,0
2023-11-11,무연탄,6,0
2023-11-11,무연탄,7,0
2023-11-11,무연탄,8,0
2023-11-11,무연탄,9,0
2023-11-11,무연탄,10,0
2023-11-11,무연탄,11,0
2023-11-11,무연탄,12,0
2023-11-11,무연탄,13,0
2023-11-11,무연탄,14,0
2023-11-11,무연탄,15,0
2023-11-11,무연탄,16,0
2023-11-11,무연탄,17,0
2023-11-11,무연탄,18,0
2023-11-11,무연탄,19,0
2023-11-11,무연탄,20,0
2023-11-11,무연탄,21,0
2023-11-11,무연탄,22,0
2023-11-11,무연탄,23,0
2023-11-11,무연탄,24,0
2023-11-11,바이오가스,1,35
2023-11-11,바이오가스,2,35
2023-11-11,바이오가스,3,35
2023-11-11,바이오가스,4,34
2023-11-11,바이오가스,5,35
2023-11-11,바이오가스,6,35
2023-11-11,바이오가스,7,34
2023-11-11,바이오가스,8,33
2023-11-11,바이오가스,9,35
2023-11-11,바이오가스,10,33
2023-11-11,바이오가스,11,33
2023-11-11,바이오가스,12,34
2023-11-11,바이오가스,13,34
2023-11-11,바이오가스,14,34
2023-11-11,바이오가스,15,33
2023-11-11,바이오가스,16,33
2023-11-11,바이오가스,17,34
2023-11-11,바이오가스,18,34
2023-11-11,바이오가스,19,34
2023-11-11,바이오가스,20,35
2023-11-11,바이오가스,21,35
2023-11-11,바이오가스,22,34
2023-11-11,바이오가스,23,34
2023-11-11,바이오가스,24,34
2023-11-11,부생가스,1,54
2023-11-11,부생가스,2,54
2023-11-11,부생가스,3,54
2023-11-11,부생가스,4,54
2023-11-11,부생가스,5,54
2023-11-11,부생가스,6,54
2023-11-11,부생가스,7,54
2023-11-11,부생가스,8,55
2023-11-11,부생가스,9,56
2023-11-11,부생가스,10,55
2023-11-11,부생가스,11,54
2023-11-11,부생가스,12,54
2023-11-11,부생가스,13,53
2023-11-11,부생가스,14,53
2023-11-11,부생가스,15,53
2023-11-11,부생가스,16,53
2023-11-11,부생가스,17,53
2023-11-11,부생가스,18,69
2023-11-11,부생가스,19,94
2023-11-11,부생가스,20,59
2023-11-11,부생가스,21,55
2023-11-11,부생가스,22,54
2023-11-11,부생가스,23,54
2023-11-11,부생가스,24,54
2023-11-11,수력,1,118
2023-11-11,수력,2,124
2023-11-11,수력,3,123
2023-11-11,수력,4,122
2023-11-11,수력,5,123
2023-11-11,수력,6,124
2023-11-11,수력,7,127
2023-11-11,수력,8,132
2023-11-11,수력,9,441
2023-11-11,수력,10,448
2023-11-11,수력,11,642
2023-11-11,수력,12,694
2023-11-11,수력,13,789
2023-11-11,수력,14,430
2023-11-11,수력,15,422
2023-11-11,수력,16,447
2023-11-11,수력,17,397
2023-11-11,수력,18,312
2023-11-11,수력,19,386
2023-11-11,수력,20,390
2023-11-11,수력,21,343
2023-11-11,수력,22,279
2023-11-11,수력,23,182
2023-11-11,수력,24,112
2023-11-11,양수,1,145
2023-11-11,양수,2,127
2023-11-11,양수,3,0
2023-11-11,양수,4,0
2023-11-11,양수,5,0
2023-11-11,양수,6,0
2023-11-11,양수,7,0
2023-11-11,양수,8,0
2023-11-11,양수,9,0
2023-11-11,양수,10,0
2023-11-11,양수,11,0
2023-11-11,양수,12,0
2023-11-11,양수,13,0
2023-11-11,양수,14,0
2023-11-11,양수,15,0
2023-11-11,양수,16,0
2023-11-11,양수,17,0
2023-11-11,양수,18,23
2023-11-11,양수,19,1208
2023-11-11,양수,20,1760
2023-11-11,양수,21,2152
2023-11-11,양수,22,2069
2023-11-11,양수,23,1558
2023-11-11,양수,24,996
2023-11-11,매립가스,1,29
2023-11-11,매립가스,2,30
2023-11-11,매립가스,3,30
2023-11-11,매립가스,4,30
2023-11-11,매립가스,5,29
2023-11-11,매립가스,6,29
2023-11-11,매립가스,7,29
2023-11-11,매립가스,8,29
2023-11-11,매립가스,9,29
2023-11-11,매립가스,10,28
2023-11-11,매립가스,11,28
2023-11-11,매립가스,12,28
2023-11-11,매립가스,13,28
2023-11-11,매립가스,14,29
2023-11-11,매립가스,15,30
2023-11-11,매립가스,16,30
2023-11-11,매립가스,17,30
2023-11-11,매립가스,18,29
2023-11-11,매립가스,19,29
2023-11-11,매립가스,20,29
2023-11-11,매립가스,21,29
2023-11-11,매립가스,22,29
2023-11-11,매립가스,23,29
2023-11-11,매립가스,24,29
2023-11-11,중유,1,17
2023-11-11,중유,2,18
2023-11-11,중유,3,17
2023-11-11,중유,4,17
2023-11-11,중유,5,17
2023-11-11,중유,6,17
2023-11-11,중유,7,17
2023-11-11,중유,8,17
2023-11-11,중유,9,18
2023-11-11,중유,10,18
2023-11-11,중유,11,18
2023-11-11,중유,12,17
2023-11-11,중유,13,22
2023-11-11,중유,14,26
2023-11-11,중유,15,26
2023-11-11,중유,16,26
2023-11-11,중유,17,26
2023-11-11,중유,18,30
2023-11-11,중유,19,31
2023-11-11,중유,20,31
2023-11-11,중유,21,31
2023-11-11,중유,22,31
2023-11-11,중유,23,31
2023-11-11,중유,24,31
2023-11-11,태양광,1,3
2023-11-11,태양광,2,1
2023-11-11,태양광,3,0
2023-11-11,태양광,4,0
2023-11-11,태양광,5,0
2023-11-11,태양광,6,0
2023-11-11,태양광,7,0
2023-11-11,태양광,8,173
2023-11-11,태양광,9,1231
2023-11-11,태양광,10,2328
2023-11-11,태양광,11,2603
2023-11-11,태양광,12,2591
2023-11-11,태양광,13,2468
2023-11-11,태양광,14,2721
2023-11-11,태양광,15,2634
2023-11-11,태양광,16,1894
2023-11-11,태양광,17,1214
2023-11-11,태양광,18,815
2023-11-11,태양광,19,801
2023-11-11,태양광,20,592
2023-11-11,태양광,21,261
2023-11-11,태양광,22,109
2023-11-11,태양광,23,37
2023-11-11,태양광,24,7
2023-11-11,폐기물,1,138
2023-11-11,폐기물,2,134
2023-11-11,폐기물,3,136
2023-11-11,폐기물,4,136
2023-11-11,폐기물,5,139
2023-11-11,폐기물,6,141
2023-11-11,폐기물,7,143
2023-11-11,폐기물,8,140
2023-11-11,폐기물,9,140
2023-11-11,폐기물,10,138
2023-11-11,폐기물,11,138
2023-11-11,폐기물,12,135
2023-11-11,폐기물,13,137
2023-11-11,폐기물,14,143
2023-11-11,폐기물,15,143
2023-11-11,폐기물,16,141
2023-11-11,폐기물,17,143
2023-11-11,폐기물,18,143
2023-11-11,폐기물,19,142
2023-11-11,폐기물,20,143
2023-11-11,폐기물,21,144
2023-11-11,폐기물,22,141
2023-11-11,폐기물,23,140
2023-11-11,폐기물,24,140
2023-11-11,풍력,1,460
2023-11-11,풍력,2,422
2023-11-11,풍력,3,445
2023-11-11,풍력,4,497
2023-11-11,풍력,5,510
2023-11-11,풍력,6,388
2023-11-11,풍력,7,294
2023-11-11,풍력,8,294
2023-11-11,풍력,9,262
2023-11-11,풍력,10,199
2023-11-11,풍력,11,173
2023-11-11,풍력,12,177
2023-11-11,풍력,13,243
2023-11-11,풍력,14,315
2023-11-11,풍력,15,427
2023-11-11,풍력,16,449
2023-11-11,풍력,17,452
2023-11-11,풍력,18,540
2023-11-11,풍력,19,659
2023-11-11,풍력,20,743
2023-11-11,풍력,21,780
2023-11-11,풍력,22,746
2023-11-11,풍력,23,767
2023-11-11,풍력,24,832
2023-11-11,LNG,1,16129
2023-11-11,LNG,2,14003
2023-11-11,LNG,3,13078
2023-11-11,LNG,4,13300
2023-11-11,LNG,5,13248
2023-11-11,LNG,6,13590
2023-11-11,LNG,7,14369
2023-11-11,LNG,8,14893
2023-11-11,LNG,9,13189
2023-11-11,LNG,10,11956
2023-11-11,LNG,11,12581
2023-11-11,LNG,12,12217
2023-11-11,LNG,13,11602
2023-11-11,LNG,14,12144
2023-11-11,LNG,15,13247
2023-11-11,LNG,16,14591
2023-11-11,LNG,17,15912
2023-11-11,LNG,18,17563
2023-11-11,LNG,19,17061
2023-11-11,LNG,20,16209
2023-11-11,LNG,21,15588
2023-11-11,LNG,22,15163
2023-11-11,LNG,23,15323
2023-11-11,LNG,24,15630
2023-11-11,연료전지,1,820
2023-11-11,연료전지,2,816
2023-11-11,연료전지,3,815
2023-11-11,연료전지,4,815
2023-11-11,연료전지,5,815
2023-11-11,연료전지,6,815
2023-11-11,연료전지,7,815
2023-11-11,연료전지,8,815
2023-11-11,연료전지,9,814
2023-11-11,연료전지,10,814
2023-11-11,연료전지,11,814
2023-11-11,연료전지,12,814
2023-11-11,연료전지,13,815
2023-11-11,연료전지,14,815
2023-11-11,연료전지,15,815
2023-11-11,연료전지,16,815
2023-11-11,연료전지,17,814
2023-11-11,연료전지,18,814
2023-11-11,연료전지,19,814
2023-11-11,연료전지,20,814
2023-11-11,연료전지,21,814
2023-11-11,연료전지,22,815
2023-11-11,연료전지,23,815
2023-11-11,연료전지,24,814
2023-11-11,경유,1,0
2023-11-11,경유,2,0
2023-11-11,경유,3,0
2023-11-11,경유,4,0
2023-11-11,경유,5,0
2023-11-11,경유,6,0
2023-11-11,경유,7,0
2023-11-11,경유,8,0
2023-11-11,경유,9,0
2023-11-11,경유,10,0
2023-11-11,경유,11,0
2023-11-11,경유,12,0
2023-11-11,경유,13,0
2023-11-11,경유,14,0
2023-11-11,경유,15,0
2023-11-11,경유,16,0
2023-11-11,경유,17,0
2023-11-11,경유,18,0
2023-11-11,경유,19,0
2023-11-11,경유,20,0
2023-11-11,경유,21,0
2023-11-11,경유,22,0
2023-11-11,경유,23,0
2023-11-11,경유,24,0
2023-11-11,해양에너지,1,32
2023-11-11,해양에너지,2,103
2023-11-11,해양에너지,3,130
2023-11-11,해양에너지,4,138
2023-11-11,해양에너지,5,114
2023-11-11,해양에너지,6,55
2023-11-11,해양에너지,7,6
2023-11-11,해양에너지,8,0
2023-11-11,해양에너지,9,0
2023-11-11,해양에너지,10,0
2023-11-11,해양에너지,11,0
2023-11-11,해양에너지,12,0
2023-11-11,해양에너지,13,2
2023-11-11,해양에너지,14,118
2023-11-11,해양에너지,15,159
2023-11-11,해양에너지,16,171
2023-11-11,해양에너지,17,143
2023-11-11,해양에너지,18,87
2023-11-11,해양에너지,19,20
2023-11-11,해양에너지,20,0
2023-11-11,해양에너지,21,0
2023-11-11,해양에너지,22,0
2023-11-11,해양에너지,23,0
2023-11-11,해양에너지,24,0
2023-11-11,바이오매스,1,879
2023-11-11,바이오매스,2,880
2023-11-11,바이오매스,3,880
2023-11-11,바이오매스,4,879
2023-11-11,바이오매스,5,881
2023-11-11,바이오매스,6,879
2023-11-11,바이오매스,7,880
2023-11-11,바이오매스,8,880
2023-11-11,바이오매스,9,873
2023-11-11,바이오매스,10,874
2023-11-11,바이오매스,11,875
2023-11-11,바이오매스,12,874
2023-11-11,바이오매스,13,873
2023-11-11,바이오매스,14,873
2023-11-11,바이오매스,15,872
2023-11-11,바이오매스,16,876
2023-11-11,바이오매스,17,874
2023-11-11,바이오매스,18,876
2023-11-11,바이오매스,19,872
2023-11-11,바이오매스,20,874
2023-11-11,바이오매스,21,873
2023-11-11,바이오매스,22,871
2023-11-11,바이오매스,23,873
2023-11-11,바이오매스,24,874
2023-11-11,IGCC,1,268
2023-11-11,IGCC,2,267
2023-11-11,IGCC,3,265
2023-11-11,IGCC,4,267
2023-11-11,IGCC,5,268
2023-11-11,IGCC,6,266
2023-11-11,IGCC,7,263
2023-11-11,IGCC,8,264
2023-11-11,IGCC,9,264
2023-11-11,IGCC,10,262
2023-11-11,IGCC,11,258
2023-11-11,IGCC,12,258
2023-11-11,IGCC,13,257
2023-11-11,IGCC,14,257
2023-11-11,IGCC,15,256
2023-11-11,IGCC,16,258
2023-11-11,IGCC,17,261
2023-11-11,IGCC,18,262
2023-11-11,IGCC,19,263
2023-11-11,IGCC,20,265
2023-11-11,IGCC,21,267
2023-11-11,IGCC,22,265
2023-11-11,IGCC,23,263
2023-11-11,IGCC,24,265
2023-11-11,바이오중유,1,207
2023-11-11,바이오중유,2,207
2023-11-11,바이오중유,3,207
2023-11-11,바이오중유,4,207
2023-11-11,바이오중유,5,207
2023-11-11,바이오중유,6,207
2023-11-11,바이오중유,7,207
2023-11-11,바이오중유,8,206
2023-11-11,바이오중유,9,200
2023-11-11,바이오중유,10,134
2023-11-11,바이오중유,11,131
2023-11-11,바이오중유,12,131
2023-11-11,바이오중유,13,131
2023-11-11,바이오중유,14,131
2023-11-11,바이오중유,15,131
2023-11-11,바이오중유,16,151
2023-11-11,바이오중유,17,205
2023-11-11,바이오중유,18,206
2023-11-11,바이오중유,19,206
2023-11-11,바이오중유,20,206
2023-11-11,바이오중유,21,207
2023-11-11,바이오중유,22,207
2023-11-11,바이오중유,23,207
2023-11-11,바이오중유,24,207
2023-11-11,바이오기타,1,3
2023-11-11,바이오기타,2,2
2023-11-11,바이오기타,3,2
2023-11-11,바이오기타,4,2
2023-11-11,바이오기타,5,2
2023-11-11,바이오기타,6,2
2023-11-11,바이오기타,7,2
2023-11-11,바이오기타,8,2
2023-11-11,바이오기타,9,2
2023-11-11,바이오기타,10,2
2023-11-11,바이오기타,11,2
2023-11-11,바이오기타,12,2
2023-11-11,바이오기타,13,1
2023-11-11,바이오기타,14,1
2023-11-11,바이오기타,15,1
2023-11-11,바이오기타,16,1
2023-11-11,바이오기타,17,1
2023-11-11,바이오기타,18,1
2023-11-11,바이오기타,19,1
2023-11-11,바이오기타,20,1
2023-11-11,바이오기타,21,1
2023-11-11,바이오기타,22,1
2023-11-11,바이오기타,23,1
2023-11-11,바이오기타,24,1
2023-11-11,기타,1,17
2023-11-11,기타,2,17
2023-11-11,기타,3,17
2023-11-11,기타,4,16
2023-11-11,기타,5,16
2023-11-11,기타,6,16
2023-11-11,기타,7,17
2023-11-11,기타,8,17
2023-11-11,기타,9,16
2023-11-11,기타,10,16
2023-11-11,기타,11,17
2023-11-11,기타,12,17
2023-11-11,기타,13,17
2023-11-11,기타,14,17
2023-11-11,기타,15,17
2023-11-11,기타,16,17
2023-11-11,기타,17,17
2023-11-11,기타,18,16
2023-11-11,기타,19,17
2023-11-11,기타,20,17
2023-11-11,기타,21,17
2023-11-11,기타,22,17
2023-11-11,기타,23,17
2023-11-11,기타,24,17
2023-11-12,원자력,1,20748
2023-11-12,원자력,2,20747
2023-11-12,원자력,3,20746
2023-11-12,원자력,4,20747
2023-11-12,원자력,5,20746
2023-11-12,원자력,6,20745
2023-11-12,원자력,7,20745
2023-11-12,원자력,8,20747
2023-11-12,원자력,9,20751
2023-11-12,원자력,10,20750
2023-11-12,원자력,11,20753
2023-11-12,원자력,12,20759
2023-11-12,원자력,13,20760
2023-11-12,원자력,14,20760
2023-11-12,원자력,15,20762
2023-11-12,원자력,16,20763
2023-11-12,원자력,17,20762
2023-11-12,원자력,18,20757
2023-11-12,원자력,19,20756
2023-11-12,원자력,20,20754
2023-11-12,원자력,21,20753
2023-11-12,원자력,22,20754
2023-11-12,원자력,23,20754
2023-11-12,원자력,24,20746
2023-11-12,유연탄,1,16955
2023-11-12,유연탄,2,16970
2023-11-12,유연탄,3,16992
2023-11-12,유연탄,4,16977
2023-11-12,유연탄,5,16996
2023-11-12,유연탄,6,17003
2023-11-12,유연탄,7,16993
2023-11-12,유연탄,8,16992
2023-11-12,유연탄,9,16263
2023-11-12,유연탄,10,14391
2023-11-12,유연탄,11,13952
2023-11-12,유연탄,12,13790
2023-11-12,유연탄,13,13900
2023-11-12,유연탄,14,14408
2023-11-12,유연탄,15,14707
2023-11-12,유연탄,16,15794
2023-11-12,유연탄,17,16932
2023-11-12,유연탄,18,17365
2023-11-12,유연탄,19,17335
2023-11-12,유연탄,20,16414
2023-11-12,유연탄,21,16250
2023-11-12,유연탄,22,16485
2023-11-12,유연탄,23,17650
2023-11-12,유연탄,24,18273
2023-11-12,무연탄,1,0
2023-11-12,무연탄,2,0
2023-11-12,무연탄,3,0
2023-11-12,무연탄,4,0
2023-11-12,무연탄,5,0
2023-11-12,무연탄,6,0
2023-11-12,무연탄,7,0
2023-11-12,무연탄,8,0
2023-11-12,무연탄,9,0
2023-11-12,무연탄,10,0
2023-11-12,무연탄,11,0
2023-11-12,무연탄,12,0
2023-11-12,무연탄,13,0
2023-11-12,무연탄,14,0
2023-11-12,무연탄,15,0
2023-11-12,무연탄,16,0
2023-11-12,무연탄,17,0
2023-11-12,무연탄,18,0
2023-11-12,무연탄,19,0
2023-11-12,무연탄,20,0
2023-11-12,무연탄,21,0
2023-11-12,무연탄,22,0
2023-11-12,무연탄,23,0
2023-11-12,무연탄,24,0
2023-11-12,바이오가스,1,34
2023-11-12,바이오가스,2,35
2023-11-12,바이오가스,3,34
2023-11-12,바이오가스,4,35
2023-11-12,바이오가스,5,36
2023-11-12,바이오가스,6,35
2023-11-12,바이오가스,7,35
2023-11-12,바이오가스,8,34
2023-11-12,바이오가스,9,33
2023-11-12,바이오가스,10,34
2023-11-12,바이오가스,11,35
2023-11-12,바이오가스,12,34
2023-11-12,바이오가스,13,33
2023-11-12,바이오가스,14,35
2023-11-12,바이오가스,15,35
2023-11-12,바이오가스,16,34
2023-11-12,바이오가스,17,34
2023-11-12,바이오가스,18,34
2023-11-12,바이오가스,19,33
2023-11-12,바이오가스,20,33
2023-11-12,바이오가스,21,34
2023-11-12,바이오가스,22,34
2023-11-12,바이오가스,23,35
2023-11-12,바이오가스,24,34
2023-11-12,부생가스,1,54
2023-11-12,부생가스,2,54
2023-11-12,부생가스,3,54
2023-11-12,부생가스,4,54
2023-11-12,부생가스,5,54
2023-11-12,부생가스,6,54
2023-11-12,부생가스,7,54
2023-11-12,부생가스,8,55
2023-11-12,부생가스,9,55
2023-11-12,부생가스,10,55
2023-11-12,부생가스,11,54
2023-11-12,부생가스,12,54
2023-11-12,부생가스,13,53
2023-11-12,부생가스,14,53
2023-11-12,부생가스,15,53
2023-11-12,부생가스,16,53
2023-11-12,부생가스,17,53
2023-11-12,부생가스,18,54
2023-11-12,부생가스,19,53
2023-11-12,부생가스,20,53
2023-11-12,부생가스,21,53
2023-11-12,부생가스,22,53
2023-11-12,부생가스,23,54
2023-11-12,부생가스,24,53
2023-11-12,수력,1,108
2023-11-12,수력,2,104
2023-11-12,수력,3,103
2023-11-12,수력,4,103
2023-11-12,수력,5,103
2023-11-12,수력,6,104
2023-11-12,수력,7,106
2023-11-12,수력,8,114
2023-11-12,수력,9,518
2023-11-12,수력,10,510
2023-11-12,수력,11,469
2023-11-12,수력,12,228
2023-11-12,수력,13,240
2023-11-12,수력,14,282
2023-11-12,수력,15,527
2023-11-12,수력,16,624
2023-11-12,수력,17,593
2023-11-12,수력,18,542
2023-11-12,수력,19,531
2023-11-12,수력,20,466
2023-11-12,수력,21,260
2023-11-12,수력,22,253
2023-11-12,수력,23,166
2023-11-12,수력,24,114
2023-11-12,양수,1,271
2023-11-12,양수,2,0
2023-11-12,양수,3,0
2023-11-12,양수,4,0
2023-11-12,양수,5,0
2023-11-12,양수,6,0
2023-11-12,양수,7,129
2023-11-12,양수,8,217
2023-11-12,양수,9,129
2023-11-12,양수,10,0
2023-11-12,양수,11,0
2023-11-12,양수,12,0
2023-11-12,양수,13,0
2023-11-12,양수,14,0
2023-11-12,양수,15,0
2023-11-12,양수,16,0
2023-11-12,양수,17,74
2023-11-12,양수,18,1574
2023-11-12,양수,19,2842
2023-11-12,양수,20,3008
2023-11-12,양수,21,2599
2023-11-12,양수,22,1414
2023-11-12,양수,23,985
2023-11-12,양수,24,585
2023-11-12,매립가스,1,29
2023-11-12,매립가스,2,29
2023-11-12,매립가스,3,30
2023-11-12,매립가스,4,30
2023-11-12,매립가스,5,30
2023-11-12,매립가스,6,30
2023-11-12,매립가스,7,30
2023-11-12,매립가스,8,30
2023-11-12,매립가스,9,29
2023-11-12,매립가스,10,29
2023-11-12,매립가스,11,29
2023-11-12,매립가스,12,29
2023-11-12,매립가스,13,29
2023-11-12,매립가스,14,29
2023-11-12,매립가스,15,29
2023-11-12,매립가스,16,29
2023-11-12,매립가스,17,30
2023-11-12,매립가스,18,30
2023-11-12,매립가스,19,30
2023-11-12,매립가스,20,30
2023-11-12,매립가스,21,30
2023-11-12,매립가스,22,30
2023-11-12,매립가스,23,31
2023-11-12,매립가스,24,31
2023-11-12,중유,1,31
2023-11-12,중유,2,31
2023-11-12,중유,3,30
2023-11-12,중유,4,30
2023-11-12,중유,5,31
2023-11-12,중유,6,30
2023-11-12,중유,7,30
2023-11-12,중유,8,30
2023-11-12,중유,9,30
2023-11-12,중유,10,31
2023-11-12,중유,11,31
2023-11-12,중유,12,30
2023-11-12,중유,13,31
2023-11-12,중유,14,31
2023-11-12,중유,15,31
2023-11-12,중유,16,31
2023-11-12,중유,17,32
2023-11-12,중유,18,32
2023-11-12,중유,19,30
2023-11-12,중유,20,30
2023-11-12,중유,21,31
2023-11-12,중유,22,31
2023-11-12,중유,23,31
2023-11-12,중유,24,30
2023-11-12,태양광,1,1
2023-11-12,태양광,2,0
2023-11-12,태양광,3,0
2023-11-12,태양광,4,0
2023-11-12,태양광,5,0
2023-11-12,태양광,6,0
2023-11-12,태양광,7,0
2023-11-12,태양광,8,101
2023-11-12,태양광,9,850
2023-11-12,태양광,10,1986
2023-11-12,태양광,11,2656
2023-11-12,태양광,12,2939
2023-11-12,태양광,13,3025
2023-11-12,태양광,14,2808
2023-11-12,태양광,15,2396
2023-11-12,태양광,16,1707
2023-11-12,태양광,17,1161
2023-11-12,태양광,18,722
2023-11-12,태양광,19,662
2023-11-12,태양광,20,447
2023-11-12,태양광,21,259
2023-11-12,태양광,22,130
2023-11-12,태양광,23,57
2023-11-12,태양광,24,16
2023-11-12,폐기물,1,139
2023-11-12,폐기물,2,138
2023-11-12,폐기물,3,140
2023-11-12,폐기물,4,139
2023-11-12,폐기물,5,140
2023-11-12,폐기물,6,142
2023-11-12,폐기물,7,140
2023-11-12,폐기물,8,141
2023-11-12,폐기물,9,140
2023-11-12,폐기물,10,140
2023-11-12,폐기물,11,140
2023-11-12,폐기물,12,145
2023-11-12,폐기물,13,146
2023-11-12,폐기물,14,146
2023-11-12,폐기물,15,147
2023-11-12,폐기물,16,146
2023-11-12,폐기물,17,148
2023-11-12,폐기물,18,147
2023-11-12,폐기물,19,142
2023-11-12,폐기물,20,139
2023-11-12,폐기물,21,135
2023-11-12,폐기물,22,136
2023-11-12,폐기물,23,137
2023-11-12,폐기물,24,137
2023-11-12,풍력,1,897
2023-11-12,풍력,2,910
2023-11-12,풍력,3,893
2023-11-12,풍력,4,935
2023-11-12,풍력,5,777
2023-11-12,풍력,6,685
2023-11-12,풍력,7,630
2023-11-12,풍력,8,621
2023-11-12,풍력,9,583
2023-11-12,풍력,10,564
2023-11-12,풍력,11,659
2023-11-12,풍력,12,792
2023-11-12,풍력,13,832
2023-11-12,풍력,14,824
2023-11-12,풍력,15,801
2023-11-12,풍력,16,778
2023-11-12,풍력,17,772
2023-11-12,풍력,18,808
2023-11-12,풍력,19,902
2023-11-12,풍력,20,900
2023-11-12,풍력,21,892
2023-11-12,풍력,22,848
2023-11-12,풍력,23,843
2023-11-12,풍력,24,827
2023-11-12,LNG,1,13296
2023-11-12,LNG,2,11249
2023-11-12,LNG,3,10042
2023-11-12,LNG,4,9333
2023-11-12,LNG,5,9429
2023-11-12,LNG,6,10158
2023-11-12,LNG,7,11305
2023-11-12,LNG,8,11629
2023-11-12,LNG,9,9974
2023-11-12,LNG,10,9127
2023-11-12,LNG,11,8530
2023-11-12,LNG,12,8234
2023-11-12,LNG,13,8096
2023-11-12,LNG,14,8350
2023-11-12,LNG,15,9133
2023-11-12,LNG,16,10820
2023-11-12,LNG,17,12394
2023-11-12,LNG,18,14375
2023-11-12,LNG,19,14885
2023-11-12,LNG,20,15538
2023-11-12,LNG,21,15701
2023-11-12,LNG,22,15535
2023-11-12,LNG,23,14524
2023-11-12,LNG,24,13779
2023-11-12,연료전지,1,814
2023-11-12,연료전지,2,814
2023-11-12,연료전지,3,814
2023-11-12,연료전지,4,814
2023-11-12,연료전지,5,813
2023-11-12,연료전지,6,812
2023-11-12,연료전지,7,811
2023-11-12,연료전지,8,811
2023-11-12,연료전지,9,811
2023-11-12,연료전지,10,811
2023-11-12,연료전지,11,812
2023-11-12,연료전지,12,812
2023-11-12,연료전지,13,812
2023-11-12,연료전지,14,812
2023-11-12,연료전지,15,812
2023-11-12,연료전지,16,812
2023-11-12,연료전지,17,812
2023-11-12,연료전지,18,812
2023-11-12,연료전지,19,812
2023-11-12,연료전지,20,811
2023-11-12,연료전지,21,811
2023-11-12,연료전지,22,811
2023-11-12,연료전지,23,811
2023-11-12,연료전지,24,811
2023-11-12,경유,1,0
2023-11-12,경유,2,0
2023-11-12,경유,3,0
2023-11-12,경유,4,0
2023-11-12,경유,5,0
2023-11-12,경유,6,0
2023-11-12,경유,7,0
2023-11-12,경유,8,0
2023-11-12,경유,9,0
2023-11-12,경유,10,0
2023-11-12,경유,11,0
2023-11-12,경유,12,0
2023-11-12,경유,13,0
2023-11-12,경유,14,0
2023-11-12,경유,15,0
2023-11-12,경유,16,0
2023-11-12,경유,17,0
2023-11-12,경유,18,0
2023-11-12,경유,19,0
2023-11-12,경유,20,0
2023-11-12,경유,21,0
2023-11-12,경유,22,0
2023-11-12,경유,23,0
2023-11-12,경유,24,0
2023-11-12,해양에너지,1,0
2023-11-12,해양에너지,2,95
2023-11-12,해양에너지,3,142
2023-11-12,해양에너지,4,163
2023-11-12,해양에너지,5,141
2023-11-12,해양에너지,6,88
2023-11-12,해양에너지,7,21
2023-11-12,해양에너지,8,0
2023-11-12,해양에너지,9,0
2023-11-12,해양에너지,10,0
2023-11-12,해양에너지,11,0
2023-11-12,해양에너지,12,0
2023-11-12,해양에너지,13,0
2023-11-12,해양에너지,14,96
2023-11-12,해양에너지,15,163
2023-11-12,해양에너지,16,197
2023-11-12,해양에너지,17,190
2023-11-12,해양에너지,18,141
2023-11-12,해양에너지,19,67
2023-11-12,해양에너지,20,7
2023-11-12,해양에너지,21,0
2023-11-12,해양에너지,22,0
2023-11-12,해양에너지,23,0
2023-11-12,해양에너지,24,0
2023-11-12,바이오매스,1,872
2023-11-12,바이오매스,2,870
2023-11-12,바이오매스,3,868
2023-11-12,바이오매스,4,869
2023-11-12,바이오매스,5,871
2023-11-12,바이오매스,6,871
2023-11-12,바이오매스,7,870
2023-11-12,바이오매스,8,867
2023-11-12,바이오매스,9,867
2023-11-12,바이오매스,10,868
2023-11-12,바이오매스,11,874
2023-11-12,바이오매스,12,876
2023-11-12,바이오매스,13,882
2023-11-12,바이오매스,14,883
2023-11-12,바이오매스,15,885
2023-11-12,바이오매스,16,886
2023-11-12,바이오매스,17,889
2023-11-12,바이오매스,18,892
2023-11-12,바이오매스,19,889
2023-11-12,바이오매스,20,890
2023-11-12,바이오매스,21,891
2023-11-12,바이오매스,22,881
2023-11-12,바이오매스,23,883
2023-11-12,바이오매스,24,891
2023-11-12,IGCC,1,266
2023-11-12,IGCC,2,265
2023-11-12,IGCC,3,265
2023-11-12,IGCC,4,267
2023-11-12,IGCC,5,266
2023-11-12,IGCC,6,263
2023-11-12,IGCC,7,260
2023-11-12,IGCC,8,260
2023-11-12,IGCC,9,259
2023-11-12,IGCC,10,259
2023-11-12,IGCC,11,257
2023-11-12,IGCC,12,259
2023-11-12,IGCC,13,258
2023-11-12,IGCC,14,258
2023-11-12,IGCC,15,256
2023-11-12,IGCC,16,260
2023-11-12,IGCC,17,263
2023-11-12,IGCC,18,265
2023-11-12,IGCC,19,266
2023-11-12,IGCC,20,267
2023-11-12,IGCC,21,267
2023-11-12,IGCC,22,267
2023-11-12,IGCC,23,266
2023-11-12,IGCC,24,266
2023-11-12,바이오중유,1,207
2023-11-12,바이오중유,2,207
2023-11-12,바이오중유,3,207
2023-11-12,바이오중유,4,207
2023-11-12,바이오중유,5,207
2023-11-12,바이오중유,6,207
2023-11-12,바이오중유,7,206
2023-11-12,바이오중유,8,207
2023-11-12,바이오중유,9,207
2023-11-12,바이오중유,10,199
2023-11-12,바이오중유,11,188
2023-11-12,바이오중유,12,147
2023-11-12,바이오중유,13,133
2023-11-12,바이오중유,14,177
2023-11-12,바이오중유,15,206
2023-11-12,바이오중유,16,206
2023-11-12,바이오중유,17,206
2023-11-12,바이오중유,18,206
2023-11-12,바이오중유,19,206
2023-11-12,바이오중유,20,206
2023-11-12,바이오중유,21,206
2023-11-12,바이오중유,22,206
2023-11-12,바이오중유,23,207
2023-11-12,바이오중유,24,207
2023-11-12,바이오기타,1,1
2023-11-12,바이오기타,2,0
2023-11-12,바이오기타,3,0
2023-11-12,바이오기타,4,0
2023-11-12,바이오기타,5,0
2023-11-12,바이오기타,6,0
2023-11-12,바이오기타,7,1
2023-11-12,바이오기타,8,1
2023-11-12,바이오기타,9,1
2023-11-12,바이오기타,10,1
2023-11-12,바이오기타,11,1
2023-11-12,바이오기타,12,1
2023-11-12,바이오기타,13,0
2023-11-12,바이오기타,14,0
2023-11-12,바이오기타,15,0
2023-11-12,바이오기타,16,0
2023-11-12,바이오기타,17,0
2023-11-12,바이오기타,18,0
2023-11-12,바이오기타,19,0
2023-11-12,바이오기타,20,0
2023-11-12,바이오기타,21,0
2023-11-12,바이오기타,22,0
2023-11-12,바이오기타,23,0
2023-11-12,바이오기타,24,0
2023-11-12,기타,1,17
2023-11-12,기타,2,17
2023-11-12,기타,3,17
2023-11-12,기타,4,17
2023-11-12,기타,5,17
2023-11-12,기타,6,17
2023-11-12,기타,7,17
2023-11-12,기타,8,17
2023-11-12,기타,9,17
2023-11-12,기타,10,17
2023-11-12,기타,11,17
2023-11-12,기타,12,17
2023-11-12,기타,13,17
2023-11-12,기타,14,17
2023-11-12,기타,15,17
2023-11-12,기타,16,17
2023-11-12,기타,17,17
2023-11-12,기타,18,17
2023-11-12,기타,19,17
2023-11-12,기타,20,17
2023-11-12,기타,21,17
2023-11-12,기타,22,17
2023-11-12,기타,23,17
2023-11-12,기타,24,17
2023-11-13,원자력,1,20747
2023-11-13,원자력,2,20746
2023-11-13,원자력,3,20749
2023-11-13,원자력,4,20751
2023-11-13,원자력,5,20752
2023-11-13,원자력,6,20753
2023-11-13,원자력,7,20753
2023-11-13,원자력,8,20751
2023-11-13,원자력,9,20750
2023-11-13,원자력,10,20751
2023-11-13,원자력,11,20751
2023-11-13,원자력,12,20749
2023-11-13,원자력,13,20729
2023-11-13,원자력,14,20732
2023-11-13,원자력,15,20752
2023-11-13,원자력,16,20762
2023-11-13,원자력,17,20769
2023-11-13,원자력,18,20769
2023-11-13,원자력,19,20770
2023-11-13,원자력,20,20770
2023-11-13,원자력,21,20769
2023-11-13,원자력,22,20769
2023-11-13,원자력,23,20766
2023-11-13,원자력,24,20761
2023-11-13,유연탄,1,18201
2023-11-13,유연탄,2,18099
2023-11-13,유연탄,3,17841
2023-11-13,유연탄,4,18172
2023-11-13,유연탄,5,18265
2023-11-13,유연탄,6,18539
2023-11-13,유연탄,7,18742
2023-11-13,유연탄,8,18830
2023-11-13,유연탄,9,19063
2023-11-13,유연탄,10,18881
2023-11-13,유연탄,11,18121
2023-11-13,유연탄,12,17612
2023-11-13,유연탄,13,16372
2023-11-13,유연탄,14,17728
2023-11-13,유연탄,15,18824
2023-11-13,유연탄,16,19493
2023-11-13,유연탄,17,19637
2023-11-13,유연탄,18,19548
2023-11-13,유연탄,19,19684
2023-11-13,유연탄,20,19658
2023-11-13,유연탄,21,19323
2023-11-13,유연탄,22,19358
2023-11-13,유연탄,23,19583
2023-11-13,유연탄,24,19641
2023-11-13,무연탄,1,0
2023-11-13,무연탄,2,0
2023-11-13,무연탄,3,0
2023-11-13,무연탄,4,0
2023-11-13,무연탄,5,0
2023-11-13,무연탄,6,0
2023-11-13,무연탄,7,0
2023-11-13,무연탄,8,0
2023-11-13,무연탄,9,0
2023-11-13,무연탄,10,0
2023-11-13,무연탄,11,0
2023-11-13,무연탄,12,0
2023-11-13,무연탄,13,0
2023-11-13,무연탄,14,0
2023-11-13,무연탄,15,0
2023-11-13,무연탄,16,0
2023-11-13,무연탄,17,0
2023-11-13,무연탄,18,0
2023-11-13,무연탄,19,0
2023-11-13,무연탄,20,0
2023-11-13,무연탄,21,0
2023-11-13,무연탄,22,0
2023-11-13,무연탄,23,0
2023-11-13,무연탄,24,0
2023-11-13,바이오가스,1,34
2023-11-13,바이오가스,2,35
2023-11-13,바이오가스,3,35
2023-11-13,바이오가스,4,35
2023-11-13,바이오가스,5,35
2023-11-13,바이오가스,6,36
2023-11-13,바이오가스,7,35
2023-11-13,바이오가스,8,35
2023-11-13,바이오가스,9,34
2023-11-13,바이오가스,10,35
2023-11-13,바이오가스,11,36
2023-11-13,바이오가스,12,35
2023-11-13,바이오가스,13,35
2023-11-13,바이오가스,14,34
2023-11-13,바이오가스,15,34
2023-11-13,바이오가스,16,34
2023-11-13,바이오가스,17,34
2023-11-13,바이오가스,18,34
2023-11-13,바이오가스,19,33
2023-11-13,바이오가스,20,34
2023-11-13,바이오가스,21,35
2023-11-13,바이오가스,22,35
2023-11-13,바이오가스,23,34
2023-11-13,바이오가스,24,33
2023-11-13,부생가스,1,53
2023-11-13,부생가스,2,53
2023-11-13,부생가스,3,53
2023-11-13,부생가스,4,54
2023-11-13,부생가스,5,53
2023-11-13,부생가스,6,53
2023-11-13,부생가스,7,54
2023-11-13,부생가스,8,56
2023-11-13,부생가스,9,64
2023-11-13,부생가스,10,82
2023-11-13,부생가스,11,79
2023-11-13,부생가스,12,69
2023-11-13,부생가스,13,59
2023-11-13,부생가스,14,67
2023-11-13,부생가스,15,60
2023-11-13,부생가스,16,80
2023-11-13,부생가스,17,56
2023-11-13,부생가스,18,58
2023-11-13,부생가스,19,50
2023-11-13,부생가스,20,53
2023-11-13,부생가스,21,51
2023-11-13,부생가스,22,51
2023-11-13,부생가스,23,51
2023-11-13,부생가스,24,51
2023-11-13,수력,1,133
2023-11-13,수력,2,131
2023-11-13,수력,3,129
2023-11-13,수력,4,128
2023-11-13,수력,5,127
2023-11-13,수력,6,129
2023-11-13,수력,7,129
2023-11-13,수력,8,137
2023-11-13,수력,9,555
2023-11-13,수력,10,468
2023-11-13,수력,11,467
2023-11-13,수력,12,448
2023-11-13,수력,13,229
2023-11-13,수력,14,335
2023-11-13,수력,15,401
2023-11-13,수력,16,483
2023-11-13,수력,17,506
2023-11-13,수력,18,513
2023-11-13,수력,19,533
2023-11-13,수력,20,442
2023-11-13,수력,21,344
2023-11-13,수력,22,213
2023-11-13,수력,23,123
2023-11-13,수력,24,121
2023-11-13,양수,1,78
2023-11-13,양수,2,0
2023-11-13,양수,3,0
2023-11-13,양수,4,0
2023-11-13,양수,5,0
2023-11-13,양수,6,0
2023-11-13,양수,7,0
2023-11-13,양수,8,678
2023-11-13,양수,9,910
2023-11-13,양수,10,10
2023-11-13,양수,11,0
2023-11-13,양수,12,0
2023-11-13,양수,13,0
2023-11-13,양수,14,0
2023-11-13,양수,15,0
2023-11-13,양수,16,0
2023-11-13,양수,17,122
2023-11-13,양수,18,1408
2023-11-13,양수,19,2095
2023-11-13,양수,20,2193
2023-11-13,양수,21,2267
2023-11-13,양수,22,1797
2023-11-13,양수,23,623
2023-11-13,양수,24,216
2023-11-13,매립가스,1,29
2023-11-13,매립가스,2,30
2023-11-13,매립가스,3,30
2023-11-13,매립가스,4,30
2023-11-13,매립가스,5,30
2023-11-13,매립가스,6,30
2023-11-13,매립가스,7,30
2023-11-13,매립가스,8,29
2023-11-13,매립가스,9,28
2023-11-13,매립가스,10,26
2023-11-13,매립가스,11,26
2023-11-13,매립가스,12,27
2023-11-13,매립가스,13,28
2023-11-13,매립가스,14,29
2023-11-13,매립가스,15,29
2023-11-13,매립가스,16,30
2023-11-13,매립가스,17,30
2023-11-13,매립가스,18,30
2023-11-13,매립가스,19,29
2023-11-13,매립가스,20,29
2023-11-13,매립가스,21,29
2023-11-13,매립가스,22,29
2023-11-13,매립가스,23,29
2023-11-13,매립가스,24,29
2023-11-13,중유,1,31
2023-11-13,중유,2,30
2023-11-13,중유,3,30
2023-11-13,중유,4,30
2023-11-13,중유,5,30
2023-11-13,중유,6,30
2023-11-13,중유,7,29
2023-11-13,중유,8,29
2023-11-13,중유,9,29
2023-11-13,중유,10,29
2023-11-13,중유,11,29
2023-11-13,중유,12,30
2023-11-13,중유,13,31
2023-11-13,중유,14,32
2023-11-13,중유,15,31
2023-11-13,중유,16,29
2023-11-13,중유,17,28
2023-11-13,중유,18,28
2023-11-13,중유,19,29
2023-11-13,중유,20,30
2023-11-13,중유,21,30
2023-11-13,중유,22,30
2023-11-13,중유,23,30
2023-11-13,중유,24,31
2023-11-13,태양광,1,2
2023-11-13,태양광,2,0
2023-11-13,태양광,3,0
2023-11-13,태양광,4,0
2023-11-13,태양광,5,0
2023-11-13,태양광,6,0
2023-11-13,태양광,7,0
2023-11-13,태양광,8,176
2023-11-13,태양광,9,1252
2023-11-13,태양광,10,2623
2023-11-13,태양광,11,3422
2023-11-13,태양광,12,3945
2023-11-13,태양광,13,4081
2023-11-13,태양광,14,4041
2023-11-13,태양광,15,3437
2023-11-13,태양광,16,2245
2023-11-13,태양광,17,1327
2023-11-13,태양광,18,757
2023-11-13,태양광,19,705
2023-11-13,태양광,20,555
2023-11-13,태양광,21,351
2023-11-13,태양광,22,184
2023-11-13,태양광,23,87
2023-11-13,태양광,24,25
2023-11-13,폐기물,1,138
2023-11-13,폐기물,2,142
2023-11-13,폐기물,3,137
2023-11-13,폐기물,4,136
2023-11-13,폐기물,5,134
2023-11-13,폐기물,6,134
2023-11-13,폐기물,7,132
2023-11-13,폐기물,8,126
2023-11-13,폐기물,9,120
2023-11-13,폐기물,10,120
2023-11-13,폐기물,11,127
2023-11-13,폐기물,12,129
2023-11-13,폐기물,13,131
2023-11-13,폐기물,14,137
2023-11-13,폐기물,15,134
2023-11-13,폐기물,16,133
2023-11-13,폐기물,17,131
2023-11-13,폐기물,18,130
2023-11-13,폐기물,19,133
2023-11-13,폐기물,20,133
2023-11-13,폐기물,21,135
2023-11-13,폐기물,22,131
2023-11-13,폐기물,23,135
2023-11-13,폐기물,24,133
2023-11-13,풍력,1,852
2023-11-13,풍력,2,818
2023-11-13,풍력,3,785
2023-11-13,풍력,4,792
2023-11-13,풍력,5,774
2023-11-13,풍력,6,698
2023-11-13,풍력,7,729
2023-11-13,풍력,8,701
2023-11-13,풍력,9,716
2023-11-13,풍력,10,683
2023-11-13,풍력,11,746
2023-11-13,풍력,12,791
2023-11-13,풍력,13,813
2023-11-13,풍력,14,866
2023-11-13,풍력,15,841
2023-11-13,풍력,16,836
2023-11-13,풍력,17,846
2023-11-13,풍력,18,857
2023-11-13,풍력,19,908
2023-11-13,풍력,20,924
2023-11-13,풍력,21,912
2023-11-13,풍력,22,851
2023-11-13,풍력,23,852
2023-11-13,풍력,24,858
2023-11-13,LNG,1,11774
2023-11-13,LNG,2,10431
2023-11-13,LNG,3,10395
2023-11-13,LNG,4,10284
2023-11-13,LNG,5,11004
2023-11-13,LNG,6,12227
2023-11-13,LNG,7,14822
2023-11-13,LNG,8,19514
2023-11-13,LNG,9,22186
2023-11-13,LNG,10,21209
2023-11-13,LNG,11,20068
2023-11-13,LNG,12,18573
2023-11-13,LNG,13,17243
2023-11-13,LNG,14,18353
2023-11-13,LNG,15,19179
2023-11-13,LNG,16,21389
2023-11-13,LNG,17,24562
2023-11-13,LNG,18,25419
2023-11-13,LNG,19,24107
2023-11-13,LNG,20,22912
2023-11-13,LNG,21,21199
2023-11-13,LNG,22,19679
2023-11-13,LNG,23,20229
2023-11-13,LNG,24,19627
2023-11-13,연료전지,1,811
2023-11-13,연료전지,2,811
2023-11-13,연료전지,3,810
2023-11-13,연료전지,4,810
2023-11-13,연료전지,5,810
2023-11-13,연료전지,6,810
2023-11-13,연료전지,7,810
2023-11-13,연료전지,8,808
2023-11-13,연료전지,9,807
2023-11-13,연료전지,10,807
2023-11-13,연료전지,11,806
2023-11-13,연료전지,12,806
2023-11-13,연료전지,13,806
2023-11-13,연료전지,14,805
2023-11-13,연료전지,15,804
2023-11-13,연료전지,16,805
2023-11-13,연료전지,17,806
2023-11-13,연료전지,18,805
2023-11-13,연료전지,19,806
2023-11-13,연료전지,20,807
2023-11-13,연료전지,21,807
2023-11-13,연료전지,22,808
2023-11-13,연료전지,23,809
2023-11-13,연료전지,24,811
2023-11-13,경유,1,0
2023-11-13,경유,2,0
2023-11-13,경유,3,0
2023-11-13,경유,4,0
2023-11-13,경유,5,0
2023-11-13,경유,6,0
2023-11-13,경유,7,0
2023-11-13,경유,8,0
2023-11-13,경유,9,0
2023-11-13,경유,10,0
2023-11-13,경유,11,0
2023-11-13,경유,12,0
2023-11-13,경유,13,0
2023-11-13,경유,14,0
2023-11-13,경유,15,0
2023-11-13,경유,16,0
2023-11-13,경유,17,0
2023-11-13,경유,18,0
2023-11-13,경유,19,0
2023-11-13,경유,20,0
2023-11-13,경유,21,0
2023-11-13,경유,22,0
2023-11-13,경유,23,0
2023-11-13,경유,24,0
2023-11-13,해양에너지,1,0
2023-11-13,해양에너지,2,40
2023-11-13,해양에너지,3,119
2023-11-13,해양에너지,4,159
2023-11-13,해양에너지,5,158
2023-11-13,해양에너지,6,117
2023-11-13,해양에너지,7,49
2023-11-13,해양에너지,8,2
2023-11-13,해양에너지,9,0
2023-11-13,해양에너지,10,0
2023-11-13,해양에너지,11,0
2023-11-13,해양에너지,12,0
2023-11-13,해양에너지,13,0
2023-11-13,해양에너지,14,62
2023-11-13,해양에너지,15,145
2023-11-13,해양에너지,16,202
2023-11-13,해양에너지,17,217
2023-11-13,해양에너지,18,198
2023-11-13,해양에너지,19,133
2023-11-13,해양에너지,20,54
2023-11-13,해양에너지,21,3
2023-11-13,해양에너지,22,0
2023-11-13,해양에너지,23,0
2023-11-13,해양에너지,24,0
2023-11-13,바이오매스,1,881
2023-11-13,바이오매스,2,877
2023-11-13,바이오매스,3,878
2023-11-13,바이오매스,4,874
2023-11-13,바이오매스,5,874
2023-11-13,바이오매스,6,874
2023-11-13,바이오매스,7,874
2023-11-13,바이오매스,8,874
2023-11-13,바이오매스,9,874
2023-11-13,바이오매스,10,872
2023-11-13,바이오매스,11,875
2023-11-13,바이오매스,12,876
2023-11-13,바이오매스,13,875
2023-11-13,바이오매스,14,877
2023-11-13,바이오매스,15,876
2023-11-13,바이오매스,16,878
2023-11-13,바이오매스,17,877
2023-11-13,바이오매스,18,875
2023-11-13,바이오매스,19,877
2023-11-13,바이오매스,20,873
2023-11-13,바이오매스,21,869
2023-11-13,바이오매스,22,870
2023-11-13,바이오매스,23,873
2023-11-13,바이오매스,24,873
2023-11-13,IGCC,1,266
2023-11-13,IGCC,2,265
2023-11-13,IGCC,3,263
2023-11-13,IGCC,4,261
2023-11-13,IGCC,5,260
2023-11-13,IGCC,6,258
2023-11-13,IGCC,7,257
2023-11-13,IGCC,8,259
2023-11-13,IGCC,9,259
2023-11-13,IGCC,10,257
2023-11-13,IGCC,11,257
2023-11-13,IGCC,12,258
2023-11-13,IGCC,13,259
2023-11-13,IGCC,14,259
2023-11-13,IGCC,15,258
2023-11-13,IGCC,16,263
2023-11-13,IGCC,17,265
2023-11-13,IGCC,18,266
2023-11-13,IGCC,19,265
2023-11-13,IGCC,20,266
2023-11-13,IGCC,21,266
2023-11-13,IGCC,22,265
2023-11-13,IGCC,23,261
2023-11-13,IGCC,24,260
2023-11-13,바이오중유,1,207
2023-11-13,바이오중유,2,207
2023-11-13,바이오중유,3,207
2023-11-13,바이오중유,4,207
2023-11-13,바이오중유,5,207
2023-11-13,바이오중유,6,207
2023-11-13,바이오중유,7,207
2023-11-13,바이오중유,8,207
2023-11-13,바이오중유,9,207
2023-11-13,바이오중유,10,207
2023-11-13,바이오중유,11,192
2023-11-13,바이오중유,12,148
2023-11-13,바이오중유,13,171
2023-11-13,바이오중유,14,182
2023-11-13,바이오중유,15,205
2023-11-13,바이오중유,16,206
2023-11-13,바이오중유,17,263
2023-11-13,바이오중유,18,254
2023-11-13,바이오중유,19,233
2023-11-13,바이오중유,20,202
2023-11-13,바이오중유,21,203
2023-11-13,바이오중유,22,203
2023-11-13,바이오중유,23,203
2023-11-13,바이오중유,24,212
2023-11-13,바이오기타,1,0
2023-11-13,바이오기타,2,0
2023-11-13,바이오기타,3,0
2023-11-13,바이오기타,4,0
2023-11-13,바이오기타,5,0
2023-11-13,바이오기타,6,0
2023-11-13,바이오기타,7,0
2023-11-13,바이오기타,8,0
2023-11-13,바이오기타,9,0
2023-11-13,바이오기타,10,1
2023-11-13,바이오기타,11,1
2023-11-13,바이오기타,12,1
2023-11-13,바이오기타,13,1
2023-11-13,바이오기타,14,1
2023-11-13,바이오기타,15,0
2023-11-13,바이오기타,16,0
2023-11-13,바이오기타,17,0
2023-11-13,바이오기타,18,0
2023-11-13,바이오기타,19,0
2023-11-13,바이오기타,20,0
2023-11-13,바이오기타,21,0
2023-11-13,바이오기타,22,0
2023-11-13,바이오기타,23,0
2023-11-13,바이오기타,24,0
2023-11-13,기타,1,16
2023-11-13,기타,2,16
2023-11-13,기타,3,16
2023-11-13,기타,4,16
2023-11-13,기타,5,16
2023-11-13,기타,6,16
2023-11-13,기타,7,17
2023-11-13,기타,8,17
2023-11-13,기타,9,17
2023-11-13,기타,10,17
2023-11-13,기타,11,17
2023-11-13,기타,12,17
2023-11-13,기타,13,16
2023-11-13,기타,14,16
2023-11-13,기타,15,16
2023-11-13,기타,16,17
2023-11-13,기타,17,17
2023-11-13,기타,18,17
2023-11-13,기타,19,17
2023-11-13,기타,20,17
2023-11-13,기타,21,16
2023-11-13,기타,22,17
2023-11-13,기타,23,17
2023-11-13,기타,24,16
2023-11-14,원자력,1,20762
2023-11-14,원자력,2,20762
2023-11-14,원자력,3,20762
2023-11-14,원자력,4,20762
2023-11-14,원자력,5,20762
2023-11-14,원자력,6,20764
2023-11-14,원자력,7,20765
2023-11-14,원자력,8,20764
2023-11-14,원자력,9,20763
2023-11-14,원자력,10,20763
2023-11-14,원자력,11,20775
2023-11-14,원자력,12,20774
2023-11-14,원자력,13,20765
2023-11-14,원자력,14,20764
2023-11-14,원자력,15,20764
2023-11-14,원자력,16,20765
2023-11-14,원자력,17,20766
2023-11-14,원자력,18,20767
2023-11-14,원자력,19,20767
2023-11-14,원자력,20,20768
2023-11-14,원자력,21,20769
2023-11-14,원자력,22,20769
2023-11-14,원자력,23,20768
2023-11-14,원자력,24,20770
2023-11-14,유연탄,1,19532
2023-11-14,유연탄,2,19514
2023-11-14,유연탄,3,19505
2023-11-14,유연탄,4,19521
2023-11-14,유연탄,5,19485
2023-11-14,유연탄,6,19618
2023-11-14,유연탄,7,20045
2023-11-14,유연탄,8,20566
2023-11-14,유연탄,9,20757
2023-11-14,유연탄,10,21170
2023-11-14,유연탄,11,20258
2023-11-14,유연탄,12,19412
2023-11-14,유연탄,13,18589
2023-11-14,유연탄,14,19766
2023-11-14,유연탄,15,20236
2023-11-14,유연탄,16,20759
2023-11-14,유연탄,17,20972
2023-11-14,유연탄,18,21073
2023-11-14,유연탄,19,20841
2023-11-14,유연탄,20,20800
2023-11-14,유연탄,21,20451
2023-11-14,유연탄,22,20399
2023-11-14,유연탄,23,20876
2023-11-14,유연탄,24,21060
2023-11-14,무연탄,1,0
2023-11-14,무연탄,2,0
2023-11-14,무연탄,3,0
2023-11-14,무연탄,4,0
2023-11-14,무연탄,5,0
2023-11-14,무연탄,6,0
2023-11-14,무연탄,7,0
2023-11-14,무연탄,8,0
2023-11-14,무연탄,9,0
2023-11-14,무연탄,10,0
2023-11-14,무연탄,11,0
2023-11-14,무연탄,12,0
2023-11-14,무연탄,13,0
2023-11-14,무연탄,14,0
2023-11-14,무연탄,15,0
2023-11-14,무연탄,16,0
2023-11-14,무연탄,17,0
2023-11-14,무연탄,18,0
2023-11-14,무연탄,19,0
2023-11-14,무연탄,20,0
2023-11-14,무연탄,21,0
2023-11-14,무연탄,22,0
2023-11-14,무연탄,23,0
2023-11-14,무연탄,24,0
2023-11-14,바이오가스,1,34
2023-11-14,바이오가스,2,34
2023-11-14,바이오가스,3,34
2023-11-14,바이오가스,4,34
2023-11-14,바이오가스,5,34
2023-11-14,바이오가스,6,34
2023-11-14,바이오가스,7,33
2023-11-14,바이오가스,8,35
2023-11-14,바이오가스,9,35
2023-11-14,바이오가스,10,35
2023-11-14,바이오가스,11,34
2023-11-14,바이오가스,12,35
2023-11-14,바이오가스,13,35
2023-11-14,바이오가스,14,35
2023-11-14,바이오가스,15,33
2023-11-14,바이오가스,16,33
2023-11-14,바이오가스,17,33
2023-11-14,바이오가스,18,35
2023-11-14,바이오가스,19,34
2023-11-14,바이오가스,20,32
2023-11-14,바이오가스,21,32
2023-11-14,바이오가스,22,34
2023-11-14,바이오가스,23,33
2023-11-14,바이오가스,24,34
2023-11-14,부생가스,1,51
2023-11-14,부생가스,2,51
2023-11-14,부생가스,3,51
2023-11-14,부생가스,4,51
2023-11-14,부생가스,5,51
2023-11-14,부생가스,6,51
2023-11-14,부생가스,7,51
2023-11-14,부생가스,8,54
2023-11-14,부생가스,9,71
2023-11-14,부생가스,10,57
2023-11-14,부생가스,11,51
2023-11-14,부생가스,12,51
2023-11-14,부생가스,13,62
2023-11-14,부생가스,14,59
2023-11-14,부생가스,15,117
2023-11-14,부생가스,16,70
2023-11-14,부생가스,17,54
2023-11-14,부생가스,18,51
2023-11-14,부생가스,19,52
2023-11-14,부생가스,20,53
2023-11-14,부생가스,21,56
2023-11-14,부생가스,22,54
2023-11-14,부생가스,23,51
2023-11-14,부생가스,24,51
2023-11-14,수력,1,125
2023-11-14,수력,2,122
2023-11-14,수력,3,119
2023-11-14,수력,4,118
2023-11-14,수력,5,117
2023-11-14,수력,6,118
2023-11-14,수력,7,124
2023-11-14,수력,8,144
2023-11-14,수력,9,570
2023-11-14,수력,10,471
2023-11-14,수력,11,446
2023-11-14,수력,12,459
2023-11-14,수력,13,204
2023-11-14,수력,14,311
2023-11-14,수력,15,341
2023-11-14,수력,16,470
2023-11-14,수력,17,469
2023-11-14,수력,18,448
2023-11-14,수력,19,517
2023-11-14,수력,20,486
2023-11-14,수력,21,421
2023-11-14,수력,22,276
2023-11-14,수력,23,143
2023-11-14,수력,24,126
2023-11-14,양수,1,218
2023-11-14,양수,2,0
2023-11-14,양수,3,0
2023-11-14,양수,4,0
2023-11-14,양수,5,0
2023-11-14,양수,6,0
2023-11-14,양수,7,0
2023-11-14,양수,8,0
2023-11-14,양수,9,211
2023-11-14,양수,10,0
2023-11-14,양수,11,0
2023-11-14,양수,12,0
2023-11-14,양수,13,0
2023-11-14,양수,14,0
2023-11-14,양수,15,0
2023-11-14,양수,16,0
2023-11-14,양수,17,0
2023-11-14,양수,18,587
2023-11-14,양수,19,1964
2023-11-14,양수,20,2163
2023-11-14,양수,21,2177
2023-11-14,양수,22,2064
2023-11-14,양수,23,1788
2023-11-14,양수,24,656
2023-11-14,매립가스,1,29
2023-11-14,매립가스,2,29
2023-11-14,매립가스,3,29
2023-11-14,매립가스,4,29
2023-11-14,매립가스,5,29
2023-11-14,매립가스,6,29
2023-11-14,매립가스,7,29
2023-11-14,매립가스,8,29
2023-11-14,매립가스,9,29
2023-11-14,매립가스,10,29
2023-11-14,매립가스,11,29
2023-11-14,매립가스,12,29
2023-11-14,매립가스,13,29
2023-11-14,매립가스,14,29
2023-11-14,매립가스,15,29
2023-11-14,매립가스,16,29
2023-11-14,매립가스,17,29
2023-11-14,매립가스,18,29
2023-11-14,매립가스,19,29
2023-11-14,매립가스,20,29
2023-11-14,매립가스,21,29
2023-11-14,매립가스,22,29
2023-11-14,매립가스,23,29
2023-11-14,매립가스,24,29
2023-11-14,중유,1,32
2023-11-14,중유,2,32
2023-11-14,중유,3,31
2023-11-14,중유,4,31
2023-11-14,중유,5,31
2023-11-14,중유,6,31
2023-11-14,중유,7,31
2023-11-14,중유,8,30
2023-11-14,중유,9,30
2023-11-14,중유,10,30
2023-11-14,중유,11,30
2023-11-14,중유,12,31
2023-11-14,중유,13,31
2023-11-14,중유,14,31
2023-11-14,중유,15,31
2023-11-14,중유,16,31
2023-11-14,중유,17,31
2023-11-14,중유,18,31
2023-11-14,중유,19,31
2023-11-14,중유,20,31
2023-11-14,중유,21,31
2023-11-14,중유,22,32
2023-11-14,중유,23,32
2023-11-14,중유,24,32
2023-11-14,태양광,1,4
2023-11-14,태양광,2,1
2023-11-14,태양광,3,0
2023-11-14,태양광,4,0
2023-11-14,태양광,5,0
2023-11-14,태양광,6,0
2023-11-14,태양광,7,1
2023-11-14,태양광,8,134
2023-11-14,태양광,9,1050
2023-11-14,태양광,10,2280
2023-11-14,태양광,11,3014
2023-11-14,태양광,12,3332
2023-11-14,태양광,13,3146
2023-11-14,태양광,14,2865
2023-11-14,태양광,15,2301
2023-11-14,태양광,16,1561
2023-11-14,태양광,17,1029
2023-11-14,태양광,18,533
2023-11-14,태양광,19,480
2023-11-14,태양광,20,396
2023-11-14,태양광,21,274
2023-11-14,태양광,22,155
2023-11-14,태양광,23,72
2023-11-14,태양광,24,19
2023-11-14,폐기물,1,131
2023-11-14,폐기물,2,128
2023-11-14,폐기물,3,130
2023-11-14,폐기물,4,129
2023-11-14,폐기물,5,129
2023-11-14,폐기물,6,129
2023-11-14,폐기물,7,126
2023-11-14,폐기물,8,126
2023-11-14,폐기물,9,127
2023-11-14,폐기물,10,125
2023-11-14,폐기물,11,124
2023-11-14,폐기물,12,127
2023-11-14,폐기물,13,128
2023-11-14,폐기물,14,127
2023-11-14,폐기물,15,126
2023-11-14,폐기물,16,122
2023-11-14,폐기물,17,125
2023-11-14,폐기물,18,126
2023-11-14,폐기물,19,124
2023-11-14,폐기물,20,122
2023-11-14,폐기물,21,123
2023-11-14,폐기물,22,126
2023-11-14,폐기물,23,125
2023-11-14,폐기물,24,124
2023-11-14,풍력,1,843
2023-11-14,풍력,2,881
2023-11-14,풍력,3,905
2023-11-14,풍력,4,913
2023-11-14,풍력,5,890
2023-11-14,풍력,6,899
2023-11-14,풍력,7,809
2023-11-14,풍력,8,702
2023-11-14,풍력,9,575
2023-11-14,풍력,10,471
2023-11-14,풍력,11,431
2023-11-14,풍력,12,381
2023-11-14,풍력,13,322
2023-11-14,풍력,14,316
2023-11-14,풍력,15,360
2023-11-14,풍력,16,403
2023-11-14,풍력,17,424
2023-11-14,풍력,18,434
2023-11-14,풍력,19,471
2023-11-14,풍력,20,455
2023-11-14,풍력,21,402
2023-11-14,풍력,22,355
2023-11-14,풍력,23,325
2023-11-14,풍력,24,290
2023-11-14,LNG,1,16309
2023-11-14,LNG,2,14844
2023-11-14,LNG,3,14665
2023-11-14,LNG,4,14315
2023-11-14,LNG,5,14509
2023-11-14,LNG,6,15808
2023-11-14,LNG,7,18437
2023-11-14,LNG,8,22061
2023-11-14,LNG,9,24205
2023-11-14,LNG,10,22257
2023-11-14,LNG,11,19876
2023-11-14,LNG,12,18412
2023-11-14,LNG,13,17537
2023-11-14,LNG,14,18250
2023-11-14,LNG,15,20291
2023-11-14,LNG,16,21865
2023-11-14,LNG,17,24219
2023-11-14,LNG,18,24894
2023-11-14,LNG,19,23054
2023-11-14,LNG,20,22033
2023-11-14,LNG,21,20391
2023-11-14,LNG,22,18737
2023-11-14,LNG,23,18444
2023-11-14,LNG,24,18312
2023-11-14,연료전지,1,812
2023-11-14,연료전지,2,814
2023-11-14,연료전지,3,815
2023-11-14,연료전지,4,816
2023-11-14,연료전지,5,817
2023-11-14,연료전지,6,817
2023-11-14,연료전지,7,817
2023-11-14,연료전지,8,815
2023-11-14,연료전지,9,813
2023-11-14,연료전지,10,812
2023-11-14,연료전지,11,811
2023-11-14,연료전지,12,812
2023-11-14,연료전지,13,813
2023-11-14,연료전지,14,814
2023-11-14,연료전지,15,814
2023-11-14,연료전지,16,813
2023-11-14,연료전지,17,812
2023-11-14,연료전지,18,812
2023-11-14,연료전지,19,814
2023-11-14,연료전지,20,816
2023-11-14,연료전지,21,818
2023-11-14,연료전지,22,818
2023-11-14,연료전지,23,818
2023-11-14,연료전지,24,818
2023-11-14,경유,1,0
2023-11-14,경유,2,0
2023-11-14,경유,3,0
2023-11-14,경유,4,0
2023-11-14,경유,5,0
2023-11-14,경유,6,0
2023-11-14,경유,7,0
2023-11-14,경유,8,0
2023-11-14,경유,9,0
2023-11-14,경유,10,0
2023-11-14,경유,11,0
2023-11-14,경유,12,0
2023-11-14,경유,13,0
2023-11-14,경유,14,0
2023-11-14,경유,15,0
2023-11-14,경유,16,0
2023-11-14,경유,17,0
2023-11-14,경유,18,0
2023-11-14,경유,19,0
2023-11-14,경유,20,0
2023-11-14,경유,21,0
2023-11-14,경유,22,0
2023-11-14,경유,23,0
2023-11-14,경유,24,0
2023-11-14,해양에너지,1,0
2023-11-14,해양에너지,2,4
2023-11-14,해양에너지,3,101
2023-11-14,해양에너지,4,153
2023-11-14,해양에너지,5,177
2023-11-14,해양에너지,6,154
2023-11-14,해양에너지,7,95
2023-11-14,해양에너지,8,22
2023-11-14,해양에너지,9,0
2023-11-14,해양에너지,10,0
2023-11-14,해양에너지,11,0
2023-11-14,해양에너지,12,0
2023-11-14,해양에너지,13,0
2023-11-14,해양에너지,14,10
2023-11-14,해양에너지,15,116
2023-11-14,해양에너지,16,188
2023-11-14,해양에너지,17,220
2023-11-14,해양에너지,18,219
2023-11-14,해양에너지,19,183
2023-11-14,해양에너지,20,102
2023-11-14,해양에너지,21,25
2023-11-14,해양에너지,22,0
2023-11-14,해양에너지,23,0
2023-11-14,해양에너지,24,0
2023-11-14,바이오매스,1,870
2023-11-14,바이오매스,2,856
2023-11-14,바이오매스,3,849
2023-11-14,바이오매스,4,848
2023-11-14,바이오매스,5,848
2023-11-14,바이오매스,6,849
2023-11-14,바이오매스,7,846
2023-11-14,바이오매스,8,849
2023-11-14,바이오매스,9,848
2023-11-14,바이오매스,10,844
2023-11-14,바이오매스,11,820
2023-11-14,바이오매스,12,824
2023-11-14,바이오매스,13,818
2023-11-14,바이오매스,14,814
2023-11-14,바이오매스,15,816
2023-11-14,바이오매스,16,813
2023-11-14,바이오매스,17,813
2023-11-14,바이오매스,18,813
2023-11-14,바이오매스,19,814
2023-11-14,바이오매스,20,816
2023-11-14,바이오매스,21,817
2023-11-14,바이오매스,22,812
2023-11-14,바이오매스,23,812
2023-11-14,바이오매스,24,810
2023-11-14,IGCC,1,260
2023-11-14,IGCC,2,259
2023-11-14,IGCC,3,257
2023-11-14,IGCC,4,256
2023-11-14,IGCC,5,255
2023-11-14,IGCC,6,252
2023-11-14,IGCC,7,252
2023-11-14,IGCC,8,251
2023-11-14,IGCC,9,253
2023-11-14,IGCC,10,253
2023-11-14,IGCC,11,255
2023-11-14,IGCC,12,270
2023-11-14,IGCC,13,291
2023-11-14,IGCC,14,294
2023-11-14,IGCC,15,294
2023-11-14,IGCC,16,295
2023-11-14,IGCC,17,294
2023-11-14,IGCC,18,282
2023-11-14,IGCC,19,262
2023-11-14,IGCC,20,260
2023-11-14,IGCC,21,258
2023-11-14,IGCC,22,256
2023-11-14,IGCC,23,254
2023-11-14,IGCC,24,255
2023-11-14,바이오중유,1,203
2023-11-14,바이오중유,2,203
2023-11-14,바이오중유,3,203
2023-11-14,바이오중유,4,203
2023-11-14,바이오중유,5,203
2023-11-14,바이오중유,6,203
2023-11-14,바이오중유,7,202
2023-11-14,바이오중유,8,202
2023-11-14,바이오중유,9,203
2023-11-14,바이오중유,10,203
2023-11-14,바이오중유,11,204
2023-11-14,바이오중유,12,205
2023-11-14,바이오중유,13,205
2023-11-14,바이오중유,14,204
2023-11-14,바이오중유,15,204
2023-11-14,바이오중유,16,204
2023-11-14,바이오중유,17,204
2023-11-14,바이오중유,18,205
2023-11-14,바이오중유,19,204
2023-11-14,바이오중유,20,204
2023-11-14,바이오중유,21,204
2023-11-14,바이오중유,22,204
2023-11-14,바이오중유,23,204
2023-11-14,바이오중유,24,205
2023-11-14,바이오기타,1,0
2023-11-14,바이오기타,2,0
2023-11-14,바이오기타,3,0
2023-11-14,바이오기타,4,0
2023-11-14,바이오기타,5,0
2023-11-14,바이오기타,6,0
2023-11-14,바이오기타,7,0
2023-11-14,바이오기타,8,0
2023-11-14,바이오기타,9,0
2023-11-14,바이오기타,10,0
2023-11-14,바이오기타,11,0
2023-11-14,바이오기타,12,0
2023-11-14,바이오기타,13,1
2023-11-14,바이오기타,14,0
2023-11-14,바이오기타,15,0
2023-11-14,바이오기타,16,0
2023-11-14,바이오기타,17,0
2023-11-14,바이오기타,18,0
2023-11-14,바이오기타,19,0
2023-11-14,바이오기타,20,0
2023-11-14,바이오기타,21,0
2023-11-14,바이오기타,22,0
2023-11-14,바이오기타,23,0
2023-11-14,바이오기타,24,0
2023-11-14,기타,1,16
2023-11-14,기타,2,16
2023-11-14,기타,3,16
2023-11-14,기타,4,16
2023-11-14,기타,5,16
2023-11-14,기타,6,16
2023-11-14,기타,7,16
2023-11-14,기타,8,17
2023-11-14,기타,9,16
2023-11-14,기타,10,16
2023-11-14,기타,11,16
2023-11-14,기타,12,16
2023-11-14,기타,13,16
2023-11-14,기타,14,16
2023-11-14,기타,15,16
2023-11-14,기타,16,16
2023-11-14,기타,17,16
2023-11-14,기타,18,16
2023-11-14,기타,19,16
2023-11-14,기타,20,16
2023-11-14,기타,21,16
2023-11-14,기타,22,16
2023-11-14,기타,23,16
2023-11-14,기타,24,16
2023-11-15,원자력,1,20771
2023-11-15,원자력,2,20771
2023-11-15,원자력,3,20772
2023-11-15,원자력,4,20772
2023-11-15,원자력,5,20774
2023-11-15,원자력,6,20773
2023-11-15,원자력,7,20772
2023-11-15,원자력,8,20773
2023-11-15,원자력,9,20772
2023-11-15,원자력,10,20772
2023-11-15,원자력,11,20786
2023-11-15,원자력,12,20793
2023-11-15,원자력,13,20771
2023-11-15,원자력,14,20767
2023-11-15,원자력,15,20766
2023-11-15,원자력,16,20768
2023-11-15,원자력,17,20768
2023-11-15,원자력,18,20768
2023-11-15,원자력,19,20770
2023-11-15,원자력,20,20770
2023-11-15,원자력,21,20770
2023-11-15,원자력,22,20769
2023-11-15,원자력,23,20768
2023-11-15,원자력,24,20767
2023-11-15,유연탄,1,20978
2023-11-15,유연탄,2,21023
2023-11-15,유연탄,3,21002
2023-11-15,유연탄,4,21030
2023-11-15,유연탄,5,21035
2023-11-15,유연탄,6,21058
2023-11-15,유연탄,7,21021
2023-11-15,유연탄,8,21065
2023-11-15,유연탄,9,21094
2023-11-15,유연탄,10,20915
2023-11-15,유연탄,11,19805
2023-11-15,유연탄,12,19120
2023-11-15,유연탄,13,18568
2023-11-15,유연탄,14,19969
2023-11-15,유연탄,15,21104
2023-11-15,유연탄,16,21243
2023-11-15,유연탄,17,21171
2023-11-15,유연탄,18,21310
2023-11-15,유연탄,19,21343
2023-11-15,유연탄,20,21416
2023-11-15,유연탄,21,21363
2023-11-15,유연탄,22,20950
2023-11-15,유연탄,23,21408
2023-11-15,유연탄,24,21513
2023-11-15,무연탄,1,0
2023-11-15,무연탄,2,0
2023-11-15,무연탄,3,0
2023-11-15,무연탄,4,0
2023-11-15,무연탄,5,0
2023-11-15,무연탄,6,0
2023-11-15,무연탄,7,0
2023-11-15,무연탄,8,0
2023-11-15,무연탄,9,0
2023-11-15,무연탄,10,0
2023-11-15,무연탄,11,0
2023-11-15,무연탄,12,0
2023-11-15,무연탄,13,0
2023-11-15,무연탄,14,0
2023-11-15,무연탄,15,0
2023-11-15,무연탄,16,0
2023-11-15,무연탄,17,0
2023-11-15,무연탄,18,0
2023-11-15,무연탄,19,0
2023-11-15,무연탄,20,0
2023-11-15,무연탄,21,0
2023-11-15,무연탄,22,0
2023-11-15,무연탄,23,0
2023-11-15,무연탄,24,0
2023-11-15,바이오가스,1,34
2023-11-15,바이오가스,2,34
2023-11-15,바이오가스,3,33
2023-11-15,바이오가스,4,34
2023-11-15,바이오가스,5,32
2023-11-15,바이오가스,6,33
2023-11-15,바이오가스,7,32
2023-11-15,바이오가스,8,34
2023-11-15,바이오가스,9,35
2023-11-15,바이오가스,10,35
2023-11-15,바이오가스,11,33
2023-11-15,바이오가스,12,34
2023-11-15,바이오가스,13,34
2023-11-15,바이오가스,14,35
2023-11-15,바이오가스,15,35
2023-11-15,바이오가스,16,34
2023-11-15,바이오가스,17,33
2023-11-15,바이오가스,18,33
2023-11-15,바이오가스,19,34
2023-11-15,바이오가스,20,34
2023-11-15,바이오가스,21,33
2023-11-15,바이오가스,22,32
2023-11-15,바이오가스,23,32
2023-11-15,바이오가스,24,32
2023-11-15,부생가스,1,51
2023-11-15,부생가스,2,51
2023-11-15,부생가스,3,51
2023-11-15,부생가스,4,51
2023-11-15,부생가스,5,51
2023-11-15,부생가스,6,51
2023-11-15,부생가스,7,51
2023-11-15,부생가스,8,52
2023-11-15,부생가스,9,52
2023-11-15,부생가스,10,87
2023-11-15,부생가스,11,60
2023-11-15,부생가스,12,83
2023-11-15,부생가스,13,167
2023-11-15,부생가스,14,158
2023-11-15,부생가스,15,163
2023-11-15,부생가스,16,131
2023-11-15,부생가스,17,64
2023-11-15,부생가스,18,50
2023-11-15,부생가스,19,56
2023-11-15,부생가스,20,50
2023-11-15,부생가스,21,50
2023-11-15,부생가스,22,50
2023-11-15,부생가스,23,50
2023-11-15,부생가스,24,51
2023-11-15,수력,1,125
2023-11-15,수력,2,124
2023-11-15,수력,3,121
2023-11-15,수력,4,119
2023-11-15,수력,5,119
2023-11-15,수력,6,123
2023-11-15,수력,7,137
2023-11-15,수력,8,142
2023-11-15,수력,9,545
2023-11-15,수력,10,438
2023-11-15,수력,11,473
2023-11-15,수력,12,466
2023-11-15,수력,13,230
2023-11-15,수력,14,260
2023-11-15,수력,15,269
2023-11-15,수력,16,569
2023-11-15,수력,17,508
2023-11-15,수력,18,482
2023-11-15,수력,19,492
2023-11-15,수력,20,530
2023-11-15,수력,21,451
2023-11-15,수력,22,220
2023-11-15,수력,23,140
2023-11-15,수력,24,117
2023-11-15,양수,1,4
2023-11-15,양수,2,0
2023-11-15,양수,3,0
2023-11-15,양수,4,0
2023-11-15,양수,5,0
2023-11-15,양수,6,0
2023-11-15,양수,7,0
2023-11-15,양수,8,0
2023-11-15,양수,9,0
2023-11-15,양수,10,0
2023-11-15,양수,11,0
2023-11-15,양수,12,0
2023-11-15,양수,13,0
2023-11-15,양수,14,0
2023-11-15,양수,15,0
2023-11-15,양수,16,264
2023-11-15,양수,17,458
2023-11-15,양수,18,1208
2023-11-15,양수,19,1340
2023-11-15,양수,20,1347
2023-11-15,양수,21,1678
2023-11-15,양수,22,1744
2023-11-15,양수,23,1860
2023-11-15,양수,24,862
2023-11-15,매립가스,1,29
2023-11-15,매립가스,2,29
2023-11-15,매립가스,3,29
2023-11-15,매립가스,4,29
2023-11-15,매립가스,5,29
2023-11-15,매립가스,6,29
2023-11-15,매립가스,7,29
2023-11-15,매립가스,8,29
2023-11-15,매립가스,9,29
2023-11-15,매립가스,10,29
2023-11-15,매립가스,11,29
2023-11-15,매립가스,12,29
2023-11-15,매립가스,13,29
2023-11-15,매립가스,14,30
2023-11-15,매립가스,15,30
2023-11-15,매립가스,16,30
2023-11-15,매립가스,17,30
2023-11-15,매립가스,18,30
2023-11-15,매립가스,19,30
2023-11-15,매립가스,20,30
2023-11-15,매립가스,21,31
2023-11-15,매립가스,22,31
2023-11-15,매립가스,23,31
2023-11-15,매립가스,24,30
2023-11-15,중유,1,32
2023-11-15,중유,2,32
2023-11-15,중유,3,32
2023-11-15,중유,4,33
2023-11-15,중유,5,32
2023-11-15,중유,6,32
2023-11-15,중유,7,32
2023-11-15,중유,8,31
2023-11-15,중유,9,31
2023-11-15,중유,10,31
2023-11-15,중유,11,31
2023-11-15,중유,12,32
2023-11-15,중유,13,32
2023-11-15,중유,14,32
2023-11-15,중유,15,31
2023-11-15,중유,16,30
2023-11-15,중유,17,30
2023-11-15,중유,18,30
2023-11-15,중유,19,30
2023-11-15,중유,20,30
2023-11-15,중유,21,29
2023-11-15,중유,22,29
2023-11-15,중유,23,29
2023-11-15,중유,24,30
2023-11-15,태양광,1,4
2023-11-15,태양광,2,1
2023-11-15,태양광,3,0
2023-11-15,태양광,4,0
2023-11-15,태양광,5,0
2023-11-15,태양광,6,0
2023-11-15,태양광,7,0
2023-11-15,태양광,8,136
2023-11-15,태양광,9,1072
2023-11-15,태양광,10,2428
2023-11-15,태양광,11,3313
2023-11-15,태양광,12,3935
2023-11-15,태양광,13,4068
2023-11-15,태양광,14,3757
2023-11-15,태양광,15,3191
2023-11-15,태양광,16,2229
2023-11-15,태양광,17,1330
2023-11-15,태양광,18,816
2023-11-15,태양광,19,885
2023-11-15,태양광,20,773
2023-11-15,태양광,21,456
2023-11-15,태양광,22,194
2023-11-15,태양광,23,87
2023-11-15,태양광,24,23
2023-11-15,폐기물,1,122
2023-11-15,폐기물,2,124
2023-11-15,폐기물,3,124
2023-11-15,폐기물,4,122
2023-11-15,폐기물,5,122
2023-11-15,폐기물,6,125
2023-11-15,폐기물,7,125
2023-11-15,폐기물,8,123
2023-11-15,폐기물,9,122
2023-11-15,폐기물,10,124
2023-11-15,폐기물,11,124
2023-11-15,폐기물,12,125
2023-11-15,폐기물,13,126
2023-11-15,폐기물,14,123
2023-11-15,폐기물,15,124
2023-11-15,폐기물,16,119
2023-11-15,폐기물,17,119
2023-11-15,폐기물,18,123
2023-11-15,폐기물,19,124
2023-11-15,폐기물,20,126
2023-11-15,폐기물,21,122
2023-11-15,폐기물,22,120
2023-11-15,폐기물,23,122
2023-11-15,폐기물,24,120
2023-11-15,풍력,1,259
2023-11-15,풍력,2,263
2023-11-15,풍력,3,289
2023-11-15,풍력,4,319
2023-11-15,풍력,5,367
2023-11-15,풍력,6,381
2023-11-15,풍력,7,370
2023-11-15,풍력,8,367
2023-11-15,풍력,9,288
2023-11-15,풍력,10,250
2023-11-15,풍력,11,173
2023-11-15,풍력,12,107
2023-11-15,풍력,13,52
2023-11-15,풍력,14,46
2023-11-15,풍력,15,48
2023-11-15,풍력,16,66
2023-11-15,풍력,17,127
2023-11-15,풍력,18,178
2023-11-15,풍력,19,187
2023-11-15,풍력,20,135
2023-11-15,풍력,21,72
2023-11-15,풍력,22,55
2023-11-15,풍력,23,42
2023-11-15,풍력,24,81
2023-11-15,LNG,1,15323
2023-11-15,LNG,2,13548
2023-11-15,LNG,3,12947
2023-11-15,LNG,4,12894
2023-11-15,LNG,5,13327
2023-11-15,LNG,6,14981
2023-11-15,LNG,7,17888
2023-11-15,LNG,8,21609
2023-11-15,LNG,9,24378
2023-11-15,LNG,10,22147
2023-11-15,LNG,11,19611
2023-11-15,LNG,12,17526
2023-11-15,LNG,13,15899
2023-11-15,LNG,14,16706
2023-11-15,LNG,15,18171
2023-11-15,LNG,16,20256
2023-11-15,LNG,17,22553
2023-11-15,LNG,18,22876
2023-11-15,LNG,19,21798
2023-11-15,LNG,20,21461
2023-11-15,LNG,21,19951
2023-11-15,LNG,22,18935
2023-11-15,LNG,23,18216
2023-11-15,LNG,24,18028
2023-11-15,연료전지,1,819
2023-11-15,연료전지,2,821
2023-11-15,연료전지,3,820
2023-11-15,연료전지,4,821
2023-11-15,연료전지,5,821
2023-11-15,연료전지,6,821
2023-11-15,연료전지,7,821
2023-11-15,연료전지,8,818
2023-11-15,연료전지,9,817
2023-11-15,연료전지,10,817
2023-11-15,연료전지,11,818
2023-11-15,연료전지,12,815
2023-11-15,연료전지,13,815
2023-11-15,연료전지,14,816
2023-11-15,연료전지,15,816
2023-11-15,연료전지,16,817
2023-11-15,연료전지,17,817
2023-11-15,연료전지,18,818
2023-11-15,연료전지,19,823
2023-11-15,연료전지,20,824
2023-11-15,연료전지,21,826
2023-11-15,연료전지,22,827
2023-11-15,연료전지,23,828
2023-11-15,연료전지,24,828
2023-11-15,경유,1,0
2023-11-15,경유,2,0
2023-11-15,경유,3,0
2023-11-15,경유,4,0
2023-11-15,경유,5,0
2023-11-15,경유,6,0
2023-11-15,경유,7,0
2023-11-15,경유,8,0
2023-11-15,경유,9,0
2023-11-15,경유,10,0
2023-11-15,경유,11,0
2023-11-15,경유,12,0
2023-11-15,경유,13,0
2023-11-15,경유,14,0
2023-11-15,경유,15,0
2023-11-15,경유,16,0
2023-11-15,경유,17,0
2023-11-15,경유,18,0
2023-11-15,경유,19,0
2023-11-15,경유,20,0
2023-11-15,경유,21,0
2023-11-15,경유,22,0
2023-11-15,경유,23,0
2023-11-15,경유,24,0
2023-11-15,해양에너지,1,0
2023-11-15,해양에너지,2,0
2023-11-15,해양에너지,3,40
2023-11-15,해양에너지,4,125
2023-11-15,해양에너지,5,170
2023-11-15,해양에너지,6,176
2023-11-15,해양에너지,7,135
2023-11-15,해양에너지,8,63
2023-11-15,해양에너지,9,5
2023-11-15,해양에너지,10,0
2023-11-15,해양에너지,11,0
2023-11-15,해양에너지,12,0
2023-11-15,해양에너지,13,0
2023-11-15,해양에너지,14,0
2023-11-15,해양에너지,15,52
2023-11-15,해양에너지,16,153
2023-11-15,해양에너지,17,210
2023-11-15,해양에너지,18,222
2023-11-15,해양에너지,19,214
2023-11-15,해양에너지,20,157
2023-11-15,해양에너지,21,73
2023-11-15,해양에너지,22,9
2023-11-15,해양에너지,23,0
2023-11-15,해양에너지,24,0
2023-11-15,바이오매스,1,814
2023-11-15,바이오매스,2,813
2023-11-15,바이오매스,3,815
2023-11-15,바이오매스,4,813
2023-11-15,바이오매스,5,813
2023-11-15,바이오매스,6,810
2023-11-15,바이오매스,7,811
2023-11-15,바이오매스,8,812
2023-11-15,바이오매스,9,811
2023-11-15,바이오매스,10,812
2023-11-15,바이오매스,11,824
2023-11-15,바이오매스,12,825
2023-11-15,바이오매스,13,829
2023-11-15,바이오매스,14,838
2023-11-15,바이오매스,15,841
2023-11-15,바이오매스,16,839
2023-11-15,바이오매스,17,838
2023-11-15,바이오매스,18,839
2023-11-15,바이오매스,19,837
2023-11-15,바이오매스,20,839
2023-11-15,바이오매스,21,838
2023-11-15,바이오매스,22,839
2023-11-15,바이오매스,23,840
2023-11-15,바이오매스,24,842
2023-11-15,IGCC,1,254
2023-11-15,IGCC,2,254
2023-11-15,IGCC,3,256
2023-11-15,IGCC,4,259
2023-11-15,IGCC,5,258
2023-11-15,IGCC,6,257
2023-11-15,IGCC,7,256
2023-11-15,IGCC,8,257
2023-11-15,IGCC,9,259
2023-11-15,IGCC,10,260
2023-11-15,IGCC,11,262
2023-11-15,IGCC,12,273
2023-11-15,IGCC,13,293
2023-11-15,IGCC,14,301
2023-11-15,IGCC,15,299
2023-11-15,IGCC,16,299
2023-11-15,IGCC,17,300
2023-11-15,IGCC,18,285
2023-11-15,IGCC,19,260
2023-11-15,IGCC,20,256
2023-11-15,IGCC,21,255
2023-11-15,IGCC,22,256
2023-11-15,IGCC,23,255
2023-11-15,IGCC,24,256
2023-11-15,바이오중유,1,205
2023-11-15,바이오중유,2,205
2023-11-15,바이오중유,3,205
2023-11-15,바이오중유,4,205
2023-11-15,바이오중유,5,204
2023-11-15,바이오중유,6,204
2023-11-15,바이오중유,7,204
2023-11-15,바이오중유,8,204
2023-11-15,바이오중유,9,204
2023-11-15,바이오중유,10,188
2023-11-15,바이오중유,11,190
2023-11-15,바이오중유,12,132
2023-11-15,바이오중유,13,137
2023-11-15,바이오중유,14,195
2023-11-15,바이오중유,15,201
2023-11-15,바이오중유,16,250
2023-11-15,바이오중유,17,296
2023-11-15,바이오중유,18,230
2023-11-15,바이오중유,19,204
2023-11-15,바이오중유,20,204
2023-11-15,바이오중유,21,204
2023-11-15,바이오중유,22,204
2023-11-15,바이오중유,23,204
2023-11-15,바이오중유,24,204
2023-11-15,바이오기타,1,0
2023-11-15,바이오기타,2,0
2023-11-15,바이오기타,3,0
2023-11-15,바이오기타,4,0
2023-11-15,바이오기타,5,0
2023-11-15,바이오기타,6,0
2023-11-15,바이오기타,7,0
2023-11-15,바이오기타,8,0
2023-11-15,바이오기타,9,0
2023-11-15,바이오기타,10,0
2023-11-15,바이오기타,11,0
2023-11-15,바이오기타,12,0
2023-11-15,바이오기타,13,0
2023-11-15,바이오기타,14,0
2023-11-15,바이오기타,15,0
2023-11-15,바이오기타,16,0
2023-11-15,바이오기타,17,0
2023-11-15,바이오기타,18,0
2023-11-15,바이오기타,19,0
2023-11-15,바이오기타,20,0
2023-11-15,바이오기타,21,0
2023-11-15,바이오기타,22,0
2023-11-15,바이오기타,23,0
2023-11-15,바이오기타,24,0
2023-11-15,기타,1,16
2023-11-15,기타,2,16
2023-11-15,기타,3,16
2023-11-15,기타,4,16
2023-11-15,기타,5,16
2023-11-15,기타,6,16
2023-11-15,기타,7,16
2023-11-15,기타,8,16
2023-11-15,기타,9,16
2023-11-15,기타,10,16
2023-11-15,기타,11,16
2023-11-15,기타,12,16
2023-11-15,기타,13,16
2023-11-15,기타,14,16
2023-11-15,기타,15,18
2023-11-15,기타,16,17
2023-11-15,기타,17,17
2023-11-15,기타,18,17
2023-11-15,기타,19,17
2023-11-15,기타,20,17
2023-11-15,기타,21,18
2023-11-15,기타,22,18
2023-11-15,기타,23,18
2023-11-15,기타,24,18
2023-11-16,원자력,1,20769
2023-11-16,원자력,2,20768
2023-11-16,원자력,3,20766
2023-11-16,원자력,4,20766
2023-11-16,원자력,5,20768
2023-11-16,원자력,6,20769
2023-11-16,원자력,7,20769
2023-11-16,원자력,8,20770
2023-11-16,원자력,9,20770
2023-11-16,원자력,10,20770
2023-11-16,원자력,11,20775
2023-11-16,원자력,12,20759
2023-11-16,원자력,13,20762
2023-11-16,원자력,14,20759
2023-11-16,원자력,15,20758
2023-11-16,원자력,16,20761
2023-11-16,원자력,17,20761
2023-11-16,원자력,18,20761
2023-11-16,원자력,19,20761
2023-11-16,원자력,20,20757
2023-11-16,원자력,21,20750
2023-11-16,원자력,22,20741
2023-11-16,원자력,23,20732
2023-11-16,원자력,24,20722
2023-11-16,유연탄,1,21459
2023-11-16,유연탄,2,21447
2023-11-16,유연탄,3,21247
2023-11-16,유연탄,4,21466
2023-11-16,유연탄,5,21548
2023-11-16,유연탄,6,21711
2023-11-16,유연탄,7,21778
2023-11-16,유연탄,8,21964
2023-11-16,유연탄,9,22196
2023-11-16,유연탄,10,22529
2023-11-16,유연탄,11,22600
2023-11-16,유연탄,12,22589
2023-11-16,유연탄,13,22628
2023-11-16,유연탄,14,22672
2023-11-16,유연탄,15,22551
2023-11-16,유연탄,16,22642
2023-11-16,유연탄,17,22389
2023-11-16,유연탄,18,22545
2023-11-16,유연탄,19,22406
2023-11-16,유연탄,20,21849
2023-11-16,유연탄,21,21457
2023-11-16,유연탄,22,22449
2023-11-16,유연탄,23,22702
2023-11-16,유연탄,24,22782
2023-11-16,무연탄,1,0
2023-11-16,무연탄,2,0
2023-11-16,무연탄,3,0
2023-11-16,무연탄,4,0
2023-11-16,무연탄,5,0
2023-11-16,무연탄,6,0
2023-11-16,무연탄,7,0
2023-11-16,무연탄,8,0
2023-11-16,무연탄,9,0
2023-11-16,무연탄,10,0
2023-11-16,무연탄,11,0
2023-11-16,무연탄,12,0
2023-11-16,무연탄,13,0
2023-11-16,무연탄,14,0
2023-11-16,무연탄,15,0
2023-11-16,무연탄,16,0
2023-11-16,무연탄,17,0
2023-11-16,무연탄,18,0
2023-11-16,무연탄,19,0
2023-11-16,무연탄,20,0
2023-11-16,무연탄,21,0
2023-11-16,무연탄,22,0
2023-11-16,무연탄,23,0
2023-11-16,무연탄,24,0
2023-11-16,바이오가스,1,33
2023-11-16,바이오가스,2,32
2023-11-16,바이오가스,3,33
2023-11-16,바이오가스,4,32
2023-11-16,바이오가스,5,33
2023-11-16,바이오가스,6,33
2023-11-16,바이오가스,7,34
2023-11-16,바이오가스,8,34
2023-11-16,바이오가스,9,33
2023-11-16,바이오가스,10,33
2023-11-16,바이오가스,11,35
2023-11-16,바이오가스,12,35
2023-11-16,바이오가스,13,35
2023-11-16,바이오가스,14,33
2023-11-16,바이오가스,15,34
2023-11-16,바이오가스,16,33
2023-11-16,바이오가스,17,32
2023-11-16,바이오가스,18,31
2023-11-16,바이오가스,19,32
2023-11-16,바이오가스,20,32
2023-11-16,바이오가스,21,33
2023-11-16,바이오가스,22,32
2023-11-16,바이오가스,23,34
2023-11-16,바이오가스,24,33
2023-11-16,부생가스,1,51
2023-11-16,부생가스,2,51
2023-11-16,부생가스,3,51
2023-11-16,부생가스,4,51
2023-11-16,부생가스,5,51
2023-11-16,부생가스,6,24
2023-11-16,부생가스,7,15
2023-11-16,부생가스,8,16
2023-11-16,부생가스,9,16
2023-11-16,부생가스,10,15
2023-11-16,부생가스,11,14
2023-11-16,부생가스,12,14
2023-11-16,부생가스,13,14
2023-11-16,부생가스,14,14
2023-11-16,부생가스,15,23
2023-11-16,부생가스,16,13
2023-11-16,부생가스,17,46
2023-11-16,부생가스,18,25
2023-11-16,부생가스,19,47
2023-11-16,부생가스,20,52
2023-11-16,부생가스,21,52
2023-11-16,부생가스,22,52
2023-11-16,부생가스,23,52
2023-11-16,부생가스,24,53
2023-11-16,수력,1,120
2023-11-16,수력,2,119
2023-11-16,수력,3,116
2023-11-16,수력,4,115
2023-11-16,수력,5,114
2023-11-16,수력,6,114
2023-11-16,수력,7,138
2023-11-16,수력,8,143
2023-11-16,수력,9,637
2023-11-16,수력,10,659
2023-11-16,수력,11,656
2023-11-16,수력,12,577
2023-11-16,수력,13,327
2023-11-16,수력,14,315
2023-11-16,수력,15,325
2023-11-16,수력,16,280
2023-11-16,수력,17,347
2023-11-16,수력,18,367
2023-11-16,수력,19,466
2023-11-16,수력,20,573
2023-11-16,수력,21,527
2023-11-16,수력,22,233
2023-11-16,수력,23,188
2023-11-16,수력,24,137
2023-11-16,양수,1,492
2023-11-16,양수,2,29
2023-11-16,양수,3,0
2023-11-16,양수,4,0
2023-11-16,양수,5,0
2023-11-16,양수,6,0
2023-11-16,양수,7,0
2023-11-16,양수,8,0
2023-11-16,양수,9,0
2023-11-16,양수,10,0
2023-11-16,양수,11,0
2023-11-16,양수,12,0
2023-11-16,양수,13,0
2023-11-16,양수,14,331
2023-11-16,양수,15,613
2023-11-16,양수,16,611
2023-11-16,양수,17,615
2023-11-16,양수,18,730
2023-11-16,양수,19,520
2023-11-16,양수,20,510
2023-11-16,양수,21,912
2023-11-16,양수,22,910
2023-11-16,양수,23,854
2023-11-16,양수,24,569
2023-11-16,매립가스,1,30
2023-11-16,매립가스,2,30
2023-11-16,매립가스,3,30
2023-11-16,매립가스,4,30
2023-11-16,매립가스,5,30
2023-11-16,매립가스,6,31
2023-11-16,매립가스,7,31
2023-11-16,매립가스,8,31
2023-11-16,매립가스,9,31
2023-11-16,매립가스,10,31
2023-11-16,매립가스,11,31
2023-11-16,매립가스,12,31
2023-11-16,매립가스,13,31
2023-11-16,매립가스,14,31
2023-11-16,매립가스,15,31
2023-11-16,매립가스,16,31
2023-11-16,매립가스,17,31
2023-11-16,매립가스,18,31
2023-11-16,매립가스,19,31
2023-11-16,매립가스,20,30
2023-11-16,매립가스,21,30
2023-11-16,매립가스,22,30
2023-11-16,매립가스,23,30
2023-11-16,매립가스,24,30
2023-11-16,중유,1,29
2023-11-16,중유,2,30
2023-11-16,중유,3,30
2023-11-16,중유,4,30
2023-11-16,중유,5,30
2023-11-16,중유,6,30
2023-11-16,중유,7,30
2023-11-16,중유,8,29
2023-11-16,중유,9,30
2023-11-16,중유,10,30
2023-11-16,중유,11,30
2023-11-16,중유,12,30
2023-11-16,중유,13,31
2023-11-16,중유,14,31
2023-11-16,중유,15,31
2023-11-16,중유,16,31
2023-11-16,중유,17,31
2023-11-16,중유,18,31
2023-11-16,중유,19,30
2023-11-16,중유,20,31
2023-11-16,중유,21,31
2023-11-16,중유,22,31
2023-11-16,중유,23,32
2023-11-16,중유,24,32
2023-11-16,태양광,1,5
2023-11-16,태양광,2,1
2023-11-16,태양광,3,0
2023-11-16,태양광,4,0
2023-11-16,태양광,5,0
2023-11-16,태양광,6,0
2023-11-16,태양광,7,0
2023-11-16,태양광,8,30
2023-11-16,태양광,9,256
2023-11-16,태양광,10,458
2023-11-16,태양광,11,635
2023-11-16,태양광,12,662
2023-11-16,태양광,13,500
2023-11-16,태양광,14,379
2023-11-16,태양광,15,251
2023-11-16,태양광,16,182
2023-11-16,태양광,17,308
2023-11-16,태양광,18,55
2023-11-16,태양광,19,45
2023-11-16,태양광,20,23
2023-11-16,태양광,21,6
2023-11-16,태양광,22,1
2023-11-16,태양광,23,1
2023-11-16,태양광,24,0
2023-11-16,폐기물,1,121
2023-11-16,폐기물,2,122
2023-11-16,폐기물,3,123
2023-11-16,폐기물,4,123
2023-11-16,폐기물,5,126
2023-11-16,폐기물,6,127
2023-11-16,폐기물,7,121
2023-11-16,폐기물,8,121
2023-11-16,폐기물,9,122
2023-11-16,폐기물,10,121
2023-11-16,폐기물,11,121
2023-11-16,폐기물,12,125
2023-11-16,폐기물,13,126
2023-11-16,폐기물,14,125
2023-11-16,폐기물,15,129
2023-11-16,폐기물,16,130
2023-11-16,폐기물,17,134
2023-11-16,폐기물,18,133
2023-11-16,폐기물,19,132
2023-11-16,폐기물,20,130
2023-11-16,폐기물,21,129
2023-11-16,폐기물,22,133
2023-11-16,폐기물,23,131
2023-11-16,폐기물,24,130
2023-11-16,풍력,1,156
2023-11-16,풍력,2,262
2023-11-16,풍력,3,249
2023-11-16,풍력,4,350
2023-11-16,풍력,5,414
2023-11-16,풍력,6,341
2023-11-16,풍력,7,324
2023-11-16,풍력,8,296
2023-11-16,풍력,9,238
2023-11-16,풍력,10,284
2023-11-16,풍력,11,272
2023-11-16,풍력,12,199
2023-11-16,풍력,13,256
2023-11-16,풍력,14,294
2023-11-16,풍력,15,433
2023-11-16,풍력,16,573
2023-11-16,풍력,17,600
2023-11-16,풍력,18,716
2023-11-16,풍력,19,773
2023-11-16,풍력,20,948
2023-11-16,풍력,21,986
2023-11-16,풍력,22,919
2023-11-16,풍력,23,954
2023-11-16,풍력,24,965
2023-11-16,LNG,1,14535
2023-11-16,LNG,2,12670
2023-11-16,LNG,3,11807
2023-11-16,LNG,4,12145
2023-11-16,LNG,5,12521
2023-11-16,LNG,6,14154
2023-11-16,LNG,7,17017
2023-11-16,LNG,8,20002
2023-11-16,LNG,9,24512
2023-11-16,LNG,10,26699
2023-11-16,LNG,11,27450
2023-11-16,LNG,12,26929
2023-11-16,LNG,13,24907
2023-11-16,LNG,14,28011
2023-11-16,LNG,15,28502
2023-11-16,LNG,16,27941
2023-11-16,LNG,17,26886
2023-11-16,LNG,18,25214
2023-11-16,LNG,19,23864
2023-11-16,LNG,20,22626
2023-11-16,LNG,21,20377
2023-11-16,LNG,22,17859
2023-11-16,LNG,23,17352
2023-11-16,LNG,24,16581
2023-11-16,연료전지,1,828
2023-11-16,연료전지,2,828
2023-11-16,연료전지,3,828
2023-11-16,연료전지,4,828
2023-11-16,연료전지,5,826
2023-11-16,연료전지,6,826
2023-11-16,연료전지,7,827
2023-11-16,연료전지,8,826
2023-11-16,연료전지,9,825
2023-11-16,연료전지,10,824
2023-11-16,연료전지,11,825
2023-11-16,연료전지,12,825
2023-11-16,연료전지,13,826
2023-11-16,연료전지,14,824
2023-11-16,연료전지,15,822
2023-11-16,연료전지,16,828
2023-11-16,연료전지,17,830
2023-11-16,연료전지,18,831
2023-11-16,연료전지,19,831
2023-11-16,연료전지,20,831
2023-11-16,연료전지,21,832
2023-11-16,연료전지,22,832
2023-11-16,연료전지,23,833
2023-11-16,연료전지,24,833
2023-11-16,경유,1,0
2023-11-16,경유,2,0
2023-11-16,경유,3,0
2023-11-16,경유,4,0
2023-11-16,경유,5,0
2023-11-16,경유,6,0
2023-11-16,경유,7,0
2023-11-16,경유,8,0
2023-11-16,경유,9,0
2023-11-16,경유,10,0
2023-11-16,경유,11,0
2023-11-16,경유,12,0
2023-11-16,경유,13,0
2023-11-16,경유,14,0
2023-11-16,경유,15,0
2023-11-16,경유,16,0
2023-11-16,경유,17,0
2023-11-16,경유,18,0
2023-11-16,경유,19,0
2023-11-16,경유,20,0
2023-11-16,경유,21,0
2023-11-16,경유,22,0
2023-11-16,경유,23,0
2023-11-16,경유,24,0
2023-11-16,해양에너지,1,0
2023-11-16,해양에너지,2,0
2023-11-16,해양에너지,3,0
2023-11-16,해양에너지,4,72
2023-11-16,해양에너지,5,139
2023-11-16,해양에너지,6,169
2023-11-16,해양에너지,7,157
2023-11-16,해양에너지,8,104
2023-11-16,해양에너지,9,31
2023-11-16,해양에너지,10,0
2023-11-16,해양에너지,11,0
2023-11-16,해양에너지,12,0
2023-11-16,해양에너지,13,0
2023-11-16,해양에너지,14,0
2023-11-16,해양에너지,15,4
2023-11-16,해양에너지,16,99
2023-11-16,해양에너지,17,172
2023-11-16,해양에너지,18,214
2023-11-16,해양에너지,19,216
2023-11-16,해양에너지,20,181
2023-11-16,해양에너지,21,106
2023-11-16,해양에너지,22,31
2023-11-16,해양에너지,23,0
2023-11-16,해양에너지,24,0
2023-11-16,바이오매스,1,837
2023-11-16,바이오매스,2,838
2023-11-16,바이오매스,3,842
2023-11-16,바이오매스,4,842
2023-11-16,바이오매스,5,840
2023-11-16,바이오매스,6,840
2023-11-16,바이오매스,7,840
2023-11-16,바이오매스,8,839
2023-11-16,바이오매스,9,840
2023-11-16,바이오매스,10,837
2023-11-16,바이오매스,11,839
2023-11-16,바이오매스,12,844
2023-11-16,바이오매스,13,843
2023-11-16,바이오매스,14,841
2023-11-16,바이오매스,15,844
2023-11-16,바이오매스,16,846
2023-11-16,바이오매스,17,845
2023-11-16,바이오매스,18,846
2023-11-16,바이오매스,19,844
2023-11-16,바이오매스,20,843
2023-11-16,바이오매스,21,841
2023-11-16,바이오매스,22,844
2023-11-16,바이오매스,23,843
2023-11-16,바이오매스,24,823
2023-11-16,IGCC,1,258
2023-11-16,IGCC,2,259
2023-11-16,IGCC,3,259
2023-11-16,IGCC,4,261
2023-11-16,IGCC,5,261
2023-11-16,IGCC,6,263
2023-11-16,IGCC,7,262
2023-11-16,IGCC,8,260
2023-11-16,IGCC,9,259
2023-11-16,IGCC,10,257
2023-11-16,IGCC,11,253
2023-11-16,IGCC,12,255
2023-11-16,IGCC,13,256
2023-11-16,IGCC,14,254
2023-11-16,IGCC,15,253
2023-11-16,IGCC,16,255
2023-11-16,IGCC,17,256
2023-11-16,IGCC,18,257
2023-11-16,IGCC,19,256
2023-11-16,IGCC,20,259
2023-11-16,IGCC,21,261
2023-11-16,IGCC,22,262
2023-11-16,IGCC,23,261
2023-11-16,IGCC,24,262
2023-11-16,바이오중유,1,204
2023-11-16,바이오중유,2,204
2023-11-16,바이오중유,3,204
2023-11-16,바이오중유,4,204
2023-11-16,바이오중유,5,204
2023-11-16,바이오중유,6,204
2023-11-16,바이오중유,7,204
2023-11-16,바이오중유,8,204
2023-11-16,바이오중유,9,204
2023-11-16,바이오중유,10,204
2023-11-16,바이오중유,11,204
2023-11-16,바이오중유,12,204
2023-11-16,바이오중유,13,204
2023-11-16,바이오중유,14,204
2023-11-16,바이오중유,15,204
2023-11-16,바이오중유,16,204
2023-11-16,바이오중유,17,204
2023-11-16,바이오중유,18,204
2023-11-16,바이오중유,19,204
2023-11-16,바이오중유,20,204
2023-11-16,바이오중유,21,204
2023-11-16,바이오중유,22,204
2023-11-16,바이오중유,23,205
2023-11-16,바이오중유,24,204
2023-11-16,바이오기타,1,0
2023-11-16,바이오기타,2,0
2023-11-16,바이오기타,3,0
2023-11-16,바이오기타,4,0
2023-11-16,바이오기타,5,0
2023-11-16,바이오기타,6,0
2023-11-16,바이오기타,7,0
2023-11-16,바이오기타,8,0
2023-11-16,바이오기타,9,0
2023-11-16,바이오기타,10,0
2023-11-16,바이오기타,11,0
2023-11-16,바이오기타,12,0
2023-11-16,바이오기타,13,0
2023-11-16,바이오기타,14,0
2023-11-16,바이오기타,15,0
2023-11-16,바이오기타,16,0
2023-11-16,바이오기타,17,0
2023-11-16,바이오기타,18,0
2023-11-16,바이오기타,19,0
2023-11-16,바이오기타,20,0
2023-11-16,바이오기타,21,0
2023-11-16,바이오기타,22,0
2023-11-16,바이오기타,23,0
2023-11-16,바이오기타,24,0
2023-11-16,기타,1,17
2023-11-16,기타,2,16
2023-11-16,기타,3,16
2023-11-16,기타,4,16
2023-11-16,기타,5,16
2023-11-16,기타,6,16
2023-11-16,기타,7,16
2023-11-16,기타,8,16
2023-11-16,기타,9,16
2023-11-16,기타,10,17
2023-11-16,기타,11,17
2023-11-16,기타,12,17
2023-11-16,기타,13,17
2023-11-16,기타,14,17
2023-11-16,기타,15,17
2023-11-16,기타,16,16
2023-11-16,기타,17,17
2023-11-16,기타,18,18
2023-11-16,기타,19,17
2023-11-16,기타,20,17
2023-11-16,기타,21,17
2023-11-16,기타,22,16
2023-11-16,기타,23,16
2023-11-16,기타,24,17
2023-11-17,원자력,1,20721
2023-11-17,원자력,2,20721
2023-11-17,원자력,3,20721
2023-11-17,원자력,4,20721
2023-11-17,원자력,5,20720
2023-11-17,원자력,6,20720
2023-11-17,원자력,7,20720
2023-11-17,원자력,8,20721
2023-11-17,원자력,9,20720
2023-11-17,원자력,10,20719
2023-11-17,원자력,11,20716
2023-11-17,원자력,12,20702
2023-11-17,원자력,13,20703
2023-11-17,원자력,14,20714
2023-11-17,원자력,15,20713
2023-11-17,원자력,16,20711
2023-11-17,원자력,17,20708
2023-11-17,원자력,18,20710
2023-11-17,원자력,19,20710
2023-11-17,원자력,20,20709
2023-11-17,원자력,21,20713
2023-11-17,원자력,22,20717
2023-11-17,원자력,23,20716
2023-11-17,원자력,24,20719
2023-11-17,유연탄,1,22691
2023-11-17,유연탄,2,21773
2023-11-17,유연탄,3,21086
2023-11-17,유연탄,4,21154
2023-11-17,유연탄,5,21346
2023-11-17,유연탄,6,21721
2023-11-17,유연탄,7,22115
2023-11-17,유연탄,8,21915
2023-11-17,유연탄,9,21303
2023-11-17,유연탄,10,19051
2023-11-17,유연탄,11,19180
2023-11-17,유연탄,12,19696
2023-11-17,유연탄,13,20471
2023-11-17,유연탄,14,21398
2023-11-17,유연탄,15,22336
2023-11-17,유연탄,16,22529
2023-11-17,유연탄,17,22511
2023-11-17,유연탄,18,22515
2023-11-17,유연탄,19,22691
2023-11-17,유연탄,20,23118
2023-11-17,유연탄,21,22995
2023-11-17,유연탄,22,22995
2023-11-17,유연탄,23,23402
2023-11-17,유연탄,24,23389
2023-11-17,무연탄,1,0
2023-11-17,무연탄,2,0
2023-11-17,무연탄,3,0
2023-11-17,무연탄,4,0
2023-11-17,무연탄,5,0
2023-11-17,무연탄,6,0
2023-11-17,무연탄,7,0
2023-11-17,무연탄,8,0
2023-11-17,무연탄,9,0
2023-11-17,무연탄,10,0
2023-11-17,무연탄,11,0
2023-11-17,무연탄,12,0
2023-11-17,무연탄,13,0
2023-11-17,무연탄,14,0
2023-11-17,무연탄,15,0
2023-11-17,무연탄,16,0
2023-11-17,무연탄,17,0
2023-11-17,무연탄,18,0
2023-11-17,무연탄,19,0
2023-11-17,무연탄,20,0
2023-11-17,무연탄,21,0
2023-11-17,무연탄,22,0
2023-11-17,무연탄,23,0
2023-11-17,무연탄,24,0
2023-11-17,바이오가스,1,32
2023-11-17,바이오가스,2,32
2023-11-17,바이오가스,3,33
2023-11-17,바이오가스,4,32
2023-11-17,바이오가스,5,33
2023-11-17,바이오가스,6,33
2023-11-17,바이오가스,7,33
2023-11-17,바이오가스,8,32
2023-11-17,바이오가스,9,33
2023-11-17,바이오가스,10,32
2023-11-17,바이오가스,11,32
2023-11-17,바이오가스,12,32
2023-11-17,바이오가스,13,33
2023-11-17,바이오가스,14,33
2023-11-17,바이오가스,15,32
2023-11-17,바이오가스,16,32
2023-11-17,바이오가스,17,32
2023-11-17,바이오가스,18,32
2023-11-17,바이오가스,19,32
2023-11-17,바이오가스,20,33
2023-11-17,바이오가스,21,32
2023-11-17,바이오가스,22,33
2023-11-17,바이오가스,23,32
2023-11-17,바이오가스,24,32
2023-11-17,부생가스,1,53
2023-11-17,부생가스,2,53
2023-11-17,부생가스,3,53
2023-11-17,부생가스,4,52
2023-11-17,부생가스,5,52
2023-11-17,부생가스,6,52
2023-11-17,부생가스,7,53
2023-11-17,부생가스,8,53
2023-11-17,부생가스,9,54
2023-11-17,부생가스,10,54
2023-11-17,부생가스,11,61
2023-11-17,부생가스,12,59
2023-11-17,부생가스,13,59
2023-11-17,부생가스,14,53
2023-11-17,부생가스,15,53
2023-11-17,부생가스,16,53
2023-11-17,부생가스,17,53
2023-11-17,부생가스,18,53
2023-11-17,부생가스,19,53
2023-11-17,부생가스,20,53
2023-11-17,부생가스,21,55
2023-11-17,부생가스,22,53
2023-11-17,부생가스,23,54
2023-11-17,부생가스,24,54
2023-11-17,수력,1,151
2023-11-17,수력,2,151
2023-11-17,수력,3,150
2023-11-17,수력,4,147
2023-11-17,수력,5,146
2023-11-17,수력,6,145
2023-11-17,수력,7,144
2023-11-17,수력,8,134
2023-11-17,수력,9,429
2023-11-17,수력,10,360
2023-11-17,수력,11,208
2023-11-17,수력,12,271
2023-11-17,수력,13,275
2023-11-17,수력,14,646
2023-11-17,수력,15,731
2023-11-17,수력,16,689
2023-11-17,수력,17,673
2023-11-17,수력,18,668
2023-11-17,수력,19,612
2023-11-17,수력,20,460
2023-11-17,수력,21,342
2023-11-17,수력,22,205
2023-11-17,수력,23,151
2023-11-17,수력,24,112
2023-11-17,양수,1,148
2023-11-17,양수,2,0
2023-11-17,양수,3,0
2023-11-17,양수,4,0
2023-11-17,양수,5,0
2023-11-17,양수,6,0
2023-11-17,양수,7,0
2023-11-17,양수,8,0
2023-11-17,양수,9,0
2023-11-17,양수,10,0
2023-11-17,양수,11,0
2023-11-17,양수,12,0
2023-11-17,양수,13,0
2023-11-17,양수,14,638
2023-11-17,양수,15,747
2023-11-17,양수,16,747
2023-11-17,양수,17,83
2023-11-17,양수,18,587
2023-11-17,양수,19,1005
2023-11-17,양수,20,1147
2023-11-17,양수,21,1191
2023-11-17,양수,22,1198
2023-11-17,양수,23,1214
2023-11-17,양수,24,1154
2023-11-17,매립가스,1,30
2023-11-17,매립가스,2,30
2023-11-17,매립가스,3,30
2023-11-17,매립가스,4,30
2023-11-17,매립가스,5,30
2023-11-17,매립가스,6,30
2023-11-17,매립가스,7,30
2023-11-17,매립가스,8,30
2023-11-17,매립가스,9,30
2023-11-17,매립가스,10,29
2023-11-17,매립가스,11,29
2023-11-17,매립가스,12,29
2023-11-17,매립가스,13,29
2023-11-17,매립가스,14,29
2023-11-17,매립가스,15,29
2023-11-17,매립가스,16,29
2023-11-17,매립가스,17,29
2023-11-17,매립가스,18,29
2023-11-17,매립가스,19,29
2023-11-17,매립가스,20,29
2023-11-17,매립가스,21,29
2023-11-17,매립가스,22,29
2023-11-17,매립가스,23,30
2023-11-17,매립가스,24,30
2023-11-17,중유,1,33
2023-11-17,중유,2,32
2023-11-17,중유,3,32
2023-11-17,중유,4,32
2023-11-17,중유,5,32
2023-11-17,중유,6,31
2023-11-17,중유,7,31
2023-11-17,중유,8,31
2023-11-17,중유,9,30
2023-11-17,중유,10,30
2023-11-17,중유,11,30
2023-11-17,중유,12,30
2023-11-17,중유,13,30
2023-11-17,중유,14,31
2023-11-17,중유,15,31
2023-11-17,중유,16,31
2023-11-17,중유,17,31
2023-11-17,중유,18,31
2023-11-17,중유,19,31
2023-11-17,중유,20,31
2023-11-17,중유,21,31
2023-11-17,중유,22,32
2023-11-17,중유,23,32
2023-11-17,중유,24,32
2023-11-17,태양광,1,0
2023-11-17,태양광,2,0
2023-11-17,태양광,3,0
2023-11-17,태양광,4,0
2023-11-17,태양광,5,0
2023-11-17,태양광,6,0
2023-11-17,태양광,7,0
2023-11-17,태양광,8,106
2023-11-17,태양광,9,926
2023-11-17,태양광,10,2225
2023-11-17,태양광,11,2414
2023-11-17,태양광,12,2525
2023-11-17,태양광,13,2295
2023-11-17,태양광,14,1671
2023-11-17,태양광,15,1247
2023-11-17,태양광,16,1006
2023-11-17,태양광,17,993
2023-11-17,태양광,18,655
2023-11-17,태양광,19,345
2023-11-17,태양광,20,239
2023-11-17,태양광,21,143
2023-11-17,태양광,22,79
2023-11-17,태양광,23,32
2023-11-17,태양광,24,7
2023-11-17,폐기물,1,130
2023-11-17,폐기물,2,135
2023-11-17,폐기물,3,136
2023-11-17,폐기물,4,135
2023-11-17,폐기물,5,135
2023-11-17,폐기물,6,134
2023-11-17,폐기물,7,131
2023-11-17,폐기물,8,130
2023-11-17,폐기물,9,127
2023-11-17,폐기물,10,129
2023-11-17,폐기물,11,127
2023-11-17,폐기물,12,127
2023-11-17,폐기물,13,127
2023-11-17,폐기물,14,121
2023-11-17,폐기물,15,120
2023-11-17,폐기물,16,110
2023-11-17,폐기물,17,113
2023-11-17,폐기물,18,114
2023-11-17,폐기물,19,114
2023-11-17,폐기물,20,112
2023-11-17,폐기물,21,115
2023-11-17,폐기물,22,117
2023-11-17,폐기물,23,117
2023-11-17,폐기물,24,114
2023-11-17,풍력,1,964
2023-11-17,풍력,2,1003
2023-11-17,풍력,3,973
2023-11-17,풍력,4,1044
2023-11-17,풍력,5,986
2023-11-17,풍력,6,863
2023-11-17,풍력,7,855
2023-11-17,풍력,8,738
2023-11-17,풍력,9,630
2023-11-17,풍력,10,666
2023-11-17,풍력,11,713
2023-11-17,풍력,12,813
2023-11-17,풍력,13,819
2023-11-17,풍력,14,955
2023-11-17,풍력,15,964
2023-11-17,풍력,16,1023
2023-11-17,풍력,17,1051
2023-11-17,풍력,18,1165
2023-11-17,풍력,19,1152
2023-11-17,풍력,20,1197
2023-11-17,풍력,21,1181
2023-11-17,풍력,22,1126
2023-11-17,풍력,23,1115
2023-11-17,풍력,24,1129
2023-11-17,LNG,1,13427
2023-11-17,LNG,2,12181
2023-11-17,LNG,3,12339
2023-11-17,LNG,4,12345
2023-11-17,LNG,5,12668
2023-11-17,LNG,6,14036
2023-11-17,LNG,7,16862
2023-11-17,LNG,8,21136
2023-11-17,LNG,9,23892
2023-11-17,LNG,10,23673
2023-11-17,LNG,11,23341
2023-11-17,LNG,12,22896
2023-11-17,LNG,13,21059
2023-11-17,LNG,14,23020
2023-11-17,LNG,15,23924
2023-11-17,LNG,16,23781
2023-11-17,LNG,17,24837
2023-11-17,LNG,18,24180
2023-11-17,LNG,19,22646
2023-11-17,LNG,20,20613
2023-11-17,LNG,21,19075
2023-11-17,LNG,22,17544
2023-11-17,LNG,23,16907
2023-11-17,LNG,24,16490
2023-11-17,연료전지,1,833
2023-11-17,연료전지,2,832
2023-11-17,연료전지,3,832
2023-11-17,연료전지,4,832
2023-11-17,연료전지,5,831
2023-11-17,연료전지,6,831
2023-11-17,연료전지,7,831
2023-11-17,연료전지,8,831
2023-11-17,연료전지,9,832
2023-11-17,연료전지,10,833
2023-11-17,연료전지,11,832
2023-11-17,연료전지,12,833
2023-11-17,연료전지,13,833
2023-11-17,연료전지,14,834
2023-11-17,연료전지,15,836
2023-11-17,연료전지,16,836
2023-11-17,연료전지,17,837
2023-11-17,연료전지,18,837
2023-11-17,연료전지,19,837
2023-11-17,연료전지,20,837
2023-11-17,연료전지,21,837
2023-11-17,연료전지,22,838
2023-11-17,연료전지,23,838
2023-11-17,연료전지,24,838
2023-11-17,경유,1,0
2023-11-17,경유,2,0
2023-11-17,경유,3,0
2023-11-17,경유,4,0
2023-11-17,경유,5,0
2023-11-17,경유,6,0
2023-11-17,경유,7,0
2023-11-17,경유,8,0
2023-11-17,경유,9,0
2023-11-17,경유,10,0
2023-11-17,경유,11,0
2023-11-17,경유,12,0
2023-11-17,경유,13,0
2023-11-17,경유,14,0
2023-11-17,경유,15,0
2023-11-17,경유,16,0
2023-11-17,경유,17,0
2023-11-17,경유,18,0
2023-11-17,경유,19,0
2023-11-17,경유,20,0
2023-11-17,경유,21,0
2023-11-17,경유,22,0
2023-11-17,경유,23,0
2023-11-17,경유,24,0
2023-11-17,해양에너지,1,0
2023-11-17,해양에너지,2,0
2023-11-17,해양에너지,3,0
2023-11-17,해양에너지,4,14
2023-11-17,해양에너지,5,86
2023-11-17,해양에너지,6,128
2023-11-17,해양에너지,7,141
2023-11-17,해양에너지,8,117
2023-11-17,해양에너지,9,63
2023-11-17,해양에너지,10,8
2023-11-17,해양에너지,11,0
2023-11-17,해양에너지,12,0
2023-11-17,해양에너지,13,0
2023-11-17,해양에너지,14,0
2023-11-17,해양에너지,15,0
2023-11-17,해양에너지,16,14
2023-11-17,해양에너지,17,123
2023-11-17,해양에너지,18,180
2023-11-17,해양에너지,19,206
2023-11-17,해양에너지,20,197
2023-11-17,해양에너지,21,148
2023-11-17,해양에너지,22,78
2023-11-17,해양에너지,23,13
2023-11-17,해양에너지,24,0
2023-11-17,바이오매스,1,809
2023-11-17,바이오매스,2,837
2023-11-17,바이오매스,3,862
2023-11-17,바이오매스,4,867
2023-11-17,바이오매스,5,874
2023-11-17,바이오매스,6,879
2023-11-17,바이오매스,7,878
2023-11-17,바이오매스,8,875
2023-11-17,바이오매스,9,880
2023-11-17,바이오매스,10,875
2023-11-17,바이오매스,11,877
2023-11-17,바이오매스,12,873
2023-11-17,바이오매스,13,870
2023-11-17,바이오매스,14,873
2023-11-17,바이오매스,15,877
2023-11-17,바이오매스,16,878
2023-11-17,바이오매스,17,874
2023-11-17,바이오매스,18,873
2023-11-17,바이오매스,19,875
2023-11-17,바이오매스,20,877
2023-11-17,바이오매스,21,875
2023-11-17,바이오매스,22,873
2023-11-17,바이오매스,23,875
2023-11-17,바이오매스,24,877
2023-11-17,IGCC,1,259
2023-11-17,IGCC,2,257
2023-11-17,IGCC,3,255
2023-11-17,IGCC,4,255
2023-11-17,IGCC,5,255
2023-11-17,IGCC,6,256
2023-11-17,IGCC,7,256
2023-11-17,IGCC,8,255
2023-11-17,IGCC,9,255
2023-11-17,IGCC,10,253
2023-11-17,IGCC,11,243
2023-11-17,IGCC,12,228
2023-11-17,IGCC,13,230
2023-11-17,IGCC,14,235
2023-11-17,IGCC,15,255
2023-11-17,IGCC,16,259
2023-11-17,IGCC,17,262
2023-11-17,IGCC,18,262
2023-11-17,IGCC,19,261
2023-11-17,IGCC,20,261
2023-11-17,IGCC,21,259
2023-11-17,IGCC,22,256
2023-11-17,IGCC,23,255
2023-11-17,IGCC,24,255
2023-11-17,바이오중유,1,204
2023-11-17,바이오중유,2,204
2023-11-17,바이오중유,3,204
2023-11-17,바이오중유,4,205
2023-11-17,바이오중유,5,204
2023-11-17,바이오중유,6,204
2023-11-17,바이오중유,7,218
2023-11-17,바이오중유,8,232
2023-11-17,바이오중유,9,255
2023-11-17,바이오중유,10,201
2023-11-17,바이오중유,11,150
2023-11-17,바이오중유,12,140
2023-11-17,바이오중유,13,175
2023-11-17,바이오중유,14,206
2023-11-17,바이오중유,15,205
2023-11-17,바이오중유,16,216
2023-11-17,바이오중유,17,207
2023-11-17,바이오중유,18,204
2023-11-17,바이오중유,19,204
2023-11-17,바이오중유,20,204
2023-11-17,바이오중유,21,205
2023-11-17,바이오중유,22,205
2023-11-17,바이오중유,23,205
2023-11-17,바이오중유,24,205
2023-11-17,바이오기타,1,0
2023-11-17,바이오기타,2,0
2023-11-17,바이오기타,3,0
2023-11-17,바이오기타,4,0
2023-11-17,바이오기타,5,0
2023-11-17,바이오기타,6,0
2023-11-17,바이오기타,7,0
2023-11-17,바이오기타,8,0
2023-11-17,바이오기타,9,0
2023-11-17,바이오기타,10,0
2023-11-17,바이오기타,11,0
2023-11-17,바이오기타,12,0
2023-11-17,바이오기타,13,0
2023-11-17,바이오기타,14,0
2023-11-17,바이오기타,15,0
2023-11-17,바이오기타,16,0
2023-11-17,바이오기타,17,0
2023-11-17,바이오기타,18,0
2023-11-17,바이오기타,19,0
2023-11-17,바이오기타,20,0
2023-11-17,바이오기타,21,0
2023-11-17,바이오기타,22,0
2023-11-17,바이오기타,23,0
2023-11-17,바이오기타,24,0
2023-11-17,기타,1,17
2023-11-17,기타,2,16
2023-11-17,기타,3,16
2023-11-17,기타,4,17
2023-11-17,기타,5,17
2023-11-17,기타,6,17
2023-11-17,기타,7,17
2023-11-17,기타,8,17
2023-11-17,기타,9,17
2023-11-17,기타,10,17
2023-11-17,기타,11,16
2023-11-17,기타,12,16
2023-11-17,기타,13,16
2023-11-17,기타,14,15
2023-11-17,기타,15,15
2023-11-17,기타,16,15
2023-11-17,기타,17,15
2023-11-17,기타,18,15
2023-11-17,기타,19,16
2023-11-17,기타,20,16
2023-11-17,기타,21,15
2023-11-17,기타,22,16
2023-11-17,기타,23,16
2023-11-17,기타,24,15
2023-11-18,원자력,1,20721
2023-11-18,원자력,2,20719
2023-11-18,원자력,3,20716
2023-11-18,원자력,4,20716
2023-11-18,원자력,5,20716
2023-11-18,원자력,6,20715
2023-11-18,원자력,7,20718
2023-11-18,원자력,8,20718
2023-11-18,원자력,9,20704
2023-11-18,원자력,10,20700
2023-11-18,원자력,11,20701
2023-11-18,원자력,12,20701
2023-11-18,원자력,13,20703
2023-11-18,원자력,14,20705
2023-11-18,원자력,15,20704
2023-11-18,원자력,16,20703
2023-11-18,원자력,17,20703
2023-11-18,원자력,18,20706
2023-11-18,원자력,19,20720
2023-11-18,원자력,20,20720
2023-11-18,원자력,21,20720
2023-11-18,원자력,22,20720
2023-11-18,원자력,23,20721
2023-11-18,원자력,24,20720
2023-11-18,유연탄,1,23274
2023-11-18,유연탄,2,23107
2023-11-18,유연탄,3,22940
2023-11-18,유연탄,4,22728
2023-11-18,유연탄,5,22728
2023-11-18,유연탄,6,22669
2023-11-18,유연탄,7,21904
2023-11-18,유연탄,8,21028
2023-11-18,유연탄,9,19704
2023-11-18,유연탄,10,18930
2023-11-18,유연탄,11,18578
2023-11-18,유연탄,12,17466
2023-11-18,유연탄,13,16905
2023-11-18,유연탄,14,16928
2023-11-18,유연탄,15,17307
2023-11-18,유연탄,16,17886
2023-11-18,유연탄,17,18067
2023-11-18,유연탄,18,18127
2023-11-18,유연탄,19,18082
2023-11-18,유연탄,20,18037
2023-11-18,유연탄,21,17737
2023-11-18,유연탄,22,17677
2023-11-18,유연탄,23,18147
2023-11-18,유연탄,24,18030
2023-11-18,무연탄,1,0
2023-11-18,무연탄,2,0
2023-11-18,무연탄,3,0
2023-11-18,무연탄,4,0
2023-11-18,무연탄,5,0
2023-11-18,무연탄,6,0
2023-11-18,무연탄,7,0
2023-11-18,무연탄,8,0
2023-11-18,무연탄,9,0
2023-11-18,무연탄,10,0
2023-11-18,무연탄,11,0
2023-11-18,무연탄,12,0
2023-11-18,무연탄,13,0
2023-11-18,무연탄,14,0
2023-11-18,무연탄,15,0
2023-11-18,무연탄,16,0
2023-11-18,무연탄,17,0
2023-11-18,무연탄,18,0
2023-11-18,무연탄,19,0
2023-11-18,무연탄,20,0
2023-11-18,무연탄,21,0
2023-11-18,무연탄,22,0
2023-11-18,무연탄,23,0
2023-11-18,무연탄,24,0
2023-11-18,바이오가스,1,33
2023-11-18,바이오가스,2,33
2023-11-18,바이오가스,3,33
2023-11-18,바이오가스,4,32
2023-11-18,바이오가스,5,32
2023-11-18,바이오가스,6,33
2023-11-18,바이오가스,7,33
2023-11-18,바이오가스,8,31
2023-11-18,바이오가스,9,32
2023-11-18,바이오가스,10,32
2023-11-18,바이오가스,11,31
2023-11-18,바이오가스,12,33
2023-11-18,바이오가스,13,33
2023-11-18,바이오가스,14,32
2023-11-18,바이오가스,15,32
2023-11-18,바이오가스,16,33
2023-11-18,바이오가스,17,33
2023-11-18,바이오가스,18,32
2023-11-18,바이오가스,19,33
2023-11-18,바이오가스,20,33
2023-11-18,바이오가스,21,33
2023-11-18,바이오가스,22,32
2023-11-18,바이오가스,23,33
2023-11-18,바이오가스,24,32
2023-11-18,부생가스,1,53
2023-11-18,부생가스,2,54
2023-11-18,부생가스,3,54
2023-11-18,부생가스,4,30
2023-11-18,부생가스,5,17
2023-11-18,부생가스,6,17
2023-11-18,부생가스,7,17
2023-11-18,부생가스,8,17
2023-11-18,부생가스,9,39
2023-11-18,부생가스,10,86
2023-11-18,부생가스,11,58
2023-11-18,부생가스,12,56
2023-11-18,부생가스,13,56
2023-11-18,부생가스,14,56
2023-11-18,부생가스,15,55
2023-11-18,부생가스,16,55
2023-11-18,부생가스,17,56
2023-11-18,부생가스,18,81
2023-11-18,부생가스,19,57
2023-11-18,부생가스,20,55
2023-11-18,부생가스,21,57
2023-11-18,부생가스,22,55
2023-11-18,부생가스,23,55
2023-11-18,부생가스,24,55
2023-11-18,수력,1,108
2023-11-18,수력,2,108
2023-11-18,수력,3,108
2023-11-18,수력,4,106
2023-11-18,수력,5,104
2023-11-18,수력,6,102
2023-11-18,수력,7,102
2023-11-18,수력,8,109
2023-11-18,수력,9,583
2023-11-18,수력,10,590
2023-11-18,수력,11,645
2023-11-18,수력,12,586
2023-11-18,수력,13,248
2023-11-18,수력,14,322
2023-11-18,수력,15,328
2023-11-18,수력,16,377
2023-11-18,수력,17,608
2023-11-18,수력,18,608
2023-11-18,수력,19,619
2023-11-18,수력,20,570
2023-11-18,수력,21,345
2023-11-18,수력,22,165
2023-11-18,수력,23,142
2023-11-18,수력,24,107
2023-11-18,양수,1,287
2023-11-18,양수,2,0
2023-11-18,양수,3,0
2023-11-18,양수,4,0
2023-11-18,양수,5,0
2023-11-18,양수,6,0
2023-11-18,양수,7,0
2023-11-18,양수,8,0
2023-11-18,양수,9,0
2023-11-18,양수,10,0
2023-11-18,양수,11,0
2023-11-18,양수,12,0
2023-11-18,양수,13,0
2023-11-18,양수,14,0
2023-11-18,양수,15,0
2023-11-18,양수,16,26
2023-11-18,양수,17,726
2023-11-18,양수,18,1703
2023-11-18,양수,19,1857
2023-11-18,양수,20,1852
2023-11-18,양수,21,1964
2023-11-18,양수,22,1870
2023-11-18,양수,23,1208
2023-11-18,양수,24,522
2023-11-18,매립가스,1,30
2023-11-18,매립가스,2,30
2023-11-18,매립가스,3,30
2023-11-18,매립가스,4,29
2023-11-18,매립가스,5,29
2023-11-18,매립가스,6,29
2023-11-18,매립가스,7,29
2023-11-18,매립가스,8,28
2023-11-18,매립가스,9,27
2023-11-18,매립가스,10,27
2023-11-18,매립가스,11,27
2023-11-18,매립가스,12,27
2023-11-18,매립가스,13,27
2023-11-18,매립가스,14,27
2023-11-18,매립가스,15,27
2023-11-18,매립가스,16,27
2023-11-18,매립가스,17,27
2023-11-18,매립가스,18,27
2023-11-18,매립가스,19,27
2023-11-18,매립가스,20,27
2023-11-18,매립가스,21,27
2023-11-18,매립가스,22,26
2023-11-18,매립가스,23,26
2023-11-18,매립가스,24,26
2023-11-18,중유,1,32
2023-11-18,중유,2,32
2023-11-18,중유,3,32
2023-11-18,중유,4,32
2023-11-18,중유,5,32
2023-11-18,중유,6,32
2023-11-18,중유,7,32
2023-11-18,중유,8,32
2023-11-18,중유,9,32
2023-11-18,중유,10,32
2023-11-18,중유,11,33
2023-11-18,중유,12,32
2023-11-18,중유,13,32
2023-11-18,중유,14,33
2023-11-18,중유,15,33
2023-11-18,중유,16,32
2023-11-18,중유,17,32
2023-11-18,중유,18,32
2023-11-18,중유,19,30
2023-11-18,중유,20,32
2023-11-18,중유,21,32
2023-11-18,중유,22,32
2023-11-18,중유,23,32
2023-11-18,중유,24,32
2023-11-18,태양광,1,1
2023-11-18,태양광,2,0
2023-11-18,태양광,3,0
2023-11-18,태양광,4,0
2023-11-18,태양광,5,0
2023-11-18,태양광,6,0
2023-11-18,태양광,7,0
2023-11-18,태양광,8,64
2023-11-18,태양광,9,577
2023-11-18,태양광,10,1415
2023-11-18,태양광,11,2015
2023-11-18,태양광,12,2448
2023-11-18,태양광,13,2780
2023-11-18,태양광,14,2755
2023-11-18,태양광,15,2366
2023-11-18,태양광,16,1535
2023-11-18,태양광,17,961
2023-11-18,태양광,18,385
2023-11-18,태양광,19,393
2023-11-18,태양광,20,305
2023-11-18,태양광,21,196
2023-11-18,태양광,22,113
2023-11-18,태양광,23,54
2023-11-18,태양광,24,15
2023-11-18,폐기물,1,117
2023-11-18,폐기물,2,117
2023-11-18,폐기물,3,115
2023-11-18,폐기물,4,116
2023-11-18,폐기물,5,117
2023-11-18,폐기물,6,114
2023-11-18,폐기물,7,114
2023-11-18,폐기물,8,113
2023-11-18,폐기물,9,112
2023-11-18,폐기물,10,113
2023-11-18,폐기물,11,110
2023-11-18,폐기물,12,111
2023-11-18,폐기물,13,110
2023-11-18,폐기물,14,111
2023-11-18,폐기물,15,110
2023-11-18,폐기물,16,110
2023-11-18,폐기물,17,112
2023-11-18,폐기물,18,112
2023-11-18,폐기물,19,109
2023-11-18,폐기물,20,110
2023-11-18,폐기물,21,109
2023-11-18,폐기물,22,111
2023-11-18,폐기물,23,109
2023-11-18,폐기물,24,110
2023-11-18,풍력,1,1099
2023-11-18,풍력,2,1057
2023-11-18,풍력,3,998
2023-11-18,풍력,4,1051
2023-11-18,풍력,5,1134
2023-11-18,풍력,6,1184
2023-11-18,풍력,7,1233
2023-11-18,풍력,8,1288
2023-11-18,풍력,9,1319
2023-11-18,풍력,10,1356
2023-11-18,풍력,11,1343
2023-11-18,풍력,12,1304
2023-11-18,풍력,13,1267
2023-11-18,풍력,14,1215
2023-11-18,풍력,15,1209
2023-11-18,풍력,16,1213
2023-11-18,풍력,17,1212
2023-11-18,풍력,18,1234
2023-11-18,풍력,19,1252
2023-11-18,풍력,20,1247
2023-11-18,풍력,21,1208
2023-11-18,풍력,22,1101
2023-11-18,풍력,23,1025
2023-11-18,풍력,24,939
2023-11-18,LNG,1,14041
2023-11-18,LNG,2,12114
2023-11-18,LNG,3,11377
2023-11-18,LNG,4,11478
2023-11-18,LNG,5,11415
2023-11-18,LNG,6,11748
2023-11-18,LNG,7,13384
2023-11-18,LNG,8,15256
2023-11-18,LNG,9,16256
2023-11-18,LNG,10,15930
2023-11-18,LNG,11,14855
2023-11-18,LNG,12,13901
2023-11-18,LNG,13,12856
2023-11-18,LNG,14,12981
2023-11-18,LNG,15,13357
2023-11-18,LNG,16,14555
2023-11-18,LNG,17,16071
2023-11-18,LNG,18,17472
2023-11-18,LNG,19,17863
2023-11-18,LNG,20,17298
2023-11-18,LNG,21,16800
2023-11-18,LNG,22,16238
2023-11-18,LNG,23,16899
2023-11-18,LNG,24,17749
2023-11-18,연료전지,1,837
2023-11-18,연료전지,2,835
2023-11-18,연료전지,3,835
2023-11-18,연료전지,4,834
2023-11-18,연료전지,5,833
2023-11-18,연료전지,6,832
2023-11-18,연료전지,7,831
2023-11-18,연료전지,8,830
2023-11-18,연료전지,9,831
2023-11-18,연료전지,10,832
2023-11-18,연료전지,11,832
2023-11-18,연료전지,12,833
2023-11-18,연료전지,13,833
2023-11-18,연료전지,14,833
2023-11-18,연료전지,15,833
2023-11-18,연료전지,16,833
2023-11-18,연료전지,17,834
2023-11-18,연료전지,18,834
2023-11-18,연료전지,19,833
2023-11-18,연료전지,20,832
2023-11-18,연료전지,21,833
2023-11-18,연료전지,22,833
2023-11-18,연료전지,23,833
2023-11-18,연료전지,24,833
2023-11-18,경유,1,0
2023-11-18,경유,2,0
2023-11-18,경유,3,0
2023-11-18,경유,4,0
2023-11-18,경유,5,0
2023-11-18,경유,6,0
2023-11-18,경유,7,0
2023-11-18,경유,8,0
2023-11-18,경유,9,0
2023-11-18,경유,10,0
2023-11-18,경유,11,0
2023-11-18,경유,12,0
2023-11-18,경유,13,0
2023-11-18,경유,14,0
2023-11-18,경유,15,0
2023-11-18,경유,16,0
2023-11-18,경유,17,0
2023-11-18,경유,18,0
2023-11-18,경유,19,0
2023-11-18,경유,20,0
2023-11-18,경유,21,0
2023-11-18,경유,22,0
2023-11-18,경유,23,0
2023-11-18,경유,24,0
2023-11-18,해양에너지,1,0
2023-11-18,해양에너지,2,0
2023-11-18,해양에너지,3,0
2023-11-18,해양에너지,4,0
2023-11-18,해양에너지,5,23
2023-11-18,해양에너지,6,75
2023-11-18,해양에너지,7,102
2023-11-18,해양에너지,8,102
2023-11-18,해양에너지,9,68
2023-11-18,해양에너지,10,19
2023-11-18,해양에너지,11,0
2023-11-18,해양에너지,12,0
2023-11-18,해양에너지,13,0
2023-11-18,해양에너지,14,0
2023-11-18,해양에너지,15,0
2023-11-18,해양에너지,16,0
2023-11-18,해양에너지,17,41
2023-11-18,해양에너지,18,136
2023-11-18,해양에너지,19,182
2023-11-18,해양에너지,20,196
2023-11-18,해양에너지,21,181
2023-11-18,해양에너지,22,132
2023-11-18,해양에너지,23,73
2023-11-18,해양에너지,24,16
2023-11-18,바이오매스,1,876
2023-11-18,바이오매스,2,877
2023-11-18,바이오매스,3,877
2023-11-18,바이오매스,4,878
2023-11-18,바이오매스,5,878
2023-11-18,바이오매스,6,874
2023-11-18,바이오매스,7,872
2023-11-18,바이오매스,8,873
2023-11-18,바이오매스,9,873
2023-11-18,바이오매스,10,874
2023-11-18,바이오매스,11,877
2023-11-18,바이오매스,12,874
2023-11-18,바이오매스,13,873
2023-11-18,바이오매스,14,878
2023-11-18,바이오매스,15,879
2023-11-18,바이오매스,16,876
2023-11-18,바이오매스,17,878
2023-11-18,바이오매스,18,879
2023-11-18,바이오매스,19,880
2023-11-18,바이오매스,20,878
2023-11-18,바이오매스,21,879
2023-11-18,바이오매스,22,880
2023-11-18,바이오매스,23,877
2023-11-18,바이오매스,24,876
2023-11-18,IGCC,1,257
2023-11-18,IGCC,2,255
2023-11-18,IGCC,3,251
2023-11-18,IGCC,4,251
2023-11-18,IGCC,5,251
2023-11-18,IGCC,6,251
2023-11-18,IGCC,7,251
2023-11-18,IGCC,8,253
2023-11-18,IGCC,9,254
2023-11-18,IGCC,10,255
2023-11-18,IGCC,11,254
2023-11-18,IGCC,12,255
2023-11-18,IGCC,13,257
2023-11-18,IGCC,14,258
2023-11-18,IGCC,15,260
2023-11-18,IGCC,16,261
2023-11-18,IGCC,17,262
2023-11-18,IGCC,18,260
2023-11-18,IGCC,19,258
2023-11-18,IGCC,20,257
2023-11-18,IGCC,21,257
2023-11-18,IGCC,22,254
2023-11-18,IGCC,23,253
2023-11-18,IGCC,24,253
2023-11-18,바이오중유,1,205
2023-11-18,바이오중유,2,205
2023-11-18,바이오중유,3,197
2023-11-18,바이오중유,4,185
2023-11-18,바이오중유,5,183
2023-11-18,바이오중유,6,191
2023-11-18,바이오중유,7,204
2023-11-18,바이오중유,8,204
2023-11-18,바이오중유,9,204
2023-11-18,바이오중유,10,176
2023-11-18,바이오중유,11,182
2023-11-18,바이오중유,12,190
2023-11-18,바이오중유,13,206
2023-11-18,바이오중유,14,206
2023-11-18,바이오중유,15,206
2023-11-18,바이오중유,16,212
2023-11-18,바이오중유,17,220
2023-11-18,바이오중유,18,238
2023-11-18,바이오중유,19,206
2023-11-18,바이오중유,20,206
2023-11-18,바이오중유,21,206
2023-11-18,바이오중유,22,208
2023-11-18,바이오중유,23,206
2023-11-18,바이오중유,24,206
2023-11-18,바이오기타,1,0
2023-11-18,바이오기타,2,0
2023-11-18,바이오기타,3,0
2023-11-18,바이오기타,4,0
2023-11-18,바이오기타,5,0
2023-11-18,바이오기타,6,0
2023-11-18,바이오기타,7,0
2023-11-18,바이오기타,8,0
2023-11-18,바이오기타,9,0
2023-11-18,바이오기타,10,0
2023-11-18,바이오기타,11,0
2023-11-18,바이오기타,12,0
2023-11-18,바이오기타,13,2
2023-11-18,바이오기타,14,2
2023-11-18,바이오기타,15,3
2023-11-18,바이오기타,16,3
2023-11-18,바이오기타,17,3
2023-11-18,바이오기타,18,2
2023-11-18,바이오기타,19,3
2023-11-18,바이오기타,20,3
2023-11-18,바이오기타,21,3
2023-11-18,바이오기타,22,3
2023-11-18,바이오기타,23,3
2023-11-18,바이오기타,24,3
2023-11-18,기타,1,16
2023-11-18,기타,2,15
2023-11-18,기타,3,16
2023-11-18,기타,4,16
2023-11-18,기타,5,16
2023-11-18,기타,6,16
2023-11-18,기타,7,16
2023-11-18,기타,8,16
2023-11-18,기타,9,16
2023-11-18,기타,10,16
2023-11-18,기타,11,16
2023-11-18,기타,12,16
2023-11-18,기타,13,16
2023-11-18,기타,14,16
2023-11-18,기타,15,16
2023-11-18,기타,16,16
2023-11-18,기타,17,16
2023-11-18,기타,18,16
2023-11-18,기타,19,16
2023-11-18,기타,20,16
2023-11-18,기타,21,16
2023-11-18,기타,22,16
2023-11-18,기타,23,16
2023-11-18,기타,24,16
2023-11-19,원자력,1,20718
2023-11-19,원자력,2,20717
2023-11-19,원자력,3,20717
2023-11-19,원자력,4,20720
2023-11-19,원자력,5,20721
2023-11-19,원자력,6,20720
2023-11-19,원자력,7,20721
2023-11-19,원자력,8,20722
2023-11-19,원자력,9,20722
2023-11-19,원자력,10,20724
2023-11-19,원자력,11,20724
2023-11-19,원자력,12,20726
2023-11-19,원자력,13,20728
2023-11-19,원자력,14,20728
2023-11-19,원자력,15,20729
2023-11-19,원자력,16,20728
2023-11-19,원자력,17,20728
2023-11-19,원자력,18,20726
2023-11-19,원자력,19,20726
2023-11-19,원자력,20,20725
2023-11-19,원자력,21,20726
2023-11-19,원자력,22,20726
2023-11-19,원자력,23,20726
2023-11-19,원자력,24,20728
2023-11-19,유연탄,1,17864
2023-11-19,유연탄,2,17643
2023-11-19,유연탄,3,17276
2023-11-19,유연탄,4,16999
2023-11-19,유연탄,5,17015
2023-11-19,유연탄,6,17009
2023-11-19,유연탄,7,16773
2023-11-19,유연탄,8,16828
2023-11-19,유연탄,9,15614
2023-11-19,유연탄,10,14052
2023-11-19,유연탄,11,13338
2023-11-19,유연탄,12,12879
2023-11-19,유연탄,13,13322
2023-11-19,유연탄,14,13932
2023-11-19,유연탄,15,14103
2023-11-19,유연탄,16,14165
2023-11-19,유연탄,17,14579
2023-11-19,유연탄,18,16054
2023-11-19,유연탄,19,16574
2023-11-19,유연탄,20,16587
2023-11-19,유연탄,21,16825
2023-11-19,유연탄,22,17033
2023-11-19,유연탄,23,17579
2023-11-19,유연탄,24,17948
2023-11-19,무연탄,1,0
2023-11-19,무연탄,2,0
2023-11-19,무연탄,3,0
2023-11-19,무연탄,4,0
2023-11-19,무연탄,5,0
2023-11-19,무연탄,6,0
2023-11-19,무연탄,7,0
2023-11-19,무연탄,8,0
2023-11-19,무연탄,9,0
2023-11-19,무연탄,10,0
2023-11-19,무연탄,11,0
2023-11-19,무연탄,12,0
2023-11-19,무연탄,13,0
2023-11-19,무연탄,14,0
2023-11-19,무연탄,15,0
2023-11-19,무연탄,16,0
2023-11-19,무연탄,17,0
2023-11-19,무연탄,18,0
2023-11-19,무연탄,19,0
2023-11-19,무연탄,20,0
2023-11-19,무연탄,21,0
2023-11-19,무연탄,22,0
2023-11-19,무연탄,23,0
2023-11-19,무연탄,24,0
2023-11-19,바이오가스,1,33
2023-11-19,바이오가스,2,33
2023-11-19,바이오가스,3,33
2023-11-19,바이오가스,4,33
2023-11-19,바이오가스,5,33
2023-11-19,바이오가스,6,33
2023-11-19,바이오가스,7,33
2023-11-19,바이오가스,8,31
2023-11-19,바이오가스,9,33
2023-11-19,바이오가스,10,33
2023-11-19,바이오가스,11,32
2023-11-19,바이오가스,12,33
2023-11-19,바이오가스,13,33
2023-11-19,바이오가스,14,33
2023-11-19,바이오가스,15,33
2023-11-19,바이오가스,16,33
2023-11-19,바이오가스,17,34
2023-11-19,바이오가스,18,34
2023-11-19,바이오가스,19,33
2023-11-19,바이오가스,20,33
2023-11-19,바이오가스,21,33
2023-11-19,바이오가스,22,33
2023-11-19,바이오가스,23,32
2023-11-19,바이오가스,24,32
2023-11-19,부생가스,1,55
2023-11-19,부생가스,2,55
2023-11-19,부생가스,3,55
2023-11-19,부생가스,4,55
2023-11-19,부생가스,5,55
2023-11-19,부생가스,6,55
2023-11-19,부생가스,7,55
2023-11-19,부생가스,8,55
2023-11-19,부생가스,9,56
2023-11-19,부생가스,10,55
2023-11-19,부생가스,11,54
2023-11-19,부생가스,12,53
2023-11-19,부생가스,13,52
2023-11-19,부생가스,14,52
2023-11-19,부생가스,15,51
2023-11-19,부생가스,16,51
2023-11-19,부생가스,17,51
2023-11-19,부생가스,18,51
2023-11-19,부생가스,19,51
2023-11-19,부생가스,20,51
2023-11-19,부생가스,21,51
2023-11-19,부생가스,22,51
2023-11-19,부생가스,23,51
2023-11-19,부생가스,24,52
2023-11-19,수력,1,104
2023-11-19,수력,2,105
2023-11-19,수력,3,105
2023-11-19,수력,4,103
2023-11-19,수력,5,101
2023-11-19,수력,6,99
2023-11-19,수력,7,98
2023-11-19,수력,8,106
2023-11-19,수력,9,527
2023-11-19,수력,10,479
2023-11-19,수력,11,188
2023-11-19,수력,12,174
2023-11-19,수력,13,171
2023-11-19,수력,14,300
2023-11-19,수력,15,595
2023-11-19,수력,16,527
2023-11-19,수력,17,484
2023-11-19,수력,18,540
2023-11-19,수력,19,487
2023-11-19,수력,20,452
2023-11-19,수력,21,433
2023-11-19,수력,22,376
2023-11-19,수력,23,286
2023-11-19,수력,24,247
2023-11-19,양수,1,0
2023-11-19,양수,2,0
2023-11-19,양수,3,0
2023-11-19,양수,4,0
2023-11-19,양수,5,0
2023-11-19,양수,6,0
2023-11-19,양수,7,0
2023-11-19,양수,8,0
2023-11-19,양수,9,0
2023-11-19,양수,10,0
2023-11-19,양수,11,0
2023-11-19,양수,12,0
2023-11-19,양수,13,0
2023-11-19,양수,14,0
2023-11-19,양수,15,0
2023-11-19,양수,16,0
2023-11-19,양수,17,0
2023-11-19,양수,18,153
2023-11-19,양수,19,864
2023-11-19,양수,20,1640
2023-11-19,양수,21,1817
2023-11-19,양수,22,1821
2023-11-19,양수,23,1828
2023-11-19,양수,24,1471
2023-11-19,매립가스,1,26
2023-11-19,매립가스,2,26
2023-11-19,매립가스,3,26
2023-11-19,매립가스,4,26
2023-11-19,매립가스,5,26
2023-11-19,매립가스,6,26
2023-11-19,매립가스,7,26
2023-11-19,매립가스,8,26
2023-11-19,매립가스,9,26
2023-11-19,매립가스,10,26
2023-11-19,매립가스,11,26
2023-11-19,매립가스,12,26
2023-11-19,매립가스,13,26
2023-11-19,매립가스,14,26
2023-11-19,매립가스,15,26
2023-11-19,매립가스,16,26
2023-11-19,매립가스,17,26
2023-11-19,매립가스,18,26
2023-11-19,매립가스,19,26
2023-11-19,매립가스,20,26
2023-11-19,매립가스,21,25
2023-11-19,매립가스,22,25
2023-11-19,매립가스,23,24
2023-11-19,매립가스,24,24
2023-11-19,중유,1,32
2023-11-19,중유,2,32
2023-11-19,중유,3,31
2023-11-19,중유,4,32
2023-11-19,중유,5,32
2023-11-19,중유,6,31
2023-11-19,중유,7,32
2023-11-19,중유,8,32
2023-11-19,중유,9,31
2023-11-19,중유,10,30
2023-11-19,중유,11,31
2023-11-19,중유,12,30
2023-11-19,중유,13,30
2023-11-19,중유,14,30
2023-11-19,중유,15,30
2023-11-19,중유,16,30
2023-11-19,중유,17,30
2023-11-19,중유,18,31
2023-11-19,중유,19,31
2023-11-19,중유,20,32
2023-11-19,중유,21,31
2023-11-19,중유,22,31
2023-11-19,중유,23,31
2023-11-19,중유,24,31
2023-11-19,태양광,1,3
2023-11-19,태양광,2,1
2023-11-19,태양광,3,0
2023-11-19,태양광,4,0
2023-11-19,태양광,5,0
2023-11-19,태양광,6,0
2023-11-19,태양광,7,0
2023-11-19,태양광,8,113
2023-11-19,태양광,9,981
2023-11-19,태양광,10,2224
2023-11-19,태양광,11,2919
2023-11-19,태양광,12,3319
2023-11-19,태양광,13,3262
2023-11-19,태양광,14,3013
2023-11-19,태양광,15,2413
2023-11-19,태양광,16,1591
2023-11-19,태양광,17,1136
2023-11-19,태양광,18,802
2023-11-19,태양광,19,801
2023-11-19,태양광,20,654
2023-11-19,태양광,21,320
2023-11-19,태양광,22,120
2023-11-19,태양광,23,44
2023-11-19,태양광,24,9
2023-11-19,폐기물,1,112
2023-11-19,폐기물,2,114
2023-11-19,폐기물,3,112
2023-11-19,폐기물,4,109
2023-11-19,폐기물,5,112
2023-11-19,폐기물,6,111
2023-11-19,폐기물,7,113
2023-11-19,폐기물,8,111
2023-11-19,폐기물,9,112
2023-11-19,폐기물,10,115
2023-11-19,폐기물,11,118
2023-11-19,폐기물,12,118
2023-11-19,폐기물,13,119
2023-11-19,폐기물,14,118
2023-11-19,폐기물,15,115
2023-11-19,폐기물,16,117
2023-11-19,폐기물,17,118
2023-11-19,폐기물,18,120
2023-11-19,폐기물,19,118
2023-11-19,폐기물,20,120
2023-11-19,폐기물,21,119
2023-11-19,폐기물,22,117
2023-11-19,폐기물,23,118
2023-11-19,폐기물,24,117
2023-11-19,풍력,1,935
2023-11-19,풍력,2,909
2023-11-19,풍력,3,895
2023-11-19,풍력,4,878
2023-11-19,풍력,5,904
2023-11-19,풍력,6,907
2023-11-19,풍력,7,819
2023-11-19,풍력,8,814
2023-11-19,풍력,9,756
2023-11-19,풍력,10,831
2023-11-19,풍력,11,833
2023-11-19,풍력,12,850
2023-11-19,풍력,13,856
2023-11-19,풍력,14,861
2023-11-19,풍력,15,837
2023-11-19,풍력,16,848
2023-11-19,풍력,17,864
2023-11-19,풍력,18,877
2023-11-19,풍력,19,892
2023-11-19,풍력,20,936
2023-11-19,풍력,21,949
2023-11-19,풍력,22,910
2023-11-19,풍력,23,892
2023-11-19,풍력,24,903
2023-11-19,LNG,1,15285
2023-11-19,LNG,2,13168
2023-11-19,LNG,3,12753
2023-11-19,LNG,4,12839
2023-11-19,LNG,5,12842
2023-11-19,LNG,6,13095
2023-11-19,LNG,7,13541
2023-11-19,LNG,8,13446
2023-11-19,LNG,9,11938
2023-11-19,LNG,10,10267
2023-11-19,LNG,11,9743
2023-11-19,LNG,12,9852
2023-11-19,LNG,13,9796
2023-11-19,LNG,14,10398
2023-11-19,LNG,15,11730
2023-11-19,LNG,16,14013
2023-11-19,LNG,17,15974
2023-11-19,LNG,18,17274
2023-11-19,LNG,19,17001
2023-11-19,LNG,20,15987
2023-11-19,LNG,21,15293
2023-11-19,LNG,22,14543
2023-11-19,LNG,23,13825
2023-11-19,LNG,24,13218
2023-11-19,연료전지,1,833
2023-11-19,연료전지,2,833
2023-11-19,연료전지,3,833
2023-11-19,연료전지,4,833
2023-11-19,연료전지,5,832
2023-11-19,연료전지,6,832
2023-11-19,연료전지,7,832
2023-11-19,연료전지,8,832
2023-11-19,연료전지,9,832
2023-11-19,연료전지,10,833
2023-11-19,연료전지,11,833
2023-11-19,연료전지,12,833
2023-11-19,연료전지,13,832
2023-11-19,연료전지,14,831
2023-11-19,연료전지,15,828
2023-11-19,연료전지,16,817
2023-11-19,연료전지,17,818
2023-11-19,연료전지,18,817
2023-11-19,연료전지,19,817
2023-11-19,연료전지,20,817
2023-11-19,연료전지,21,817
2023-11-19,연료전지,22,812
2023-11-19,연료전지,23,811
2023-11-19,연료전지,24,811
2023-11-19,경유,1,0
2023-11-19,경유,2,0
2023-11-19,경유,3,0
2023-11-19,경유,4,0
2023-11-19,경유,5,0
2023-11-19,경유,6,0
2023-11-19,경유,7,0
2023-11-19,경유,8,0
2023-11-19,경유,9,0
2023-11-19,경유,10,0
2023-11-19,경유,11,0
2023-11-19,경유,12,0
2023-11-19,경유,13,0
2023-11-19,경유,14,0
2023-11-19,경유,15,0
2023-11-19,경유,16,0
2023-11-19,경유,17,0
2023-11-19,경유,18,0
2023-11-19,경유,19,0
2023-11-19,경유,20,0
2023-11-19,경유,21,0
2023-11-19,경유,22,0
2023-11-19,경유,23,0
2023-11-19,경유,24,0
2023-11-19,해양에너지,1,0
2023-11-19,해양에너지,2,0
2023-11-19,해양에너지,3,0
2023-11-19,해양에너지,4,0
2023-11-19,해양에너지,5,0
2023-11-19,해양에너지,6,0
2023-11-19,해양에너지,7,51
2023-11-19,해양에너지,8,111
2023-11-19,해양에너지,9,102
2023-11-19,해양에너지,10,42
2023-11-19,해양에너지,11,0
2023-11-19,해양에너지,12,0
2023-11-19,해양에너지,13,0
2023-11-19,해양에너지,14,0
2023-11-19,해양에너지,15,0
2023-11-19,해양에너지,16,0
2023-11-19,해양에너지,17,0
2023-11-19,해양에너지,18,0
2023-11-19,해양에너지,19,104
2023-11-19,해양에너지,20,155
2023-11-19,해양에너지,21,164
2023-11-19,해양에너지,22,142
2023-11-19,해양에너지,23,100
2023-11-19,해양에너지,24,34
2023-11-19,바이오매스,1,876
2023-11-19,바이오매스,2,878
2023-11-19,바이오매스,3,880
2023-11-19,바이오매스,4,880
2023-11-19,바이오매스,5,892
2023-11-19,바이오매스,6,899
2023-11-19,바이오매스,7,893
2023-11-19,바이오매스,8,896
2023-11-19,바이오매스,9,905
2023-11-19,바이오매스,10,905
2023-11-19,바이오매스,11,902
2023-11-19,바이오매스,12,909
2023-11-19,바이오매스,13,907
2023-11-19,바이오매스,14,910
2023-11-19,바이오매스,15,912
2023-11-19,바이오매스,16,912
2023-11-19,바이오매스,17,910
2023-11-19,바이오매스,18,907
2023-11-19,바이오매스,19,908
2023-11-19,바이오매스,20,911
2023-11-19,바이오매스,21,913
2023-11-19,바이오매스,22,912
2023-11-19,바이오매스,23,910
2023-11-19,바이오매스,24,910
2023-11-19,IGCC,1,253
2023-11-19,IGCC,2,254
2023-11-19,IGCC,3,255
2023-11-19,IGCC,4,256
2023-11-19,IGCC,5,253
2023-11-19,IGCC,6,254
2023-11-19,IGCC,7,254
2023-11-19,IGCC,8,255
2023-11-19,IGCC,9,256
2023-11-19,IGCC,10,258
2023-11-19,IGCC,11,260
2023-11-19,IGCC,12,262
2023-11-19,IGCC,13,262
2023-11-19,IGCC,14,260
2023-11-19,IGCC,15,260
2023-11-19,IGCC,16,260
2023-11-19,IGCC,17,258
2023-11-19,IGCC,18,257
2023-11-19,IGCC,19,256
2023-11-19,IGCC,20,256
2023-11-19,IGCC,21,257
2023-11-19,IGCC,22,257
2023-11-19,IGCC,23,256
2023-11-19,IGCC,24,256
2023-11-19,바이오중유,1,206
2023-11-19,바이오중유,2,206
2023-11-19,바이오중유,3,206
2023-11-19,바이오중유,4,206
2023-11-19,바이오중유,5,206
2023-11-19,바이오중유,6,206
2023-11-19,바이오중유,7,206
2023-11-19,바이오중유,8,206
2023-11-19,바이오중유,9,206
2023-11-19,바이오중유,10,192
2023-11-19,바이오중유,11,157
2023-11-19,바이오중유,12,142
2023-11-19,바이오중유,13,141
2023-11-19,바이오중유,14,141
2023-11-19,바이오중유,15,141
2023-11-19,바이오중유,16,154
2023-11-19,바이오중유,17,206
2023-11-19,바이오중유,18,228
2023-11-19,바이오중유,19,210
2023-11-19,바이오중유,20,206
2023-11-19,바이오중유,21,206
2023-11-19,바이오중유,22,206
2023-11-19,바이오중유,23,206
2023-11-19,바이오중유,24,206
2023-11-19,바이오기타,1,3
2023-11-19,바이오기타,2,3
2023-11-19,바이오기타,3,3
2023-11-19,바이오기타,4,2
2023-11-19,바이오기타,5,2
2023-11-19,바이오기타,6,2
2023-11-19,바이오기타,7,1
2023-11-19,바이오기타,8,1
2023-11-19,바이오기타,9,1
2023-11-19,바이오기타,10,1
2023-11-19,바이오기타,11,1
2023-11-19,바이오기타,12,1
2023-11-19,바이오기타,13,1
2023-11-19,바이오기타,14,1
2023-11-19,바이오기타,15,1
2023-11-19,바이오기타,16,1
2023-11-19,바이오기타,17,1
2023-11-19,바이오기타,18,1
2023-11-19,바이오기타,19,1
2023-11-19,바이오기타,20,1
2023-11-19,바이오기타,21,1
2023-11-19,바이오기타,22,1
2023-11-19,바이오기타,23,1
2023-11-19,바이오기타,24,1
2023-11-19,기타,1,16
2023-11-19,기타,2,16
2023-11-19,기타,3,16
2023-11-19,기타,4,16
2023-11-19,기타,5,15
2023-11-19,기타,6,16
2023-11-19,기타,7,16
2023-11-19,기타,8,16
2023-11-19,기타,9,16
2023-11-19,기타,10,16
2023-11-19,기타,11,16
2023-11-19,기타,12,16
2023-11-19,기타,13,16
2023-11-19,기타,14,16
2023-11-19,기타,15,16
2023-11-19,기타,16,16
2023-11-19,기타,17,16
2023-11-19,기타,18,16
2023-11-19,기타,19,16
2023-11-19,기타,20,16
2023-11-19,기타,21,16
2023-11-19,기타,22,16
2023-11-19,기타,23,16
2023-11-19,기타,24,16
2023-11-20,원자력,1,20729
2023-11-20,원자력,2,20727
2023-11-20,원자력,3,20726
2023-11-20,원자력,4,20724
2023-11-20,원자력,5,20724
2023-11-20,원자력,6,20723
2023-11-20,원자력,7,20722
2023-11-20,원자력,8,20722
2023-11-20,원자력,9,20722
2023-11-20,원자력,10,20722
2023-11-20,원자력,11,20721
2023-11-20,원자력,12,20721
2023-11-20,원자력,13,20696
2023-11-20,원자력,14,20689
2023-11-20,원자력,15,20706
2023-11-20,원자력,16,20714
2023-11-20,원자력,17,20717
2023-11-20,원자력,18,20716
2023-11-20,원자력,19,20717
2023-11-20,원자력,20,20717
2023-11-20,원자력,21,20718
2023-11-20,원자력,22,20717
2023-11-20,원자력,23,20717
2023-11-20,원자력,24,20720
2023-11-20,유연탄,1,17294
2023-11-20,유연탄,2,17490
2023-11-20,유연탄,3,17657
2023-11-20,유연탄,4,17560
2023-11-20,유연탄,5,17816
2023-11-20,유연탄,6,17780
2023-11-20,유연탄,7,18605
2023-11-20,유연탄,8,19214
2023-11-20,유연탄,9,19136
2023-11-20,유연탄,10,18785
2023-11-20,유연탄,11,17909
2023-11-20,유연탄,12,17797
2023-11-20,유연탄,13,16747
2023-11-20,유연탄,14,17641
2023-11-20,유연탄,15,17956
2023-11-20,유연탄,16,19028
2023-11-20,유연탄,17,20435
2023-11-20,유연탄,18,21414
2023-11-20,유연탄,19,22307
2023-11-20,유연탄,20,22584
2023-11-20,유연탄,21,22229
2023-11-20,유연탄,22,22268
2023-11-20,유연탄,23,22995
2023-11-20,유연탄,24,22841
2023-11-20,무연탄,1,0
2023-11-20,무연탄,2,0
2023-11-20,무연탄,3,0
2023-11-20,무연탄,4,0
2023-11-20,무연탄,5,0
2023-11-20,무연탄,6,0
2023-11-20,무연탄,7,0
2023-11-20,무연탄,8,0
2023-11-20,무연탄,9,0
2023-11-20,무연탄,10,3
2023-11-20,무연탄,11,36
2023-11-20,무연탄,12,49
2023-11-20,무연탄,13,62
2023-11-20,무연탄,14,85
2023-11-20,무연탄,15,92
2023-11-20,무연탄,16,107
2023-11-20,무연탄,17,123
2023-11-20,무연탄,18,139
2023-11-20,무연탄,19,150
2023-11-20,무연탄,20,166
2023-11-20,무연탄,21,168
2023-11-20,무연탄,22,167
2023-11-20,무연탄,23,167
2023-11-20,무연탄,24,168
2023-11-20,바이오가스,1,32
2023-11-20,바이오가스,2,32
2023-11-20,바이오가스,3,32
2023-11-20,바이오가스,4,32
2023-11-20,바이오가스,5,33
2023-11-20,바이오가스,6,32
2023-11-20,바이오가스,7,32
2023-11-20,바이오가스,8,32
2023-11-20,바이오가스,9,33
2023-11-20,바이오가스,10,33
2023-11-20,바이오가스,11,33
2023-11-20,바이오가스,12,34
2023-11-20,바이오가스,13,34
2023-11-20,바이오가스,14,33
2023-11-20,바이오가스,15,33
2023-11-20,바이오가스,16,35
2023-11-20,바이오가스,17,33
2023-11-20,바이오가스,18,33
2023-11-20,바이오가스,19,34
2023-11-20,바이오가스,20,33
2023-11-20,바이오가스,21,32
2023-11-20,바이오가스,22,34
2023-11-20,바이오가스,23,34
2023-11-20,바이오가스,24,34
2023-11-20,부생가스,1,52
2023-11-20,부생가스,2,53
2023-11-20,부생가스,3,53
2023-11-20,부생가스,4,53
2023-11-20,부생가스,5,54
2023-11-20,부생가스,6,54
2023-11-20,부생가스,7,54
2023-11-20,부생가스,8,55
2023-11-20,부생가스,9,66
2023-11-20,부생가스,10,148
2023-11-20,부생가스,11,65
2023-11-20,부생가스,12,175
2023-11-20,부생가스,13,251
2023-11-20,부생가스,14,239
2023-11-20,부생가스,15,282
2023-11-20,부생가스,16,317
2023-11-20,부생가스,17,206
2023-11-20,부생가스,18,87
2023-11-20,부생가스,19,60
2023-11-20,부생가스,20,118
2023-11-20,부생가스,21,72
2023-11-20,부생가스,22,84
2023-11-20,부생가스,23,54
2023-11-20,부생가스,24,54
2023-11-20,수력,1,230
2023-11-20,수력,2,223
2023-11-20,수력,3,229
2023-11-20,수력,4,237
2023-11-20,수력,5,215
2023-11-20,수력,6,139
2023-11-20,수력,7,120
2023-11-20,수력,8,119
2023-11-20,수력,9,313
2023-11-20,수력,10,367
2023-11-20,수력,11,444
2023-11-20,수력,12,406
2023-11-20,수력,13,237
2023-11-20,수력,14,255
2023-11-20,수력,15,279
2023-11-20,수력,16,348
2023-11-20,수력,17,436
2023-11-20,수력,18,460
2023-11-20,수력,19,498
2023-11-20,수력,20,476
2023-11-20,수력,21,409
2023-11-20,수력,22,310
2023-11-20,수력,23,268
2023-11-20,수력,24,209
2023-11-20,양수,1,1078
2023-11-20,양수,2,32
2023-11-20,양수,3,0
2023-11-20,양수,4,0
2023-11-20,양수,5,0
2023-11-20,양수,6,0
2023-11-20,양수,7,0
2023-11-20,양수,8,0
2023-11-20,양수,9,549
2023-11-20,양수,10,875
2023-11-20,양수,11,860
2023-11-20,양수,12,22
2023-11-20,양수,13,0
2023-11-20,양수,14,0
2023-11-20,양수,15,0
2023-11-20,양수,16,0
2023-11-20,양수,17,124
2023-11-20,양수,18,1597
2023-11-20,양수,19,2217
2023-11-20,양수,20,2184
2023-11-20,양수,21,2051
2023-11-20,양수,22,1429
2023-11-20,양수,23,625
2023-11-20,양수,24,130
2023-11-20,매립가스,1,24
2023-11-20,매립가스,2,24
2023-11-20,매립가스,3,24
2023-11-20,매립가스,4,24
2023-11-20,매립가스,5,24
2023-11-20,매립가스,6,24
2023-11-20,매립가스,7,25
2023-11-20,매립가스,8,25
2023-11-20,매립가스,9,26
2023-11-20,매립가스,10,25
2023-11-20,매립가스,11,25
2023-11-20,매립가스,12,26
2023-11-20,매립가스,13,26
2023-11-20,매립가스,14,27
2023-11-20,매립가스,15,27
2023-11-20,매립가스,16,27
2023-11-20,매립가스,17,27
2023-11-20,매립가스,18,27
2023-11-20,매립가스,19,27
2023-11-20,매립가스,20,27
2023-11-20,매립가스,21,27
2023-11-20,매립가스,22,27
2023-11-20,매립가스,23,27
2023-11-20,매립가스,24,27
2023-11-20,중유,1,31
2023-11-20,중유,2,31
2023-11-20,중유,3,31
2023-11-20,중유,4,30
2023-11-20,중유,5,30
2023-11-20,중유,6,30
2023-11-20,중유,7,29
2023-11-20,중유,8,30
2023-11-20,중유,9,30
2023-11-20,중유,10,30
2023-11-20,중유,11,29
2023-11-20,중유,12,22
2023-11-20,중유,13,6
2023-11-20,중유,14,6
2023-11-20,중유,15,6
2023-11-20,중유,16,6
2023-11-20,중유,17,6
2023-11-20,중유,18,6
2023-11-20,중유,19,7
2023-11-20,중유,20,7
2023-11-20,중유,21,7
2023-11-20,중유,22,7
2023-11-20,중유,23,8
2023-11-20,중유,24,8
2023-11-20,태양광,1,1
2023-11-20,태양광,2,0
2023-11-20,태양광,3,0
2023-11-20,태양광,4,0
2023-11-20,태양광,5,0
2023-11-20,태양광,6,0
2023-11-20,태양광,7,0
2023-11-20,태양광,8,124
2023-11-20,태양광,9,1176
2023-11-20,태양광,10,2780
2023-11-20,태양광,11,3705
2023-11-20,태양광,12,4303
2023-11-20,태양광,13,4597
2023-11-20,태양광,14,4668
2023-11-20,태양광,15,4156
2023-11-20,태양광,16,2721
2023-11-20,태양광,17,1389
2023-11-20,태양광,18,829
2023-11-20,태양광,19,911
2023-11-20,태양광,20,837
2023-11-20,태양광,21,513
2023-11-20,태양광,22,209
2023-11-20,태양광,23,95
2023-11-20,태양광,24,25
2023-11-20,폐기물,1,115
2023-11-20,폐기물,2,118
2023-11-20,폐기물,3,117
2023-11-20,폐기물,4,116
2023-11-20,폐기물,5,116
2023-11-20,폐기물,6,116
2023-11-20,폐기물,7,117
2023-11-20,폐기물,8,116
2023-11-20,폐기물,9,113
2023-11-20,폐기물,10,108
2023-11-20,폐기물,11,106
2023-11-20,폐기물,12,113
2023-11-20,폐기물,13,118
2023-11-20,폐기물,14,116
2023-11-20,폐기물,15,116
2023-11-20,폐기물,16,113
2023-11-20,폐기물,17,117
2023-11-20,폐기물,18,121
2023-11-20,폐기물,19,120
2023-11-20,폐기물,20,118
2023-11-20,폐기물,21,116
2023-11-20,폐기물,22,116
2023-11-20,폐기물,23,116
2023-11-20,폐기물,24,116
2023-11-20,풍력,1,871
2023-11-20,풍력,2,728
2023-11-20,풍력,3,566
2023-11-20,풍력,4,453
2023-11-20,풍력,5,369
2023-11-20,풍력,6,355
2023-11-20,풍력,7,309
2023-11-20,풍력,8,288
2023-11-20,풍력,9,213
2023-11-20,풍력,10,203
2023-11-20,풍력,11,161
2023-11-20,풍력,12,118
2023-11-20,풍력,13,91
2023-11-20,풍력,14,108
2023-11-20,풍력,15,129
2023-11-20,풍력,16,154
2023-11-20,풍력,17,206
2023-11-20,풍력,18,265
2023-11-20,풍력,19,289
2023-11-20,풍력,20,282
2023-11-20,풍력,21,310
2023-11-20,풍력,22,341
2023-11-20,풍력,23,356
2023-11-20,풍력,24,391
2023-11-20,LNG,1,11506
2023-11-20,LNG,2,10232
2023-11-20,LNG,3,10180
2023-11-20,LNG,4,10574
2023-11-20,LNG,5,11068
2023-11-20,LNG,6,12724
2023-11-20,LNG,7,15806
2023-11-20,LNG,8,21215
2023-11-20,LNG,9,24783
2023-11-20,LNG,10,22573
2023-11-20,LNG,11,20005
2023-11-20,LNG,12,17880
2023-11-20,LNG,13,16925
2023-11-20,LNG,14,18213
2023-11-20,LNG,15,20117
2023-11-20,LNG,16,22780
2023-11-20,LNG,17,24373
2023-11-20,LNG,18,23773
2023-11-20,LNG,19,21612
2023-11-20,LNG,20,19940
2023-11-20,LNG,21,18856
2023-11-20,LNG,22,17647
2023-11-20,LNG,23,17315
2023-11-20,LNG,24,17211
2023-11-20,연료전지,1,810
2023-11-20,연료전지,2,810
2023-11-20,연료전지,3,809
2023-11-20,연료전지,4,809
2023-11-20,연료전지,5,809
2023-11-20,연료전지,6,809
2023-11-20,연료전지,7,809
2023-11-20,연료전지,8,808
2023-11-20,연료전지,9,807
2023-11-20,연료전지,10,805
2023-11-20,연료전지,11,802
2023-11-20,연료전지,12,802
2023-11-20,연료전지,13,802
2023-11-20,연료전지,14,801
2023-11-20,연료전지,15,802
2023-11-20,연료전지,16,803
2023-11-20,연료전지,17,805
2023-11-20,연료전지,18,806
2023-11-20,연료전지,19,808
2023-11-20,연료전지,20,809
2023-11-20,연료전지,21,809
2023-11-20,연료전지,22,810
2023-11-20,연료전지,23,810
2023-11-20,연료전지,24,812
2023-11-20,경유,1,0
2023-11-20,경유,2,0
2023-11-20,경유,3,0
2023-11-20,경유,4,0
2023-11-20,경유,5,0
2023-11-20,경유,6,0
2023-11-20,경유,7,0
2023-11-20,경유,8,0
2023-11-20,경유,9,0
2023-11-20,경유,10,0
2023-11-20,경유,11,0
2023-11-20,경유,12,0
2023-11-20,경유,13,0
2023-11-20,경유,14,0
2023-11-20,경유,15,0
2023-11-20,경유,16,0
2023-11-20,경유,17,0
2023-11-20,경유,18,0
2023-11-20,경유,19,0
2023-11-20,경유,20,0
2023-11-20,경유,21,0
2023-11-20,경유,22,0
2023-11-20,경유,23,0
2023-11-20,경유,24,0
2023-11-20,해양에너지,1,0
2023-11-20,해양에너지,2,0
2023-11-20,해양에너지,3,0
2023-11-20,해양에너지,4,0
2023-11-20,해양에너지,5,0
2023-11-20,해양에너지,6,0
2023-11-20,해양에너지,7,0
2023-11-20,해양에너지,8,14
2023-11-20,해양에너지,9,63
2023-11-20,해양에너지,10,60
2023-11-20,해양에너지,11,38
2023-11-20,해양에너지,12,5
2023-11-20,해양에너지,13,0
2023-11-20,해양에너지,14,0
2023-11-20,해양에너지,15,0
2023-11-20,해양에너지,16,0
2023-11-20,해양에너지,17,0
2023-11-20,해양에너지,18,0
2023-11-20,해양에너지,19,0
2023-11-20,해양에너지,20,72
2023-11-20,해양에너지,21,97
2023-11-20,해양에너지,22,104
2023-11-20,해양에너지,23,97
2023-11-20,해양에너지,24,76
2023-11-20,바이오매스,1,909
2023-11-20,바이오매스,2,908
2023-11-20,바이오매스,3,906
2023-11-20,바이오매스,4,896
2023-11-20,바이오매스,5,902
2023-11-20,바이오매스,6,910
2023-11-20,바이오매스,7,911
2023-11-20,바이오매스,8,907
2023-11-20,바이오매스,9,903
2023-11-20,바이오매스,10,900
2023-11-20,바이오매스,11,901
2023-11-20,바이오매스,12,899
2023-11-20,바이오매스,13,889
2023-11-20,바이오매스,14,889
2023-11-20,바이오매스,15,890
2023-11-20,바이오매스,16,902
2023-11-20,바이오매스,17,903
2023-11-20,바이오매스,18,903
2023-11-20,바이오매스,19,904
2023-11-20,바이오매스,20,904
2023-11-20,바이오매스,21,904
2023-11-20,바이오매스,22,904
2023-11-20,바이오매스,23,905
2023-11-20,바이오매스,24,905
2023-11-20,IGCC,1,256
2023-11-20,IGCC,2,257
2023-11-20,IGCC,3,256
2023-11-20,IGCC,4,258
2023-11-20,IGCC,5,258
2023-11-20,IGCC,6,259
2023-11-20,IGCC,7,259
2023-11-20,IGCC,8,262
2023-11-20,IGCC,9,261
2023-11-20,IGCC,10,261
2023-11-20,IGCC,11,235
2023-11-20,IGCC,12,254
2023-11-20,IGCC,13,259
2023-11-20,IGCC,14,260
2023-11-20,IGCC,15,258
2023-11-20,IGCC,16,258
2023-11-20,IGCC,17,258
2023-11-20,IGCC,18,257
2023-11-20,IGCC,19,255
2023-11-20,IGCC,20,257
2023-11-20,IGCC,21,257
2023-11-20,IGCC,22,256
2023-11-20,IGCC,23,255
2023-11-20,IGCC,24,256
2023-11-20,바이오중유,1,206
2023-11-20,바이오중유,2,206
2023-11-20,바이오중유,3,206
2023-11-20,바이오중유,4,206
2023-11-20,바이오중유,5,206
2023-11-20,바이오중유,6,206
2023-11-20,바이오중유,7,206
2023-11-20,바이오중유,8,206
2023-11-20,바이오중유,9,204
2023-11-20,바이오중유,10,184
2023-11-20,바이오중유,11,137
2023-11-20,바이오중유,12,134
2023-11-20,바이오중유,13,134
2023-11-20,바이오중유,14,135
2023-11-20,바이오중유,15,135
2023-11-20,바이오중유,16,163
2023-11-20,바이오중유,17,239
2023-11-20,바이오중유,18,286
2023-11-20,바이오중유,19,212
2023-11-20,바이오중유,20,206
2023-11-20,바이오중유,21,206
2023-11-20,바이오중유,22,206
2023-11-20,바이오중유,23,206
2023-11-20,바이오중유,24,206
2023-11-20,바이오기타,1,1
2023-11-20,바이오기타,2,1
2023-11-20,바이오기타,3,1
2023-11-20,바이오기타,4,1
2023-11-20,바이오기타,5,1
2023-11-20,바이오기타,6,1
2023-11-20,바이오기타,7,1
2023-11-20,바이오기타,8,1
2023-11-20,바이오기타,9,1
2023-11-20,바이오기타,10,1
2023-11-20,바이오기타,11,0
2023-11-20,바이오기타,12,0
2023-11-20,바이오기타,13,0
2023-11-20,바이오기타,14,0
2023-11-20,바이오기타,15,0
2023-11-20,바이오기타,16,0
2023-11-20,바이오기타,17,2
2023-11-20,바이오기타,18,2
2023-11-20,바이오기타,19,1
2023-11-20,바이오기타,20,1
2023-11-20,바이오기타,21,1
2023-11-20,바이오기타,22,1
2023-11-20,바이오기타,23,1
2023-11-20,바이오기타,24,1
2023-11-20,기타,1,15
2023-11-20,기타,2,15
2023-11-20,기타,3,15
2023-11-20,기타,4,15
2023-11-20,기타,5,15
2023-11-20,기타,6,16
2023-11-20,기타,7,15
2023-11-20,기타,8,15
2023-11-20,기타,9,15
2023-11-20,기타,10,16
2023-11-20,기타,11,16
2023-11-20,기타,12,16
2023-11-20,기타,13,16
2023-11-20,기타,14,17
2023-11-20,기타,15,17
2023-11-20,기타,16,16
2023-11-20,기타,17,16
2023-11-20,기타,18,16
2023-11-20,기타,19,15
2023-11-20,기타,20,15
2023-11-20,기타,21,14
2023-11-20,기타,22,15
2023-11-20,기타,23,14
2023-11-20,기타,24,15
2023-11-21,원자력,1,20720
2023-11-21,원자력,2,20719
2023-11-21,원자력,3,20718
2023-11-21,원자력,4,20719
2023-11-21,원자력,5,20719
2023-11-21,원자력,6,20719
2023-11-21,원자력,7,20719
2023-11-21,원자력,8,20720
2023-11-21,원자력,9,20719
2023-11-21,원자력,10,20719
2023-11-21,원자력,11,20721
2023-11-21,원자력,12,20722
2023-11-21,원자력,13,20700
2023-11-21,원자력,14,20682
2023-11-21,원자력,15,20704
2023-11-21,원자력,16,20713
2023-11-21,원자력,17,20715
2023-11-21,원자력,18,20716
2023-11-21,원자력,19,20718
2023-11-21,원자력,20,20719
2023-11-21,원자력,21,20720
2023-11-21,원자력,22,20721
2023-11-21,원자력,23,20722
2023-11-21,원자력,24,20723
2023-11-21,유연탄,1,22506
2023-11-21,유연탄,2,22271
2023-11-21,유연탄,3,22147
2023-11-21,유연탄,4,22126
2023-11-21,유연탄,5,22299
2023-11-21,유연탄,6,22126
2023-11-21,유연탄,7,22120
2023-11-21,유연탄,8,21309
2023-11-21,유연탄,9,20085
2023-11-21,유연탄,10,18742
2023-11-21,유연탄,11,18100
2023-11-21,유연탄,12,16925
2023-11-21,유연탄,13,15660
2023-11-21,유연탄,14,16922
2023-11-21,유연탄,15,17917
2023-11-21,유연탄,16,17830
2023-11-21,유연탄,17,18502
2023-11-21,유연탄,18,18498
2023-11-21,유연탄,19,18421
2023-11-21,유연탄,20,18420
2023-11-21,유연탄,21,18274
2023-11-21,유연탄,22,18277
2023-11-21,유연탄,23,18390
2023-11-21,유연탄,24,18408
2023-11-21,무연탄,1,167
2023-11-21,무연탄,2,167
2023-11-21,무연탄,3,167
2023-11-21,무연탄,4,167
2023-11-21,무연탄,5,167
2023-11-21,무연탄,6,167
2023-11-21,무연탄,7,166
2023-11-21,무연탄,8,167
2023-11-21,무연탄,9,167
2023-11-21,무연탄,10,167
2023-11-21,무연탄,11,168
2023-11-21,무연탄,12,167
2023-11-21,무연탄,13,168
2023-11-21,무연탄,14,168
2023-11-21,무연탄,15,167
2023-11-21,무연탄,16,169
2023-11-21,무연탄,17,168
2023-11-21,무연탄,18,168
2023-11-21,무연탄,19,168
2023-11-21,무연탄,20,167
2023-11-21,무연탄,21,167
2023-11-21,무연탄,22,166
2023-11-21,무연탄,23,167
2023-11-21,무연탄,24,168
2023-11-21,바이오가스,1,35
2023-11-21,바이오가스,2,35
2023-11-21,바이오가스,3,34
2023-11-21,바이오가스,4,34
2023-11-21,바이오가스,5,34
2023-11-21,바이오가스,6,35
2023-11-21,바이오가스,7,35
2023-11-21,바이오가스,8,36
2023-11-21,바이오가스,9,35
2023-11-21,바이오가스,10,34
2023-11-21,바이오가스,11,34
2023-11-21,바이오가스,12,36
2023-11-21,바이오가스,13,34
2023-11-21,바이오가스,14,30
2023-11-21,바이오가스,15,32
2023-11-21,바이오가스,16,30
2023-11-21,바이오가스,17,32
2023-11-21,바이오가스,18,32
2023-11-21,바이오가스,19,30
2023-11-21,바이오가스,20,31
2023-11-21,바이오가스,21,31
2023-11-21,바이오가스,22,31
2023-11-21,바이오가스,23,31
2023-11-21,바이오가스,24,32
2023-11-21,부생가스,1,54
2023-11-21,부생가스,2,54
2023-11-21,부생가스,3,54
2023-11-21,부생가스,4,54
2023-11-21,부생가스,5,54
2023-11-21,부생가스,6,54
2023-11-21,부생가스,7,54
2023-11-21,부생가스,8,78
2023-11-21,부생가스,9,233
2023-11-21,부생가스,10,243
2023-11-21,부생가스,11,211
2023-11-21,부생가스,12,264
2023-11-21,부생가스,13,214
2023-11-21,부생가스,14,161
2023-11-21,부생가스,15,193
2023-11-21,부생가스,16,167
2023-11-21,부생가스,17,154
2023-11-21,부생가스,18,97
2023-11-21,부생가스,19,150
2023-11-21,부생가스,20,169
2023-11-21,부생가스,21,124
2023-11-21,부생가스,22,107
2023-11-21,부생가스,23,53
2023-11-21,부생가스,24,53
2023-11-21,수력,1,186
2023-11-21,수력,2,172
2023-11-21,수력,3,175
2023-11-21,수력,4,176
2023-11-21,수력,5,176
2023-11-21,수력,6,105
2023-11-21,수력,7,104
2023-11-21,수력,8,102
2023-11-21,수력,9,342
2023-11-21,수력,10,415
2023-11-21,수력,11,413
2023-11-21,수력,12,407
2023-11-21,수력,13,254
2023-11-21,수력,14,318
2023-11-21,수력,15,341
2023-11-21,수력,16,515
2023-11-21,수력,17,492
2023-11-21,수력,18,427
2023-11-21,수력,19,378
2023-11-21,수력,20,384
2023-11-21,수력,21,304
2023-11-21,수력,22,242
2023-11-21,수력,23,212
2023-11-21,수력,24,182
2023-11-21,양수,1,0
2023-11-21,양수,2,0
2023-11-21,양수,3,0
2023-11-21,양수,4,0
2023-11-21,양수,5,0
2023-11-21,양수,6,0
2023-11-21,양수,7,0
2023-11-21,양수,8,0
2023-11-21,양수,9,0
2023-11-21,양수,10,0
2023-11-21,양수,11,0
2023-11-21,양수,12,0
2023-11-21,양수,13,0
2023-11-21,양수,14,0
2023-11-21,양수,15,0
2023-11-21,양수,16,0
2023-11-21,양수,17,59
2023-11-21,양수,18,537
2023-11-21,양수,19,1589
2023-11-21,양수,20,2185
2023-11-21,양수,21,2234
2023-11-21,양수,22,1912
2023-11-21,양수,23,1340
2023-11-21,양수,24,644
2023-11-21,매립가스,1,27
2023-11-21,매립가스,2,27
2023-11-21,매립가스,3,27
2023-11-21,매립가스,4,27
2023-11-21,매립가스,5,27
2023-11-21,매립가스,6,27
2023-11-21,매립가스,7,27
2023-11-21,매립가스,8,27
2023-11-21,매립가스,9,27
2023-11-21,매립가스,10,28
2023-11-21,매립가스,11,28
2023-11-21,매립가스,12,28
2023-11-21,매립가스,13,28
2023-11-21,매립가스,14,28
2023-11-21,매립가스,15,28
2023-11-21,매립가스,16,28
2023-11-21,매립가스,17,28
2023-11-21,매립가스,18,28
2023-11-21,매립가스,19,28
2023-11-21,매립가스,20,28
2023-11-21,매립가스,21,28
2023-11-21,매립가스,22,28
2023-11-21,매립가스,23,27
2023-11-21,매립가스,24,27
2023-11-21,중유,1,8
2023-11-21,중유,2,7
2023-11-21,중유,3,8
2023-11-21,중유,4,8
2023-11-21,중유,5,8
2023-11-21,중유,6,8
2023-11-21,중유,7,8
2023-11-21,중유,8,8
2023-11-21,중유,9,9
2023-11-21,중유,10,8
2023-11-21,중유,11,8
2023-11-21,중유,12,8
2023-11-21,중유,13,9
2023-11-21,중유,14,6
2023-11-21,중유,15,5
2023-11-21,중유,16,5
2023-11-21,중유,17,6
2023-11-21,중유,18,8
2023-11-21,중유,19,8
2023-11-21,중유,20,9
2023-11-21,중유,21,8
2023-11-21,중유,22,9
2023-11-21,중유,23,9
2023-11-21,중유,24,9
2023-11-21,태양광,1,5
2023-11-21,태양광,2,2
2023-11-21,태양광,3,1
2023-11-21,태양광,4,1
2023-11-21,태양광,5,1
2023-11-21,태양광,6,1
2023-11-21,태양광,7,0
2023-11-21,태양광,8,116
2023-11-21,태양광,9,1153
2023-11-21,태양광,10,2750
2023-11-21,태양광,11,3653
2023-11-21,태양광,12,4195
2023-11-21,태양광,13,4451
2023-11-21,태양광,14,4412
2023-11-21,태양광,15,3917
2023-11-21,태양광,16,2550
2023-11-21,태양광,17,1346
2023-11-21,태양광,18,829
2023-11-21,태양광,19,913
2023-11-21,태양광,20,839
2023-11-21,태양광,21,513
2023-11-21,태양광,22,213
2023-11-21,태양광,23,96
2023-11-21,태양광,24,26
2023-11-21,폐기물,1,112
2023-11-21,폐기물,2,115
2023-11-21,폐기물,3,121
2023-11-21,폐기물,4,123
2023-11-21,폐기물,5,120
2023-11-21,폐기물,6,120
2023-11-21,폐기물,7,121
2023-11-21,폐기물,8,118
2023-11-21,폐기물,9,119
2023-11-21,폐기물,10,118
2023-11-21,폐기물,11,117
2023-11-21,폐기물,12,117
2023-11-21,폐기물,13,117
2023-11-21,폐기물,14,116
2023-11-21,폐기물,15,114
2023-11-21,폐기물,16,116
2023-11-21,폐기물,17,118
2023-11-21,폐기물,18,119
2023-11-21,폐기물,19,121
2023-11-21,폐기물,20,125
2023-11-21,폐기물,21,125
2023-11-21,폐기물,22,124
2023-11-21,폐기물,23,122
2023-11-21,폐기물,24,124
2023-11-21,풍력,1,388
2023-11-21,풍력,2,388
2023-11-21,풍력,3,387
2023-11-21,풍력,4,438
2023-11-21,풍력,5,476
2023-11-21,풍력,6,499
2023-11-21,풍력,7,476
2023-11-21,풍력,8,457
2023-11-21,풍력,9,416
2023-11-21,풍력,10,442
2023-11-21,풍력,11,365
2023-11-21,풍력,12,327
2023-11-21,풍력,13,314
2023-11-21,풍력,14,323
2023-11-21,풍력,15,298
2023-11-21,풍력,16,320
2023-11-21,풍력,17,368
2023-11-21,풍력,18,430
2023-11-21,풍력,19,507
2023-11-21,풍력,20,519
2023-11-21,풍력,21,514
2023-11-21,풍력,22,513
2023-11-21,풍력,23,502
2023-11-21,풍력,24,490
2023-11-21,LNG,1,13991
2023-11-21,LNG,2,12441
2023-11-21,LNG,3,12007
2023-11-21,LNG,4,11989
2023-11-21,LNG,5,12513
2023-11-21,LNG,6,13172
2023-11-21,LNG,7,16320
2023-11-21,LNG,8,21784
2023-11-21,LNG,9,25585
2023-11-21,LNG,10,23407
2023-11-21,LNG,11,20750
2023-11-21,LNG,12,18855
2023-11-21,LNG,13,17056
2023-11-21,LNG,14,17717
2023-11-21,LNG,15,18949
2023-11-21,LNG,16,21930
2023-11-21,LNG,17,25319
2023-11-21,LNG,18,26983
2023-11-21,LNG,19,25426
2023-11-21,LNG,20,23573
2023-11-21,LNG,21,21970
2023-11-21,LNG,22,20726
2023-11-21,LNG,23,21148
2023-11-21,LNG,24,20788
2023-11-21,연료전지,1,813
2023-11-21,연료전지,2,814
2023-11-21,연료전지,3,814
2023-11-21,연료전지,4,814
2023-11-21,연료전지,5,814
2023-11-21,연료전지,6,814
2023-11-21,연료전지,7,813
2023-11-21,연료전지,8,812
2023-11-21,연료전지,9,811
2023-11-21,연료전지,10,809
2023-11-21,연료전지,11,805
2023-11-21,연료전지,12,805
2023-11-21,연료전지,13,806
2023-11-21,연료전지,14,807
2023-11-21,연료전지,15,808
2023-11-21,연료전지,16,808
2023-11-21,연료전지,17,809
2023-11-21,연료전지,18,811
2023-11-21,연료전지,19,815
2023-11-21,연료전지,20,816
2023-11-21,연료전지,21,815
2023-11-21,연료전지,22,816
2023-11-21,연료전지,23,816
2023-11-21,연료전지,24,815
2023-11-21,경유,1,0
2023-11-21,경유,2,0
2023-11-21,경유,3,0
2023-11-21,경유,4,0
2023-11-21,경유,5,0
2023-11-21,경유,6,0
2023-11-21,경유,7,0
2023-11-21,경유,8,0
2023-11-21,경유,9,0
2023-11-21,경유,10,0
2023-11-21,경유,11,0
2023-11-21,경유,12,0
2023-11-21,경유,13,0
2023-11-21,경유,14,0
2023-11-21,경유,15,0
2023-11-21,경유,16,0
2023-11-21,경유,17,0
2023-11-21,경유,18,0
2023-11-21,경유,19,0
2023-11-21,경유,20,0
2023-11-21,경유,21,0
2023-11-21,경유,22,0
2023-11-21,경유,23,0
2023-11-21,경유,24,0
2023-11-21,해양에너지,1,43
2023-11-21,해양에너지,2,8
2023-11-21,해양에너지,3,0
2023-11-21,해양에너지,4,0
2023-11-21,해양에너지,5,0
2023-11-21,해양에너지,6,0
2023-11-21,해양에너지,7,0
2023-11-21,해양에너지,8,0
2023-11-21,해양에너지,9,4
2023-11-21,해양에너지,10,38
2023-11-21,해양에너지,11,42
2023-11-21,해양에너지,12,33
2023-11-21,해양에너지,13,10
2023-11-21,해양에너지,14,0
2023-11-21,해양에너지,15,0
2023-11-21,해양에너지,16,0
2023-11-21,해양에너지,17,0
2023-11-21,해양에너지,18,0
2023-11-21,해양에너지,19,0
2023-11-21,해양에너지,20,0
2023-11-21,해양에너지,21,18
2023-11-21,해양에너지,22,66
2023-11-21,해양에너지,23,79
2023-11-21,해양에너지,24,78
2023-11-21,바이오매스,1,908
2023-11-21,바이오매스,2,906
2023-11-21,바이오매스,3,906
2023-11-21,바이오매스,4,909
2023-11-21,바이오매스,5,910
2023-11-21,바이오매스,6,908
2023-11-21,바이오매스,7,904
2023-11-21,바이오매스,8,902
2023-11-21,바이오매스,9,902
2023-11-21,바이오매스,10,903
2023-11-21,바이오매스,11,908
2023-11-21,바이오매스,12,906
2023-11-21,바이오매스,13,902
2023-11-21,바이오매스,14,769
2023-11-21,바이오매스,15,573
2023-11-21,바이오매스,16,575
2023-11-21,바이오매스,17,577
2023-11-21,바이오매스,18,594
2023-11-21,바이오매스,19,631
2023-11-21,바이오매스,20,637
2023-11-21,바이오매스,21,651
2023-11-21,바이오매스,22,659
2023-11-21,바이오매스,23,660
2023-11-21,바이오매스,24,660
2023-11-21,IGCC,1,256
2023-11-21,IGCC,2,258
2023-11-21,IGCC,3,259
2023-11-21,IGCC,4,258
2023-11-21,IGCC,5,259
2023-11-21,IGCC,6,261
2023-11-21,IGCC,7,261
2023-11-21,IGCC,8,262
2023-11-21,IGCC,9,262
2023-11-21,IGCC,10,262
2023-11-21,IGCC,11,233
2023-11-21,IGCC,12,256
2023-11-21,IGCC,13,266
2023-11-21,IGCC,14,266
2023-11-21,IGCC,15,264
2023-11-21,IGCC,16,265
2023-11-21,IGCC,17,266
2023-11-21,IGCC,18,264
2023-11-21,IGCC,19,262
2023-11-21,IGCC,20,263
2023-11-21,IGCC,21,263
2023-11-21,IGCC,22,262
2023-11-21,IGCC,23,262
2023-11-21,IGCC,24,263
2023-11-21,바이오중유,1,206
2023-11-21,바이오중유,2,206
2023-11-21,바이오중유,3,206
2023-11-21,바이오중유,4,206
2023-11-21,바이오중유,5,206
2023-11-21,바이오중유,6,206
2023-11-21,바이오중유,7,206
2023-11-21,바이오중유,8,206
2023-11-21,바이오중유,9,206
2023-11-21,바이오중유,10,206
2023-11-21,바이오중유,11,192
2023-11-21,바이오중유,12,148
2023-11-21,바이오중유,13,135
2023-11-21,바이오중유,14,148
2023-11-21,바이오중유,15,196
2023-11-21,바이오중유,16,209
2023-11-21,바이오중유,17,207
2023-11-21,바이오중유,18,207
2023-11-21,바이오중유,19,207
2023-11-21,바이오중유,20,207
2023-11-21,바이오중유,21,207
2023-11-21,바이오중유,22,207
2023-11-21,바이오중유,23,207
2023-11-21,바이오중유,24,207
2023-11-21,바이오기타,1,1
2023-11-21,바이오기타,2,1
2023-11-21,바이오기타,3,1
2023-11-21,바이오기타,4,1
2023-11-21,바이오기타,5,1
2023-11-21,바이오기타,6,2
2023-11-21,바이오기타,7,1
2023-11-21,바이오기타,8,1
2023-11-21,바이오기타,9,1
2023-11-21,바이오기타,10,1
2023-11-21,바이오기타,11,1
2023-11-21,바이오기타,12,1
2023-11-21,바이오기타,13,1
2023-11-21,바이오기타,14,1
2023-11-21,바이오기타,15,1
2023-11-21,바이오기타,16,0
2023-11-21,바이오기타,17,0
2023-11-21,바이오기타,18,0
2023-11-21,바이오기타,19,0
2023-11-21,바이오기타,20,0
2023-11-21,바이오기타,21,0
2023-11-21,바이오기타,22,0
2023-11-21,바이오기타,23,0
2023-11-21,바이오기타,24,0
2023-11-21,기타,1,15
2023-11-21,기타,2,15
2023-11-21,기타,3,15
2023-11-21,기타,4,15
2023-11-21,기타,5,15
2023-11-21,기타,6,16
2023-11-21,기타,7,16
2023-11-21,기타,8,16
2023-11-21,기타,9,16
2023-11-21,기타,10,16
2023-11-21,기타,11,16
2023-11-21,기타,12,16
2023-11-21,기타,13,16
2023-11-21,기타,14,16
2023-11-21,기타,15,16
2023-11-21,기타,16,16
2023-11-21,기타,17,16
2023-11-21,기타,18,16
2023-11-21,기타,19,16
2023-11-21,기타,20,16
2023-11-21,기타,21,16
2023-11-21,기타,22,16
2023-11-21,기타,23,16
2023-11-21,기타,24,16
2023-11-22,원자력,1,20724
2023-11-22,원자력,2,20723
2023-11-22,원자력,3,20724
2023-11-22,원자력,4,20723
2023-11-22,원자력,5,20722
2023-11-22,원자력,6,20722
2023-11-22,원자력,7,20722
2023-11-22,원자력,8,20722
2023-11-22,원자력,9,20723
2023-11-22,원자력,10,20724
2023-11-22,원자력,11,20729
2023-11-22,원자력,12,20728
2023-11-22,원자력,13,20703
2023-11-22,원자력,14,20688
2023-11-22,원자력,15,20710
2023-11-22,원자력,16,20712
2023-11-22,원자력,17,20713
2023-11-22,원자력,18,20715
2023-11-22,원자력,19,20718
2023-11-22,원자력,20,20719
2023-11-22,원자력,21,20720
2023-11-22,원자력,22,20720
2023-11-22,원자력,23,20720
2023-11-22,원자력,24,20726
2023-11-22,유연탄,1,18494
2023-11-22,유연탄,2,18459
2023-11-22,유연탄,3,18541
2023-11-22,유연탄,4,19043
2023-11-22,유연탄,5,19181
2023-11-22,유연탄,6,19188
2023-11-22,유연탄,7,19195
2023-11-22,유연탄,8,19222
2023-11-22,유연탄,9,19124
2023-11-22,유연탄,10,18870
2023-11-22,유연탄,11,18843
2023-11-22,유연탄,12,18424
2023-11-22,유연탄,13,17418
2023-11-22,유연탄,14,17939
2023-11-22,유연탄,15,17928
2023-11-22,유연탄,16,18798
2023-11-22,유연탄,17,19888
2023-11-22,유연탄,18,19980
2023-11-22,유연탄,19,19491
2023-11-22,유연탄,20,19362
2023-11-22,유연탄,21,19051
2023-11-22,유연탄,22,18819
2023-11-22,유연탄,23,19548
2023-11-22,유연탄,24,20462
2023-11-22,무연탄,1,167
2023-11-22,무연탄,2,166
2023-11-22,무연탄,3,155
2023-11-22,무연탄,4,152
2023-11-22,무연탄,5,162
2023-11-22,무연탄,6,168
2023-11-22,무연탄,7,168
2023-11-22,무연탄,8,166
2023-11-22,무연탄,9,167
2023-11-22,무연탄,10,167
2023-11-22,무연탄,11,167
2023-11-22,무연탄,12,167
2023-11-22,무연탄,13,167
2023-11-22,무연탄,14,167
2023-11-22,무연탄,15,168
2023-11-22,무연탄,16,168
2023-11-22,무연탄,17,167
2023-11-22,무연탄,18,168
2023-11-22,무연탄,19,167
2023-11-22,무연탄,20,166
2023-11-22,무연탄,21,155
2023-11-22,무연탄,22,152
2023-11-22,무연탄,23,150
2023-11-22,무연탄,24,154
2023-11-22,바이오가스,1,30
2023-11-22,바이오가스,2,30
2023-11-22,바이오가스,3,30
2023-11-22,바이오가스,4,30
2023-11-22,바이오가스,5,31
2023-11-22,바이오가스,6,30
2023-11-22,바이오가스,7,29
2023-11-22,바이오가스,8,31
2023-11-22,바이오가스,9,32
2023-11-22,바이오가스,10,32
2023-11-22,바이오가스,11,33
2023-11-22,바이오가스,12,33
2023-11-22,바이오가스,13,34
2023-11-22,바이오가스,14,31
2023-11-22,바이오가스,15,31
2023-11-22,바이오가스,16,29
2023-11-22,바이오가스,17,32
2023-11-22,바이오가스,18,33
2023-11-22,바이오가스,19,34
2023-11-22,바이오가스,20,32
2023-11-22,바이오가스,21,30
2023-11-22,바이오가스,22,30
2023-11-22,바이오가스,23,32
2023-11-22,바이오가스,24,32
2023-11-22,부생가스,1,54
2023-11-22,부생가스,2,54
2023-11-22,부생가스,3,54
2023-11-22,부생가스,4,54
2023-11-22,부생가스,5,54
2023-11-22,부생가스,6,54
2023-11-22,부생가스,7,54
2023-11-22,부생가스,8,64
2023-11-22,부생가스,9,141
2023-11-22,부생가스,10,167
2023-11-22,부생가스,11,161
2023-11-22,부생가스,12,172
2023-11-22,부생가스,13,159
2023-11-22,부생가스,14,144
2023-11-22,부생가스,15,183
2023-11-22,부생가스,16,187
2023-11-22,부생가스,17,231
2023-11-22,부생가스,18,143
2023-11-22,부생가스,19,112
2023-11-22,부생가스,20,128
2023-11-22,부생가스,21,86
2023-11-22,부생가스,22,105
2023-11-22,부생가스,23,51
2023-11-22,부생가스,24,50
2023-11-22,수력,1,179
2023-11-22,수력,2,182
2023-11-22,수력,3,184
2023-11-22,수력,4,194
2023-11-22,수력,5,193
2023-11-22,수력,6,123
2023-11-22,수력,7,124
2023-11-22,수력,8,124
2023-11-22,수력,9,333
2023-11-22,수력,10,412
2023-11-22,수력,11,473
2023-11-22,수력,12,457
2023-11-22,수력,13,279
2023-11-22,수력,14,290
2023-11-22,수력,15,280
2023-11-22,수력,16,374
2023-11-22,수력,17,442
2023-11-22,수력,18,415
2023-11-22,수력,19,429
2023-11-22,수력,20,427
2023-11-22,수력,21,397
2023-11-22,수력,22,285
2023-11-22,수력,23,207
2023-11-22,수력,24,185
2023-11-22,양수,1,4
2023-11-22,양수,2,0
2023-11-22,양수,3,0
2023-11-22,양수,4,0
2023-11-22,양수,5,0
2023-11-22,양수,6,0
2023-11-22,양수,7,0
2023-11-22,양수,8,0
2023-11-22,양수,9,0
2023-11-22,양수,10,148
2023-11-22,양수,11,149
2023-11-22,양수,12,1
2023-11-22,양수,13,0
2023-11-22,양수,14,0
2023-11-22,양수,15,0
2023-11-22,양수,16,0
2023-11-22,양수,17,341
2023-11-22,양수,18,1369
2023-11-22,양수,19,1843
2023-11-22,양수,20,2145
2023-11-22,양수,21,2470
2023-11-22,양수,22,2456
2023-11-22,양수,23,1990
2023-11-22,양수,24,444
2023-11-22,매립가스,1,27
2023-11-22,매립가스,2,27
2023-11-22,매립가스,3,28
2023-11-22,매립가스,4,28
2023-11-22,매립가스,5,28
2023-11-22,매립가스,6,28
2023-11-22,매립가스,7,28
2023-11-22,매립가스,8,28
2023-11-22,매립가스,9,28
2023-11-22,매립가스,10,28
2023-11-22,매립가스,11,28
2023-11-22,매립가스,12,28
2023-11-22,매립가스,13,28
2023-11-22,매립가스,14,28
2023-11-22,매립가스,15,28
2023-11-22,매립가스,16,28
2023-11-22,매립가스,17,28
2023-11-22,매립가스,18,28
2023-11-22,매립가스,19,28
2023-11-22,매립가스,20,27
2023-11-22,매립가스,21,27
2023-11-22,매립가스,22,27
2023-11-22,매립가스,23,27
2023-11-22,매립가스,24,27
2023-11-22,중유,1,9
2023-11-22,중유,2,9
2023-11-22,중유,3,8
2023-11-22,중유,4,8
2023-11-22,중유,5,7
2023-11-22,중유,6,8
2023-11-22,중유,7,7
2023-11-22,중유,8,5
2023-11-22,중유,9,6
2023-11-22,중유,10,6
2023-11-22,중유,11,6
2023-11-22,중유,12,6
2023-11-22,중유,13,5
2023-11-22,중유,14,5
2023-11-22,중유,15,5
2023-11-22,중유,16,5
2023-11-22,중유,17,5
2023-11-22,중유,18,5
2023-11-22,중유,19,5
2023-11-22,중유,20,5
2023-11-22,중유,21,6
2023-11-22,중유,22,9
2023-11-22,중유,23,9
2023-11-22,중유,24,8
2023-11-22,태양광,1,5
2023-11-22,태양광,2,1
2023-11-22,태양광,3,1
2023-11-22,태양광,4,1
2023-11-22,태양광,5,1
2023-11-22,태양광,6,0
2023-11-22,태양광,7,0
2023-11-22,태양광,8,98
2023-11-22,태양광,9,1020
2023-11-22,태양광,10,2548
2023-11-22,태양광,11,3329
2023-11-22,태양광,12,3753
2023-11-22,태양광,13,3916
2023-11-22,태양광,14,4016
2023-11-22,태양광,15,3504
2023-11-22,태양광,16,2215
2023-11-22,태양광,17,1220
2023-11-22,태양광,18,818
2023-11-22,태양광,19,899
2023-11-22,태양광,20,809
2023-11-22,태양광,21,484
2023-11-22,태양광,22,200
2023-11-22,태양광,23,86
2023-11-22,태양광,24,22
2023-11-22,폐기물,1,127
2023-11-22,폐기물,2,124
2023-11-22,폐기물,3,127
2023-11-22,폐기물,4,127
2023-11-22,폐기물,5,130
2023-11-22,폐기물,6,128
2023-11-22,폐기물,7,127
2023-11-22,폐기물,8,127
2023-11-22,폐기물,9,126
2023-11-22,폐기물,10,122
2023-11-22,폐기물,11,120
2023-11-22,폐기물,12,119
2023-11-22,폐기물,13,120
2023-11-22,폐기물,14,118
2023-11-22,폐기물,15,118
2023-11-22,폐기물,16,117
2023-11-22,폐기물,17,119
2023-11-22,폐기물,18,119
2023-11-22,폐기물,19,118
2023-11-22,폐기물,20,120
2023-11-22,폐기물,21,117
2023-11-22,폐기물,22,116
2023-11-22,폐기물,23,112
2023-11-22,폐기물,24,111
2023-11-22,풍력,1,487
2023-11-22,풍력,2,492
2023-11-22,풍력,3,490
2023-11-22,풍력,4,502
2023-11-22,풍력,5,510
2023-11-22,풍력,6,510
2023-11-22,풍력,7,483
2023-11-22,풍력,8,398
2023-11-22,풍력,9,314
2023-11-22,풍력,10,273
2023-11-22,풍력,11,222
2023-11-22,풍력,12,216
2023-11-22,풍력,13,209
2023-11-22,풍력,14,273
2023-11-22,풍력,15,325
2023-11-22,풍력,16,348
2023-11-22,풍력,17,307
2023-11-22,풍력,18,381
2023-11-22,풍력,19,482
2023-11-22,풍력,20,575
2023-11-22,풍력,21,656
2023-11-22,풍력,22,729
2023-11-22,풍력,23,767
2023-11-22,풍력,24,866
2023-11-22,LNG,1,17647
2023-11-22,LNG,2,15205
2023-11-22,LNG,3,14732
2023-11-22,LNG,4,14783
2023-11-22,LNG,5,15539
2023-11-22,LNG,6,17128
2023-11-22,LNG,7,19938
2023-11-22,LNG,8,23255
2023-11-22,LNG,9,26281
2023-11-22,LNG,10,23544
2023-11-22,LNG,11,20340
2023-11-22,LNG,12,18426
2023-11-22,LNG,13,17163
2023-11-22,LNG,14,18044
2023-11-22,LNG,15,20119
2023-11-22,LNG,16,22232
2023-11-22,LNG,17,23831
2023-11-22,LNG,18,24044
2023-11-22,LNG,19,23092
2023-11-22,LNG,20,21643
2023-11-22,LNG,21,20280
2023-11-22,LNG,22,18871
2023-11-22,LNG,23,18428
2023-11-22,LNG,24,17590
2023-11-22,연료전지,1,816
2023-11-22,연료전지,2,816
2023-11-22,연료전지,3,815
2023-11-22,연료전지,4,815
2023-11-22,연료전지,5,814
2023-11-22,연료전지,6,814
2023-11-22,연료전지,7,814
2023-11-22,연료전지,8,813
2023-11-22,연료전지,9,813
2023-11-22,연료전지,10,811
2023-11-22,연료전지,11,809
2023-11-22,연료전지,12,809
2023-11-22,연료전지,13,810
2023-11-22,연료전지,14,810
2023-11-22,연료전지,15,810
2023-11-22,연료전지,16,809
2023-11-22,연료전지,17,809
2023-11-22,연료전지,18,811
2023-11-22,연료전지,19,813
2023-11-22,연료전지,20,813
2023-11-22,연료전지,21,814
2023-11-22,연료전지,22,814
2023-11-22,연료전지,23,814
2023-11-22,연료전지,24,815
2023-11-22,경유,1,0
2023-11-22,경유,2,0
2023-11-22,경유,3,0
2023-11-22,경유,4,0
2023-11-22,경유,5,0
2023-11-22,경유,6,0
2023-11-22,경유,7,0
2023-11-22,경유,8,0
2023-11-22,경유,9,0
2023-11-22,경유,10,0
2023-11-22,경유,11,0
2023-11-22,경유,12,0
2023-11-22,경유,13,0
2023-11-22,경유,14,0
2023-11-22,경유,15,0
2023-11-22,경유,16,0
2023-11-22,경유,17,0
2023-11-22,경유,18,0
2023-11-22,경유,19,0
2023-11-22,경유,20,0
2023-11-22,경유,21,0
2023-11-22,경유,22,0
2023-11-22,경유,23,0
2023-11-22,경유,24,0
2023-11-22,해양에너지,1,66
2023-11-22,해양에너지,2,42
2023-11-22,해양에너지,3,10
2023-11-22,해양에너지,4,0
2023-11-22,해양에너지,5,0
2023-11-22,해양에너지,6,0
2023-11-22,해양에너지,7,0
2023-11-22,해양에너지,8,0
2023-11-22,해양에너지,9,0
2023-11-22,해양에너지,10,7
2023-11-22,해양에너지,11,30
2023-11-22,해양에너지,12,57
2023-11-22,해양에너지,13,65
2023-11-22,해양에너지,14,44
2023-11-22,해양에너지,15,6
2023-11-22,해양에너지,16,0
2023-11-22,해양에너지,17,0
2023-11-22,해양에너지,18,0
2023-11-22,해양에너지,19,0
2023-11-22,해양에너지,20,0
2023-11-22,해양에너지,21,0
2023-11-22,해양에너지,22,0
2023-11-22,해양에너지,23,72
2023-11-22,해양에너지,24,95
2023-11-22,바이오매스,1,663
2023-11-22,바이오매스,2,663
2023-11-22,바이오매스,3,659
2023-11-22,바이오매스,4,657
2023-11-22,바이오매스,5,661
2023-11-22,바이오매스,6,662
2023-11-22,바이오매스,7,658
2023-11-22,바이오매스,8,657
2023-11-22,바이오매스,9,659
2023-11-22,바이오매스,10,659
2023-11-22,바이오매스,11,657
2023-11-22,바이오매스,12,659
2023-11-22,바이오매스,13,664
2023-11-22,바이오매스,14,664
2023-11-22,바이오매스,15,664
2023-11-22,바이오매스,16,667
2023-11-22,바이오매스,17,640
2023-11-22,바이오매스,18,638
2023-11-22,바이오매스,19,650
2023-11-22,바이오매스,20,658
2023-11-22,바이오매스,21,665
2023-11-22,바이오매스,22,669
2023-11-22,바이오매스,23,670
2023-11-22,바이오매스,24,671
2023-11-22,IGCC,1,263
2023-11-22,IGCC,2,264
2023-11-22,IGCC,3,263
2023-11-22,IGCC,4,265
2023-11-22,IGCC,5,266
2023-11-22,IGCC,6,265
2023-11-22,IGCC,7,264
2023-11-22,IGCC,8,265
2023-11-22,IGCC,9,264
2023-11-22,IGCC,10,262
2023-11-22,IGCC,11,206
2023-11-22,IGCC,12,251
2023-11-22,IGCC,13,263
2023-11-22,IGCC,14,263
2023-11-22,IGCC,15,262
2023-11-22,IGCC,16,262
2023-11-22,IGCC,17,264
2023-11-22,IGCC,18,265
2023-11-22,IGCC,19,265
2023-11-22,IGCC,20,266
2023-11-22,IGCC,21,266
2023-11-22,IGCC,22,266
2023-11-22,IGCC,23,264
2023-11-22,IGCC,24,264
2023-11-22,바이오중유,1,207
2023-11-22,바이오중유,2,209
2023-11-22,바이오중유,3,213
2023-11-22,바이오중유,4,207
2023-11-22,바이오중유,5,206
2023-11-22,바이오중유,6,206
2023-11-22,바이오중유,7,206
2023-11-22,바이오중유,8,207
2023-11-22,바이오중유,9,207
2023-11-22,바이오중유,10,206
2023-11-22,바이오중유,11,195
2023-11-22,바이오중유,12,148
2023-11-22,바이오중유,13,131
2023-11-22,바이오중유,14,132
2023-11-22,바이오중유,15,180
2023-11-22,바이오중유,16,207
2023-11-22,바이오중유,17,220
2023-11-22,바이오중유,18,205
2023-11-22,바이오중유,19,205
2023-11-22,바이오중유,20,205
2023-11-22,바이오중유,21,205
2023-11-22,바이오중유,22,205
2023-11-22,바이오중유,23,205
2023-11-22,바이오중유,24,205
2023-11-22,바이오기타,1,1
2023-11-22,바이오기타,2,2
2023-11-22,바이오기타,3,2
2023-11-22,바이오기타,4,1
2023-11-22,바이오기타,5,1
2023-11-22,바이오기타,6,1
2023-11-22,바이오기타,7,1
2023-11-22,바이오기타,8,0
2023-11-22,바이오기타,9,0
2023-11-22,바이오기타,10,1
2023-11-22,바이오기타,11,1
2023-11-22,바이오기타,12,2
2023-11-22,바이오기타,13,2
2023-11-22,바이오기타,14,1
2023-11-22,바이오기타,15,1
2023-11-22,바이오기타,16,1
2023-11-22,바이오기타,17,0
2023-11-22,바이오기타,18,0
2023-11-22,바이오기타,19,1
2023-11-22,바이오기타,20,0
2023-11-22,바이오기타,21,0
2023-11-22,바이오기타,22,0
2023-11-22,바이오기타,23,0
2023-11-22,바이오기타,24,0
2023-11-22,기타,1,16
2023-11-22,기타,2,16
2023-11-22,기타,3,16
2023-11-22,기타,4,16
2023-11-22,기타,5,16
2023-11-22,기타,6,16
2023-11-22,기타,7,16
2023-11-22,기타,8,16
2023-11-22,기타,9,16
2023-11-22,기타,10,16
2023-11-22,기타,11,15
2023-11-22,기타,12,16
2023-11-22,기타,13,15
2023-11-22,기타,14,15
2023-11-22,기타,15,16
2023-11-22,기타,16,16
2023-11-22,기타,17,16
2023-11-22,기타,18,16
2023-11-22,기타,19,16
2023-11-22,기타,20,16
2023-11-22,기타,21,16
2023-11-22,기타,22,16
2023-11-22,기타,23,16
2023-11-22,기타,24,16
2023-11-23,원자력,1,20728
2023-11-23,원자력,2,20728
2023-11-23,원자력,3,20728
2023-11-23,원자력,4,20728
2023-11-23,원자력,5,20728
2023-11-23,원자력,6,20728
2023-11-23,원자력,7,20727
2023-11-23,원자력,8,20727
2023-11-23,원자력,9,20725
2023-11-23,원자력,10,20725
2023-11-23,원자력,11,20724
2023-11-23,원자력,12,20729
2023-11-23,원자력,13,20726
2023-11-23,원자력,14,20723
2023-11-23,원자력,15,20722
2023-11-23,원자력,16,20722
2023-11-23,원자력,17,20720
2023-11-23,원자력,18,20717
2023-11-23,원자력,19,20718
2023-11-23,원자력,20,20718
2023-11-23,원자력,21,20719
2023-11-23,원자력,22,20721
2023-11-23,원자력,23,20721
2023-11-23,원자력,24,20723
2023-11-23,유연탄,1,20125
2023-11-23,유연탄,2,19938
2023-11-23,유연탄,3,19923
2023-11-23,유연탄,4,20175
2023-11-23,유연탄,5,20330
2023-11-23,유연탄,6,20001
2023-11-23,유연탄,7,19595
2023-11-23,유연탄,8,20158
2023-11-23,유연탄,9,20616
2023-11-23,유연탄,10,20430
2023-11-23,유연탄,11,19533
2023-11-23,유연탄,12,18987
2023-11-23,유연탄,13,18126
2023-11-23,유연탄,14,19507
2023-11-23,유연탄,15,20286
2023-11-23,유연탄,16,20409
2023-11-23,유연탄,17,20917
2023-11-23,유연탄,18,21163
2023-11-23,유연탄,19,21400
2023-11-23,유연탄,20,21157
2023-11-23,유연탄,21,20800
2023-11-23,유연탄,22,20643
2023-11-23,유연탄,23,21296
2023-11-23,유연탄,24,21509
2023-11-23,무연탄,1,159
2023-11-23,무연탄,2,159
2023-11-23,무연탄,3,159
2023-11-23,무연탄,4,158
2023-11-23,무연탄,5,158
2023-11-23,무연탄,6,158
2023-11-23,무연탄,7,161
2023-11-23,무연탄,8,159
2023-11-23,무연탄,9,164
2023-11-23,무연탄,10,169
2023-11-23,무연탄,11,168
2023-11-23,무연탄,12,168
2023-11-23,무연탄,13,168
2023-11-23,무연탄,14,168
2023-11-23,무연탄,15,168
2023-11-23,무연탄,16,168
2023-11-23,무연탄,17,168
2023-11-23,무연탄,18,168
2023-11-23,무연탄,19,167
2023-11-23,무연탄,20,168
2023-11-23,무연탄,21,161
2023-11-23,무연탄,22,155
2023-11-23,무연탄,23,154
2023-11-23,무연탄,24,155
2023-11-23,바이오가스,1,32
2023-11-23,바이오가스,2,31
2023-11-23,바이오가스,3,32
2023-11-23,바이오가스,4,33
2023-11-23,바이오가스,5,32
2023-11-23,바이오가스,6,31
2023-11-23,바이오가스,7,33
2023-11-23,바이오가스,8,31
2023-11-23,바이오가스,9,30
2023-11-23,바이오가스,10,32
2023-11-23,바이오가스,11,34
2023-11-23,바이오가스,12,33
2023-11-23,바이오가스,13,33
2023-11-23,바이오가스,14,32
2023-11-23,바이오가스,15,30
2023-11-23,바이오가스,16,29
2023-11-23,바이오가스,17,31
2023-11-23,바이오가스,18,33
2023-11-23,바이오가스,19,33
2023-11-23,바이오가스,20,33
2023-11-23,바이오가스,21,32
2023-11-23,바이오가스,22,32
2023-11-23,바이오가스,23,31
2023-11-23,바이오가스,24,28
2023-11-23,부생가스,1,50
2023-11-23,부생가스,2,50
2023-11-23,부생가스,3,50
2023-11-23,부생가스,4,50
2023-11-23,부생가스,5,49
2023-11-23,부생가스,6,49
2023-11-23,부생가스,7,49
2023-11-23,부생가스,8,49
2023-11-23,부생가스,9,125
2023-11-23,부생가스,10,92
2023-11-23,부생가스,11,124
2023-11-23,부생가스,12,133
2023-11-23,부생가스,13,162
2023-11-23,부생가스,14,240
2023-11-23,부생가스,15,239
2023-11-23,부생가스,16,196
2023-11-23,부생가스,17,145
2023-11-23,부생가스,18,109
2023-11-23,부생가스,19,86
2023-11-23,부생가스,20,74
2023-11-23,부생가스,21,118
2023-11-23,부생가스,22,90
2023-11-23,부생가스,23,66
2023-11-23,부생가스,24,53
2023-11-23,수력,1,182
2023-11-23,수력,2,182
2023-11-23,수력,3,183
2023-11-23,수력,4,184
2023-11-23,수력,5,187
2023-11-23,수력,6,119
2023-11-23,수력,7,130
2023-11-23,수력,8,131
2023-11-23,수력,9,394
2023-11-23,수력,10,443
2023-11-23,수력,11,488
2023-11-23,수력,12,451
2023-11-23,수력,13,290
2023-11-23,수력,14,317
2023-11-23,수력,15,328
2023-11-23,수력,16,459
2023-11-23,수력,17,443
2023-11-23,수력,18,402
2023-11-23,수력,19,441
2023-11-23,수력,20,409
2023-11-23,수력,21,340
2023-11-23,수력,22,201
2023-11-23,수력,23,189
2023-11-23,수력,24,190
2023-11-23,양수,1,0
2023-11-23,양수,2,0
2023-11-23,양수,3,0
2023-11-23,양수,4,0
2023-11-23,양수,5,0
2023-11-23,양수,6,0
2023-11-23,양수,7,0
2023-11-23,양수,8,0
2023-11-23,양수,9,0
2023-11-23,양수,10,81
2023-11-23,양수,11,246
2023-11-23,양수,12,6
2023-11-23,양수,13,0
2023-11-23,양수,14,0
2023-11-23,양수,15,0
2023-11-23,양수,16,224
2023-11-23,양수,17,257
2023-11-23,양수,18,1116
2023-11-23,양수,19,1438
2023-11-23,양수,20,1742
2023-11-23,양수,21,1523
2023-11-23,양수,22,1593
2023-11-23,양수,23,1578
2023-11-23,양수,24,1080
2023-11-23,매립가스,1,27
2023-11-23,매립가스,2,27
2023-11-23,매립가스,3,27
2023-11-23,매립가스,4,27
2023-11-23,매립가스,5,27
2023-11-23,매립가스,6,27
2023-11-23,매립가스,7,27
2023-11-23,매립가스,8,27
2023-11-23,매립가스,9,27
2023-11-23,매립가스,10,27
2023-11-23,매립가스,11,27
2023-11-23,매립가스,12,27
2023-11-23,매립가스,13,27
2023-11-23,매립가스,14,27
2023-11-23,매립가스,15,27
2023-11-23,매립가스,16,27
2023-11-23,매립가스,17,27
2023-11-23,매립가스,18,27
2023-11-23,매립가스,19,27
2023-11-23,매립가스,20,26
2023-11-23,매립가스,21,26
2023-11-23,매립가스,22,25
2023-11-23,매립가스,23,25
2023-11-23,매립가스,24,26
2023-11-23,중유,1,8
2023-11-23,중유,2,8
2023-11-23,중유,3,8
2023-11-23,중유,4,8
2023-11-23,중유,5,8
2023-11-23,중유,6,8
2023-11-23,중유,7,8
2023-11-23,중유,8,8
2023-11-23,중유,9,7
2023-11-23,중유,10,7
2023-11-23,중유,11,10
2023-11-23,중유,12,16
2023-11-23,중유,13,20
2023-11-23,중유,14,25
2023-11-23,중유,15,29
2023-11-23,중유,16,30
2023-11-23,중유,17,30
2023-11-23,중유,18,30
2023-11-23,중유,19,30
2023-11-23,중유,20,31
2023-11-23,중유,21,30
2023-11-23,중유,22,30
2023-11-23,중유,23,31
2023-11-23,중유,24,30
2023-11-23,태양광,1,5
2023-11-23,태양광,2,2
2023-11-23,태양광,3,1
2023-11-23,태양광,4,1
2023-11-23,태양광,5,0
2023-11-23,태양광,6,0
2023-11-23,태양광,7,0
2023-11-23,태양광,8,58
2023-11-23,태양광,9,625
2023-11-23,태양광,10,1654
2023-11-23,태양광,11,2597
2023-11-23,태양광,12,3215
2023-11-23,태양광,13,3420
2023-11-23,태양광,14,3176
2023-11-23,태양광,15,2498
2023-11-23,태양광,16,1589
2023-11-23,태양광,17,1107
2023-11-23,태양광,18,821
2023-11-23,태양광,19,870
2023-11-23,태양광,20,555
2023-11-23,태양광,21,280
2023-11-23,태양광,22,146
2023-11-23,태양광,23,56
2023-11-23,태양광,24,13
2023-11-23,폐기물,1,112
2023-11-23,폐기물,2,111
2023-11-23,폐기물,3,111
2023-11-23,폐기물,4,108
2023-11-23,폐기물,5,111
2023-11-23,폐기물,6,112
2023-11-23,폐기물,7,109
2023-11-23,폐기물,8,112
2023-11-23,폐기물,9,115
2023-11-23,폐기물,10,116
2023-11-23,폐기물,11,114
2023-11-23,폐기물,12,111
2023-11-23,폐기물,13,112
2023-11-23,폐기물,14,111
2023-11-23,폐기물,15,110
2023-11-23,폐기물,16,112
2023-11-23,폐기물,17,112
2023-11-23,폐기물,18,117
2023-11-23,폐기물,19,118
2023-11-23,폐기물,20,117
2023-11-23,폐기물,21,116
2023-11-23,폐기물,22,119
2023-11-23,폐기물,23,119
2023-11-23,폐기물,24,118
2023-11-23,풍력,1,926
2023-11-23,풍력,2,965
2023-11-23,풍력,3,908
2023-11-23,풍력,4,864
2023-11-23,풍력,5,803
2023-11-23,풍력,6,737
2023-11-23,풍력,7,703
2023-11-23,풍력,8,697
2023-11-23,풍력,9,709
2023-11-23,풍력,10,728
2023-11-23,풍력,11,706
2023-11-23,풍력,12,625
2023-11-23,풍력,13,564
2023-11-23,풍력,14,564
2023-11-23,풍력,15,652
2023-11-23,풍력,16,735
2023-11-23,풍력,17,855
2023-11-23,풍력,18,996
2023-11-23,풍력,19,1188
2023-11-23,풍력,20,1268
2023-11-23,풍력,21,1369
2023-11-23,풍력,22,1401
2023-11-23,풍력,23,1383
2023-11-23,풍력,24,1412
2023-11-23,LNG,1,14206
2023-11-23,LNG,2,12761
2023-11-23,LNG,3,12394
2023-11-23,LNG,4,12349
2023-11-23,LNG,5,12693
2023-11-23,LNG,6,13822
2023-11-23,LNG,7,16637
2023-11-23,LNG,8,20033
2023-11-23,LNG,9,22651
2023-11-23,LNG,10,21029
2023-11-23,LNG,11,18267
2023-11-23,LNG,12,16097
2023-11-23,LNG,13,14749
2023-11-23,LNG,14,15411
2023-11-23,LNG,15,17037
2023-11-23,LNG,16,19979
2023-11-23,LNG,17,21871
2023-11-23,LNG,18,21942
2023-11-23,LNG,19,20692
2023-11-23,LNG,20,19770
2023-11-23,LNG,21,18591
2023-11-23,LNG,22,17157
2023-11-23,LNG,23,16558
2023-11-23,LNG,24,15911
2023-11-23,연료전지,1,815
2023-11-23,연료전지,2,815
2023-11-23,연료전지,3,814
2023-11-23,연료전지,4,814
2023-11-23,연료전지,5,813
2023-11-23,연료전지,6,813
2023-11-23,연료전지,7,813
2023-11-23,연료전지,8,813
2023-11-23,연료전지,9,813
2023-11-23,연료전지,10,812
2023-11-23,연료전지,11,811
2023-11-23,연료전지,12,810
2023-11-23,연료전지,13,810
2023-11-23,연료전지,14,809
2023-11-23,연료전지,15,810
2023-11-23,연료전지,16,811
2023-11-23,연료전지,17,813
2023-11-23,연료전지,18,814
2023-11-23,연료전지,19,814
2023-11-23,연료전지,20,816
2023-11-23,연료전지,21,816
2023-11-23,연료전지,22,816
2023-11-23,연료전지,23,816
2023-11-23,연료전지,24,817
2023-11-23,경유,1,0
2023-11-23,경유,2,0
2023-11-23,경유,3,0
2023-11-23,경유,4,0
2023-11-23,경유,5,0
2023-11-23,경유,6,0
2023-11-23,경유,7,0
2023-11-23,경유,8,0
2023-11-23,경유,9,0
2023-11-23,경유,10,0
2023-11-23,경유,11,0
2023-11-23,경유,12,0
2023-11-23,경유,13,0
2023-11-23,경유,14,0
2023-11-23,경유,15,0
2023-11-23,경유,16,0
2023-11-23,경유,17,0
2023-11-23,경유,18,0
2023-11-23,경유,19,0
2023-11-23,경유,20,0
2023-11-23,경유,21,0
2023-11-23,경유,22,0
2023-11-23,경유,23,0
2023-11-23,경유,24,0
2023-11-23,해양에너지,1,98
2023-11-23,해양에너지,2,86
2023-11-23,해양에너지,3,58
2023-11-23,해양에너지,4,12
2023-11-23,해양에너지,5,0
2023-11-23,해양에너지,6,0
2023-11-23,해양에너지,7,0
2023-11-23,해양에너지,8,0
2023-11-23,해양에너지,9,0
2023-11-23,해양에너지,10,0
2023-11-23,해양에너지,11,16
2023-11-23,해양에너지,12,43
2023-11-23,해양에너지,13,87
2023-11-23,해양에너지,14,99
2023-11-23,해양에너지,15,82
2023-11-23,해양에너지,16,45
2023-11-23,해양에너지,17,8
2023-11-23,해양에너지,18,0
2023-11-23,해양에너지,19,0
2023-11-23,해양에너지,20,0
2023-11-23,해양에너지,21,0
2023-11-23,해양에너지,22,0
2023-11-23,해양에너지,23,0
2023-11-23,해양에너지,24,58
2023-11-23,바이오매스,1,672
2023-11-23,바이오매스,2,673
2023-11-23,바이오매스,3,672
2023-11-23,바이오매스,4,671
2023-11-23,바이오매스,5,672
2023-11-23,바이오매스,6,673
2023-11-23,바이오매스,7,670
2023-11-23,바이오매스,8,669
2023-11-23,바이오매스,9,671
2023-11-23,바이오매스,10,671
2023-11-23,바이오매스,11,678
2023-11-23,바이오매스,12,676
2023-11-23,바이오매스,13,679
2023-11-23,바이오매스,14,679
2023-11-23,바이오매스,15,680
2023-11-23,바이오매스,16,679
2023-11-23,바이오매스,17,678
2023-11-23,바이오매스,18,680
2023-11-23,바이오매스,19,679
2023-11-23,바이오매스,20,680
2023-11-23,바이오매스,21,678
2023-11-23,바이오매스,22,679
2023-11-23,바이오매스,23,680
2023-11-23,바이오매스,24,680
2023-11-23,IGCC,1,266
2023-11-23,IGCC,2,265
2023-11-23,IGCC,3,263
2023-11-23,IGCC,4,264
2023-11-23,IGCC,5,265
2023-11-23,IGCC,6,266
2023-11-23,IGCC,7,262
2023-11-23,IGCC,8,219
2023-11-23,IGCC,9,210
2023-11-23,IGCC,10,208
2023-11-23,IGCC,11,208
2023-11-23,IGCC,12,221
2023-11-23,IGCC,13,260
2023-11-23,IGCC,14,263
2023-11-23,IGCC,15,265
2023-11-23,IGCC,16,267
2023-11-23,IGCC,17,269
2023-11-23,IGCC,18,269
2023-11-23,IGCC,19,268
2023-11-23,IGCC,20,268
2023-11-23,IGCC,21,266
2023-11-23,IGCC,22,265
2023-11-23,IGCC,23,263
2023-11-23,IGCC,24,263
2023-11-23,바이오중유,1,205
2023-11-23,바이오중유,2,205
2023-11-23,바이오중유,3,205
2023-11-23,바이오중유,4,205
2023-11-23,바이오중유,5,205
2023-11-23,바이오중유,6,205
2023-11-23,바이오중유,7,205
2023-11-23,바이오중유,8,205
2023-11-23,바이오중유,9,205
2023-11-23,바이오중유,10,205
2023-11-23,바이오중유,11,202
2023-11-23,바이오중유,12,154
2023-11-23,바이오중유,13,147
2023-11-23,바이오중유,14,195
2023-11-23,바이오중유,15,201
2023-11-23,바이오중유,16,205
2023-11-23,바이오중유,17,205
2023-11-23,바이오중유,18,205
2023-11-23,바이오중유,19,205
2023-11-23,바이오중유,20,205
2023-11-23,바이오중유,21,205
2023-11-23,바이오중유,22,205
2023-11-23,바이오중유,23,205
2023-11-23,바이오중유,24,206
2023-11-23,바이오기타,1,0
2023-11-23,바이오기타,2,1
2023-11-23,바이오기타,3,1
2023-11-23,바이오기타,4,1
2023-11-23,바이오기타,5,1
2023-11-23,바이오기타,6,1
2023-11-23,바이오기타,7,1
2023-11-23,바이오기타,8,1
2023-11-23,바이오기타,9,1
2023-11-23,바이오기타,10,0
2023-11-23,바이오기타,11,0
2023-11-23,바이오기타,12,1
2023-11-23,바이오기타,13,1
2023-11-23,바이오기타,14,0
2023-11-23,바이오기타,15,0
2023-11-23,바이오기타,16,0
2023-11-23,바이오기타,17,0
2023-11-23,바이오기타,18,2
2023-11-23,바이오기타,19,3
2023-11-23,바이오기타,20,3
2023-11-23,바이오기타,21,3
2023-11-23,바이오기타,22,3
2023-11-23,바이오기타,23,3
2023-11-23,바이오기타,24,4
2023-11-23,기타,1,16
2023-11-23,기타,2,16
2023-11-23,기타,3,16
2023-11-23,기타,4,16
2023-11-23,기타,5,16
2023-11-23,기타,6,16
2023-11-23,기타,7,16
2023-11-23,기타,8,16
2023-11-23,기타,9,16
2023-11-23,기타,10,16
2023-11-23,기타,11,16
2023-11-23,기타,12,16
2023-11-23,기타,13,16
2023-11-23,기타,14,16
2023-11-23,기타,15,15
2023-11-23,기타,16,15
2023-11-23,기타,17,15
2023-11-23,기타,18,16
2023-11-23,기타,19,15
2023-11-23,기타,20,16
2023-11-23,기타,21,16
2023-11-23,기타,22,15
2023-11-23,기타,23,15
2023-11-23,기타,24,16
2023-11-24,원자력,1,20724
2023-11-24,원자력,2,20723
2023-11-24,원자력,3,20724
2023-11-24,원자력,4,20724
2023-11-24,원자력,5,20724
2023-11-24,원자력,6,20722
2023-11-24,원자력,7,20721
2023-11-24,원자력,8,20720
2023-11-24,원자력,9,20718
2023-11-24,원자력,10,20717
2023-11-24,원자력,11,20716
2023-11-24,원자력,12,20714
2023-11-24,원자력,13,20722
2023-11-24,원자력,14,20720
2023-11-24,원자력,15,20723
2023-11-24,원자력,16,20723
2023-11-24,원자력,17,20721
2023-11-24,원자력,18,20719
2023-11-24,원자력,19,20718
2023-11-24,원자력,20,20719
2023-11-24,원자력,21,20719
2023-11-24,원자력,22,20718
2023-11-24,원자력,23,20718
2023-11-24,원자력,24,20715
2023-11-24,유연탄,1,21216
2023-11-24,유연탄,2,20663
2023-11-24,유연탄,3,20187
2023-11-24,유연탄,4,20884
2023-11-24,유연탄,5,21109
2023-11-24,유연탄,6,20760
2023-11-24,유연탄,7,21469
2023-11-24,유연탄,8,21626
2023-11-24,유연탄,9,21559
2023-11-24,유연탄,10,21988
2023-11-24,유연탄,11,22127
2023-11-24,유연탄,12,21292
2023-11-24,유연탄,13,19865
2023-11-24,유연탄,14,20854
2023-11-24,유연탄,15,21560
2023-11-24,유연탄,16,21663
2023-11-24,유연탄,17,22236
2023-11-24,유연탄,18,22391
2023-11-24,유연탄,19,22365
2023-11-24,유연탄,20,22303
2023-11-24,유연탄,21,21648
2023-11-24,유연탄,22,21029
2023-11-24,유연탄,23,21403
2023-11-24,유연탄,24,22374
2023-11-24,무연탄,1,156
2023-11-24,무연탄,2,160
2023-11-24,무연탄,3,158
2023-11-24,무연탄,4,157
2023-11-24,무연탄,5,157
2023-11-24,무연탄,6,156
2023-11-24,무연탄,7,160
2023-11-24,무연탄,8,166
2023-11-24,무연탄,9,168
2023-11-24,무연탄,10,167
2023-11-24,무연탄,11,167
2023-11-24,무연탄,12,167
2023-11-24,무연탄,13,167
2023-11-24,무연탄,14,167
2023-11-24,무연탄,15,168
2023-11-24,무연탄,16,169
2023-11-24,무연탄,17,168
2023-11-24,무연탄,18,168
2023-11-24,무연탄,19,168
2023-11-24,무연탄,20,167
2023-11-24,무연탄,21,166
2023-11-24,무연탄,22,158
2023-11-24,무연탄,23,154
2023-11-24,무연탄,24,153
2023-11-24,바이오가스,1,31
2023-11-24,바이오가스,2,30
2023-11-24,바이오가스,3,31
2023-11-24,바이오가스,4,31
2023-11-24,바이오가스,5,30
2023-11-24,바이오가스,6,27
2023-11-24,바이오가스,7,31
2023-11-24,바이오가스,8,31
2023-11-24,바이오가스,9,30
2023-11-24,바이오가스,10,29
2023-11-24,바이오가스,11,30
2023-11-24,바이오가스,12,31
2023-11-24,바이오가스,13,31
2023-11-24,바이오가스,14,32
2023-11-24,바이오가스,15,31
2023-11-24,바이오가스,16,32
2023-11-24,바이오가스,17,32
2023-11-24,바이오가스,18,32
2023-11-24,바이오가스,19,32
2023-11-24,바이오가스,20,32
2023-11-24,바이오가스,21,33
2023-11-24,바이오가스,22,33
2023-11-24,바이오가스,23,30
2023-11-24,바이오가스,24,29
2023-11-24,부생가스,1,53
2023-11-24,부생가스,2,54
2023-11-24,부생가스,3,54
2023-11-24,부생가스,4,55
2023-11-24,부생가스,5,55
2023-11-24,부생가스,6,55
2023-11-24,부생가스,7,55
2023-11-24,부생가스,8,57
2023-11-24,부생가스,9,57
2023-11-24,부생가스,10,76
2023-11-24,부생가스,11,113
2023-11-24,부생가스,12,71
2023-11-24,부생가스,13,89
2023-11-24,부생가스,14,126
2023-11-24,부생가스,15,165
2023-11-24,부생가스,16,168
2023-11-24,부생가스,17,116
2023-11-24,부생가스,18,117
2023-11-24,부생가스,19,78
2023-11-24,부생가스,20,57
2023-11-24,부생가스,21,63
2023-11-24,부생가스,22,57
2023-11-24,부생가스,23,56
2023-11-24,부생가스,24,56
2023-11-24,수력,1,183
2023-11-24,수력,2,182
2023-11-24,수력,3,181
2023-11-24,수력,4,181
2023-11-24,수력,5,185
2023-11-24,수력,6,121
2023-11-24,수력,7,121
2023-11-24,수력,8,126
2023-11-24,수력,9,343
2023-11-24,수력,10,483
2023-11-24,수력,11,525
2023-11-24,수력,12,441
2023-11-24,수력,13,288
2023-11-24,수력,14,308
2023-11-24,수력,15,332
2023-11-24,수력,16,327
2023-11-24,수력,17,468
2023-11-24,수력,18,438
2023-11-24,수력,19,521
2023-11-24,수력,20,522
2023-11-24,수력,21,421
2023-11-24,수력,22,200
2023-11-24,수력,23,114
2023-11-24,수력,24,107
2023-11-24,양수,1,178
2023-11-24,양수,2,0
2023-11-24,양수,3,0
2023-11-24,양수,4,0
2023-11-24,양수,5,0
2023-11-24,양수,6,0
2023-11-24,양수,7,0
2023-11-24,양수,8,0
2023-11-24,양수,9,128
2023-11-24,양수,10,123
2023-11-24,양수,11,0
2023-11-24,양수,12,0
2023-11-24,양수,13,0
2023-11-24,양수,14,0
2023-11-24,양수,15,0
2023-11-24,양수,16,0
2023-11-24,양수,17,70
2023-11-24,양수,18,893
2023-11-24,양수,19,1593
2023-11-24,양수,20,2049
2023-11-24,양수,21,2025
2023-11-24,양수,22,1995
2023-11-24,양수,23,2191
2023-11-24,양수,24,1827
2023-11-24,매립가스,1,27
2023-11-24,매립가스,2,27
2023-11-24,매립가스,3,27
2023-11-24,매립가스,4,27
2023-11-24,매립가스,5,27
2023-11-24,매립가스,6,27
2023-11-24,매립가스,7,27
2023-11-24,매립가스,8,27
2023-11-24,매립가스,9,27
2023-11-24,매립가스,10,26
2023-11-24,매립가스,11,27
2023-11-24,매립가스,12,27
2023-11-24,매립가스,13,27
2023-11-24,매립가스,14,27
2023-11-24,매립가스,15,27
2023-11-24,매립가스,16,27
2023-11-24,매립가스,17,26
2023-11-24,매립가스,18,26
2023-11-24,매립가스,19,26
2023-11-24,매립가스,20,26
2023-11-24,매립가스,21,26
2023-11-24,매립가스,22,26
2023-11-24,매립가스,23,26
2023-11-24,매립가스,24,26
2023-11-24,중유,1,30
2023-11-24,중유,2,30
2023-11-24,중유,3,30
2023-11-24,중유,4,29
2023-11-24,중유,5,30
2023-11-24,중유,6,31
2023-11-24,중유,7,31
2023-11-24,중유,8,29
2023-11-24,중유,9,29
2023-11-24,중유,10,30
2023-11-24,중유,11,31
2023-11-24,중유,12,30
2023-11-24,중유,13,29
2023-11-24,중유,14,29
2023-11-24,중유,15,30
2023-11-24,중유,16,29
2023-11-24,중유,17,29
2023-11-24,중유,18,29
2023-11-24,중유,19,30
2023-11-24,중유,20,29
2023-11-24,중유,21,29
2023-11-24,중유,22,29
2023-11-24,중유,23,30
2023-11-24,중유,24,31
2023-11-24,태양광,1,3
2023-11-24,태양광,2,1
2023-11-24,태양광,3,0
2023-11-24,태양광,4,0
2023-11-24,태양광,5,0
2023-11-24,태양광,6,0
2023-11-24,태양광,7,0
2023-11-24,태양광,8,60
2023-11-24,태양광,9,701
2023-11-24,태양광,10,1768
2023-11-24,태양광,11,2463
2023-11-24,태양광,12,2945
2023-11-24,태양광,13,3172
2023-11-24,태양광,14,3023
2023-11-24,태양광,15,2446
2023-11-24,태양광,16,1666
2023-11-24,태양광,17,1143
2023-11-24,태양광,18,783
2023-11-24,태양광,19,608
2023-11-24,태양광,20,382
2023-11-24,태양광,21,248
2023-11-24,태양광,22,138
2023-11-24,태양광,23,60
2023-11-24,태양광,24,17
2023-11-24,폐기물,1,122
2023-11-24,폐기물,2,123
2023-11-24,폐기물,3,122
2023-11-24,폐기물,4,119
2023-11-24,폐기물,5,119
2023-11-24,폐기물,6,118
2023-11-24,폐기물,7,116
2023-11-24,폐기물,8,113
2023-11-24,폐기물,9,114
2023-11-24,폐기물,10,115
2023-11-24,폐기물,11,114
2023-11-24,폐기물,12,113
2023-11-24,폐기물,13,111
2023-11-24,폐기물,14,110
2023-11-24,폐기물,15,113
2023-11-24,폐기물,16,111
2023-11-24,폐기물,17,110
2023-11-24,폐기물,18,109
2023-11-24,폐기물,19,107
2023-11-24,폐기물,20,111
2023-11-24,폐기물,21,112
2023-11-24,폐기물,22,111
2023-11-24,폐기물,23,110
2023-11-24,폐기물,24,112
2023-11-24,풍력,1,1382
2023-11-24,풍력,2,1358
2023-11-24,풍력,3,1344
2023-11-24,풍력,4,1325
2023-11-24,풍력,5,1282
2023-11-24,풍력,6,1293
2023-11-24,풍력,7,1298
2023-11-24,풍력,8,1282
2023-11-24,풍력,9,1282
2023-11-24,풍력,10,1267
2023-11-24,풍력,11,1216
2023-11-24,풍력,12,1183
2023-11-24,풍력,13,1167
2023-11-24,풍력,14,1166
2023-11-24,풍력,15,1163
2023-11-24,풍력,16,1133
2023-11-24,풍력,17,1131
2023-11-24,풍력,18,1120
2023-11-24,풍력,19,1131
2023-11-24,풍력,20,1128
2023-11-24,풍력,21,1022
2023-11-24,풍력,22,980
2023-11-24,풍력,23,905
2023-11-24,풍력,24,724
2023-11-24,LNG,1,13455
2023-11-24,LNG,2,11998
2023-11-24,LNG,3,12009
2023-11-24,LNG,4,12293
2023-11-24,LNG,5,12859
2023-11-24,LNG,6,14601
2023-11-24,LNG,7,17606
2023-11-24,LNG,8,21417
2023-11-24,LNG,9,24155
2023-11-24,LNG,10,22474
2023-11-24,LNG,11,20187
2023-11-24,LNG,12,18661
2023-11-24,LNG,13,17897
2023-11-24,LNG,14,18856
2023-11-24,LNG,15,19743
2023-11-24,LNG,16,22454
2023-11-24,LNG,17,24619
2023-11-24,LNG,18,24605
2023-11-24,LNG,19,22607
2023-11-24,LNG,20,21010
2023-11-24,LNG,21,20170
2023-11-24,LNG,22,19127
2023-11-24,LNG,23,18495
2023-11-24,LNG,24,17489
2023-11-24,연료전지,1,817
2023-11-24,연료전지,2,817
2023-11-24,연료전지,3,816
2023-11-24,연료전지,4,815
2023-11-24,연료전지,5,814
2023-11-24,연료전지,6,815
2023-11-24,연료전지,7,815
2023-11-24,연료전지,8,815
2023-11-24,연료전지,9,812
2023-11-24,연료전지,10,810
2023-11-24,연료전지,11,810
2023-11-24,연료전지,12,809
2023-11-24,연료전지,13,809
2023-11-24,연료전지,14,810
2023-11-24,연료전지,15,811
2023-11-24,연료전지,16,814
2023-11-24,연료전지,17,818
2023-11-24,연료전지,18,819
2023-11-24,연료전지,19,821
2023-11-24,연료전지,20,822
2023-11-24,연료전지,21,822
2023-11-24,연료전지,22,823
2023-11-24,연료전지,23,822
2023-11-24,연료전지,24,823
2023-11-24,경유,1,0
2023-11-24,경유,2,0
2023-11-24,경유,3,0
2023-11-24,경유,4,0
2023-11-24,경유,5,0
2023-11-24,경유,6,0
2023-11-24,경유,7,0
2023-11-24,경유,8,0
2023-11-24,경유,9,0
2023-11-24,경유,10,0
2023-11-24,경유,11,0
2023-11-24,경유,12,0
2023-11-24,경유,13,0
2023-11-24,경유,14,0
2023-11-24,경유,15,0
2023-11-24,경유,16,0
2023-11-24,경유,17,0
2023-11-24,경유,18,0
2023-11-24,경유,19,0
2023-11-24,경유,20,0
2023-11-24,경유,21,0
2023-11-24,경유,22,0
2023-11-24,경유,23,0
2023-11-24,경유,24,0
2023-11-24,해양에너지,1,88
2023-11-24,해양에너지,2,96
2023-11-24,해양에너지,3,84
2023-11-24,해양에너지,4,51
2023-11-24,해양에너지,5,12
2023-11-24,해양에너지,6,0
2023-11-24,해양에너지,7,0
2023-11-24,해양에너지,8,0
2023-11-24,해양에너지,9,0
2023-11-24,해양에너지,10,0
2023-11-24,해양에너지,11,0
2023-11-24,해양에너지,12,56
2023-11-24,해양에너지,13,118
2023-11-24,해양에너지,14,156
2023-11-24,해양에너지,15,159
2023-11-24,해양에너지,16,127
2023-11-24,해양에너지,17,68
2023-11-24,해양에너지,18,11
2023-11-24,해양에너지,19,0
2023-11-24,해양에너지,20,0
2023-11-24,해양에너지,21,0
2023-11-24,해양에너지,22,0
2023-11-24,해양에너지,23,0
2023-11-24,해양에너지,24,13
2023-11-24,바이오매스,1,679
2023-11-24,바이오매스,2,681
2023-11-24,바이오매스,3,681
2023-11-24,바이오매스,4,682
2023-11-24,바이오매스,5,681
2023-11-24,바이오매스,6,678
2023-11-24,바이오매스,7,677
2023-11-24,바이오매스,8,679
2023-11-24,바이오매스,9,677
2023-11-24,바이오매스,10,676
2023-11-24,바이오매스,11,675
2023-11-24,바이오매스,12,671
2023-11-24,바이오매스,13,672
2023-11-24,바이오매스,14,674
2023-11-24,바이오매스,15,676
2023-11-24,바이오매스,16,678
2023-11-24,바이오매스,17,676
2023-11-24,바이오매스,18,678
2023-11-24,바이오매스,19,677
2023-11-24,바이오매스,20,678
2023-11-24,바이오매스,21,677
2023-11-24,바이오매스,22,677
2023-11-24,바이오매스,23,679
2023-11-24,바이오매스,24,679
2023-11-24,IGCC,1,262
2023-11-24,IGCC,2,263
2023-11-24,IGCC,3,261
2023-11-24,IGCC,4,262
2023-11-24,IGCC,5,262
2023-11-24,IGCC,6,262
2023-11-24,IGCC,7,262
2023-11-24,IGCC,8,264
2023-11-24,IGCC,9,263
2023-11-24,IGCC,10,257
2023-11-24,IGCC,11,190
2023-11-24,IGCC,12,246
2023-11-24,IGCC,13,264
2023-11-24,IGCC,14,262
2023-11-24,IGCC,15,259
2023-11-24,IGCC,16,262
2023-11-24,IGCC,17,262
2023-11-24,IGCC,18,260
2023-11-24,IGCC,19,259
2023-11-24,IGCC,20,261
2023-11-24,IGCC,21,262
2023-11-24,IGCC,22,262
2023-11-24,IGCC,23,260
2023-11-24,IGCC,24,260
2023-11-24,바이오중유,1,205
2023-11-24,바이오중유,2,205
2023-11-24,바이오중유,3,205
2023-11-24,바이오중유,4,205
2023-11-24,바이오중유,5,205
2023-11-24,바이오중유,6,205
2023-11-24,바이오중유,7,205
2023-11-24,바이오중유,8,205
2023-11-24,바이오중유,9,205
2023-11-24,바이오중유,10,205
2023-11-24,바이오중유,11,205
2023-11-24,바이오중유,12,205
2023-11-24,바이오중유,13,205
2023-11-24,바이오중유,14,205
2023-11-24,바이오중유,15,205
2023-11-24,바이오중유,16,205
2023-11-24,바이오중유,17,205
2023-11-24,바이오중유,18,205
2023-11-24,바이오중유,19,205
2023-11-24,바이오중유,20,205
2023-11-24,바이오중유,21,205
2023-11-24,바이오중유,22,205
2023-11-24,바이오중유,23,205
2023-11-24,바이오중유,24,206
2023-11-24,바이오기타,1,4
2023-11-24,바이오기타,2,3
2023-11-24,바이오기타,3,4
2023-11-24,바이오기타,4,3
2023-11-24,바이오기타,5,3
2023-11-24,바이오기타,6,3
2023-11-24,바이오기타,7,4
2023-11-24,바이오기타,8,4
2023-11-24,바이오기타,9,3
2023-11-24,바이오기타,10,3
2023-11-24,바이오기타,11,3
2023-11-24,바이오기타,12,3
2023-11-24,바이오기타,13,3
2023-11-24,바이오기타,14,3
2023-11-24,바이오기타,15,2
2023-11-24,바이오기타,16,2
2023-11-24,바이오기타,17,3
2023-11-24,바이오기타,18,2
2023-11-24,바이오기타,19,0
2023-11-24,바이오기타,20,1
2023-11-24,바이오기타,21,0
2023-11-24,바이오기타,22,0
2023-11-24,바이오기타,23,1
2023-11-24,바이오기타,24,1
2023-11-24,기타,1,16
2023-11-24,기타,2,16
2023-11-24,기타,3,16
2023-11-24,기타,4,16
2023-11-24,기타,5,16
2023-11-24,기타,6,16
2023-11-24,기타,7,16
2023-11-24,기타,8,15
2023-11-24,기타,9,15
2023-11-24,기타,10,16
2023-11-24,기타,11,17
2023-11-24,기타,12,17
2023-11-24,기타,13,16
2023-11-24,기타,14,15
2023-11-24,기타,15,15
2023-11-24,기타,16,16
2023-11-24,기타,17,16
2023-11-24,기타,18,16
2023-11-24,기타,19,15
2023-11-24,기타,20,15
2023-11-24,기타,21,15
2023-11-24,기타,22,15
2023-11-24,기타,23,15
2023-11-24,기타,24,16
2023-11-25,원자력,1,20716
2023-11-25,원자력,2,20717
2023-11-25,원자력,3,20717
2023-11-25,원자력,4,20716
2023-11-25,원자력,5,20716
2023-11-25,원자력,6,20716
2023-11-25,원자력,7,20715
2023-11-25,원자력,8,20715
2023-11-25,원자력,9,20715
2023-11-25,원자력,10,20718
2023-11-25,원자력,11,20721
2023-11-25,원자력,12,20724
2023-11-25,원자력,13,20723
2023-11-25,원자력,14,20723
2023-11-25,원자력,15,20723
2023-11-25,원자력,16,20724
2023-11-25,원자력,17,20723
2023-11-25,원자력,18,20721
2023-11-25,원자력,19,20718
2023-11-25,원자력,20,20716
2023-11-25,원자력,21,20717
2023-11-25,원자력,22,20718
2023-11-25,원자력,23,20718
2023-11-25,원자력,24,20719
2023-11-25,유연탄,1,22506
2023-11-25,유연탄,2,22180
2023-11-25,유연탄,3,21638
2023-11-25,유연탄,4,21937
2023-11-25,유연탄,5,22330
2023-11-25,유연탄,6,22394
2023-11-25,유연탄,7,21814
2023-11-25,유연탄,8,20285
2023-11-25,유연탄,9,18474
2023-11-25,유연탄,10,16881
2023-11-25,유연탄,11,15913
2023-11-25,유연탄,12,14630
2023-11-25,유연탄,13,13860
2023-11-25,유연탄,14,13724
2023-11-25,유연탄,15,13937
2023-11-25,유연탄,16,14842
2023-11-25,유연탄,17,16546
2023-11-25,유연탄,18,16669
2023-11-25,유연탄,19,16581
2023-11-25,유연탄,20,16631
2023-11-25,유연탄,21,16671
2023-11-25,유연탄,22,16672
2023-11-25,유연탄,23,16726
2023-11-25,유연탄,24,16776
2023-11-25,무연탄,1,155
2023-11-25,무연탄,2,161
2023-11-25,무연탄,3,163
2023-11-25,무연탄,4,162
2023-11-25,무연탄,5,162
2023-11-25,무연탄,6,161
2023-11-25,무연탄,7,162
2023-11-25,무연탄,8,165
2023-11-25,무연탄,9,166
2023-11-25,무연탄,10,165
2023-11-25,무연탄,11,162
2023-11-25,무연탄,12,166
2023-11-25,무연탄,13,162
2023-11-25,무연탄,14,156
2023-11-25,무연탄,15,152
2023-11-25,무연탄,16,153
2023-11-25,무연탄,17,153
2023-11-25,무연탄,18,162
2023-11-25,무연탄,19,168
2023-11-25,무연탄,20,167
2023-11-25,무연탄,21,167
2023-11-25,무연탄,22,167
2023-11-25,무연탄,23,167
2023-11-25,무연탄,24,167
2023-11-25,바이오가스,1,29
2023-11-25,바이오가스,2,30
2023-11-25,바이오가스,3,30
2023-11-25,바이오가스,4,29
2023-11-25,바이오가스,5,30
2023-11-25,바이오가스,6,30
2023-11-25,바이오가스,7,30
2023-11-25,바이오가스,8,30
2023-11-25,바이오가스,9,30
2023-11-25,바이오가스,10,31
2023-11-25,바이오가스,11,31
2023-11-25,바이오가스,12,30
2023-11-25,바이오가스,13,31
2023-11-25,바이오가스,14,30
2023-11-25,바이오가스,15,31
2023-11-25,바이오가스,16,32
2023-11-25,바이오가스,17,32
2023-11-25,바이오가스,18,33
2023-11-25,바이오가스,19,33
2023-11-25,바이오가스,20,33
2023-11-25,바이오가스,21,33
2023-11-25,바이오가스,22,34
2023-11-25,바이오가스,23,34
2023-11-25,바이오가스,24,33
2023-11-25,부생가스,1,56
2023-11-25,부생가스,2,56
2023-11-25,부생가스,3,56
2023-11-25,부생가스,4,56
2023-11-25,부생가스,5,56
2023-11-25,부생가스,6,55
2023-11-25,부생가스,7,55
2023-11-25,부생가스,8,56
2023-11-25,부생가스,9,59
2023-11-25,부생가스,10,56
2023-11-25,부생가스,11,56
2023-11-25,부생가스,12,62
2023-11-25,부생가스,13,61
2023-11-25,부생가스,14,64
2023-11-25,부생가스,15,62
2023-11-25,부생가스,16,77
2023-11-25,부생가스,17,55
2023-11-25,부생가스,18,55
2023-11-25,부생가스,19,54
2023-11-25,부생가스,20,55
2023-11-25,부생가스,21,55
2023-11-25,부생가스,22,54
2023-11-25,부생가스,23,54
2023-11-25,부생가스,24,55
2023-11-25,수력,1,98
2023-11-25,수력,2,95
2023-11-25,수력,3,94
2023-11-25,수력,4,94
2023-11-25,수력,5,95
2023-11-25,수력,6,101
2023-11-25,수력,7,104
2023-11-25,수력,8,108
2023-11-25,수력,9,576
2023-11-25,수력,10,559
2023-11-25,수력,11,593
2023-11-25,수력,12,548
2023-11-25,수력,13,210
2023-11-25,수력,14,214
2023-11-25,수력,15,447
2023-11-25,수력,16,592
2023-11-25,수력,17,571
2023-11-25,수력,18,488
2023-11-25,수력,19,453
2023-11-25,수력,20,331
2023-11-25,수력,21,280
2023-11-25,수력,22,163
2023-11-25,수력,23,115
2023-11-25,수력,24,106
2023-11-25,양수,1,615
2023-11-25,양수,2,15
2023-11-25,양수,3,0
2023-11-25,양수,4,0
2023-11-25,양수,5,0
2023-11-25,양수,6,0
2023-11-25,양수,7,0
2023-11-25,양수,8,0
2023-11-25,양수,9,0
2023-11-25,양수,10,0
2023-11-25,양수,11,0
2023-11-25,양수,12,0
2023-11-25,양수,13,0
2023-11-25,양수,14,0
2023-11-25,양수,15,0
2023-11-25,양수,16,116
2023-11-25,양수,17,961
2023-11-25,양수,18,1622
2023-11-25,양수,19,1832
2023-11-25,양수,20,1803
2023-11-25,양수,21,1751
2023-11-25,양수,22,1549
2023-11-25,양수,23,1351
2023-11-25,양수,24,909
2023-11-25,매립가스,1,26
2023-11-25,매립가스,2,26
2023-11-25,매립가스,3,26
2023-11-25,매립가스,4,26
2023-11-25,매립가스,5,26
2023-11-25,매립가스,6,26
2023-11-25,매립가스,7,26
2023-11-25,매립가스,8,26
2023-11-25,매립가스,9,26
2023-11-25,매립가스,10,26
2023-11-25,매립가스,11,26
2023-11-25,매립가스,12,27
2023-11-25,매립가스,13,27
2023-11-25,매립가스,14,27
2023-11-25,매립가스,15,27
2023-11-25,매립가스,16,27
2023-11-25,매립가스,17,27
2023-11-25,매립가스,18,27
2023-11-25,매립가스,19,27
2023-11-25,매립가스,20,27
2023-11-25,매립가스,21,27
2023-11-25,매립가스,22,27
2023-11-25,매립가스,23,27
2023-11-25,매립가스,24,27
2023-11-25,중유,1,31
2023-11-25,중유,2,31
2023-11-25,중유,3,31
2023-11-25,중유,4,31
2023-11-25,중유,5,31
2023-11-25,중유,6,32
2023-11-25,중유,7,32
2023-11-25,중유,8,32
2023-11-25,중유,9,32
2023-11-25,중유,10,32
2023-11-25,중유,11,32
2023-11-25,중유,12,32
2023-11-25,중유,13,32
2023-11-25,중유,14,32
2023-11-25,중유,15,32
2023-11-25,중유,16,32
2023-11-25,중유,17,31
2023-11-25,중유,18,31
2023-11-25,중유,19,31
2023-11-25,중유,20,32
2023-11-25,중유,21,32
2023-11-25,중유,22,32
2023-11-25,중유,23,31
2023-11-25,중유,24,31
2023-11-25,태양광,1,4
2023-11-25,태양광,2,1
2023-11-25,태양광,3,0
2023-11-25,태양광,4,0
2023-11-25,태양광,5,0
2023-11-25,태양광,6,0
2023-11-25,태양광,7,0
2023-11-25,태양광,8,92
2023-11-25,태양광,9,1057
2023-11-25,태양광,10,2678
2023-11-25,태양광,11,3736
2023-11-25,태양광,12,4381
2023-11-25,태양광,13,4685
2023-11-25,태양광,14,4754
2023-11-25,태양광,15,4185
2023-11-25,태양광,16,2660
2023-11-25,태양광,17,1341
2023-11-25,태양광,18,826
2023-11-25,태양광,19,919
2023-11-25,태양광,20,845
2023-11-25,태양광,21,522
2023-11-25,태양광,22,216
2023-11-25,태양광,23,97
2023-11-25,태양광,24,27
2023-11-25,폐기물,1,116
2023-11-25,폐기물,2,116
2023-11-25,폐기물,3,114
2023-11-25,폐기물,4,112
2023-11-25,폐기물,5,113
2023-11-25,폐기물,6,115
2023-11-25,폐기물,7,116
2023-11-25,폐기물,8,116
2023-11-25,폐기물,9,116
2023-11-25,폐기물,10,116
2023-11-25,폐기물,11,117
2023-11-25,폐기물,12,117
2023-11-25,폐기물,13,114
2023-11-25,폐기물,14,115
2023-11-25,폐기물,15,114
2023-11-25,폐기물,16,116
2023-11-25,폐기물,17,119
2023-11-25,폐기물,18,119
2023-11-25,폐기물,19,118
2023-11-25,폐기물,20,119
2023-11-25,폐기물,21,119
2023-11-25,폐기물,22,118
2023-11-25,폐기물,23,118
2023-11-25,폐기물,24,113
2023-11-25,풍력,1,670
2023-11-25,풍력,2,664
2023-11-25,풍력,3,668
2023-11-25,풍력,4,583
2023-11-25,풍력,5,564
2023-11-25,풍력,6,585
2023-11-25,풍력,7,581
2023-11-25,풍력,8,531
2023-11-25,풍력,9,396
2023-11-25,풍력,10,351
2023-11-25,풍력,11,273
2023-11-25,풍력,12,226
2023-11-25,풍력,13,173
2023-11-25,풍력,14,157
2023-11-25,풍력,15,140
2023-11-25,풍력,16,118
2023-11-25,풍력,17,133
2023-11-25,풍력,18,124
2023-11-25,풍력,19,105
2023-11-25,풍력,20,99
2023-11-25,풍력,21,85
2023-11-25,풍력,22,109
2023-11-25,풍력,23,159
2023-11-25,풍력,24,219
2023-11-25,LNG,1,14916
2023-11-25,LNG,2,13347
2023-11-25,LNG,3,13103
2023-11-25,LNG,4,13106
2023-11-25,LNG,5,12930
2023-11-25,LNG,6,13716
2023-11-25,LNG,7,15142
2023-11-25,LNG,8,16975
2023-11-25,LNG,9,16681
2023-11-25,LNG,10,14806
2023-11-25,LNG,11,13233
2023-11-25,LNG,12,12250
2023-11-25,LNG,13,11409
2023-11-25,LNG,14,11855
2023-11-25,LNG,15,13005
2023-11-25,LNG,16,15094
2023-11-25,LNG,17,17230
2023-11-25,LNG,18,19954
2023-11-25,LNG,19,20610
2023-11-25,LNG,20,20070
2023-11-25,LNG,21,19454
2023-11-25,LNG,22,18961
2023-11-25,LNG,23,19512
2023-11-25,LNG,24,19663
2023-11-25,연료전지,1,824
2023-11-25,연료전지,2,825
2023-11-25,연료전지,3,824
2023-11-25,연료전지,4,824
2023-11-25,연료전지,5,823
2023-11-25,연료전지,6,824
2023-11-25,연료전지,7,824
2023-11-25,연료전지,8,824
2023-11-25,연료전지,9,825
2023-11-25,연료전지,10,827
2023-11-25,연료전지,11,827
2023-11-25,연료전지,12,827
2023-11-25,연료전지,13,828
2023-11-25,연료전지,14,828
2023-11-25,연료전지,15,828
2023-11-25,연료전지,16,828
2023-11-25,연료전지,17,827
2023-11-25,연료전지,18,827
2023-11-25,연료전지,19,827
2023-11-25,연료전지,20,827
2023-11-25,연료전지,21,827
2023-11-25,연료전지,22,828
2023-11-25,연료전지,23,828
2023-11-25,연료전지,24,828
2023-11-25,경유,1,0
2023-11-25,경유,2,0
2023-11-25,경유,3,0
2023-11-25,경유,4,0
2023-11-25,경유,5,0
2023-11-25,경유,6,0
2023-11-25,경유,7,0
2023-11-25,경유,8,0
2023-11-25,경유,9,0
2023-11-25,경유,10,0
2023-11-25,경유,11,0
2023-11-25,경유,12,0
2023-11-25,경유,13,0
2023-11-25,경유,14,0
2023-11-25,경유,15,0
2023-11-25,경유,16,0
2023-11-25,경유,17,0
2023-11-25,경유,18,0
2023-11-25,경유,19,0
2023-11-25,경유,20,0
2023-11-25,경유,21,0
2023-11-25,경유,22,0
2023-11-25,경유,23,0
2023-11-25,경유,24,0
2023-11-25,해양에너지,1,102
2023-11-25,해양에너지,2,142
2023-11-25,해양에너지,3,137
2023-11-25,해양에너지,4,114
2023-11-25,해양에너지,5,67
2023-11-25,해양에너지,6,13
2023-11-25,해양에너지,7,0
2023-11-25,해양에너지,8,0
2023-11-25,해양에너지,9,0
2023-11-25,해양에너지,10,0
2023-11-25,해양에너지,11,0
2023-11-25,해양에너지,12,0
2023-11-25,해양에너지,13,53
2023-11-25,해양에너지,14,161
2023-11-25,해양에너지,15,189
2023-11-25,해양에너지,16,185
2023-11-25,해양에너지,17,145
2023-11-25,해양에너지,18,78
2023-11-25,해양에너지,19,16
2023-11-25,해양에너지,20,0
2023-11-25,해양에너지,21,0
2023-11-25,해양에너지,22,0
2023-11-25,해양에너지,23,0
2023-11-25,해양에너지,24,0
2023-11-25,바이오매스,1,678
2023-11-25,바이오매스,2,676
2023-11-25,바이오매스,3,675
2023-11-25,바이오매스,4,677
2023-11-25,바이오매스,5,674
2023-11-25,바이오매스,6,675
2023-11-25,바이오매스,7,675
2023-11-25,바이오매스,8,675
2023-11-25,바이오매스,9,677
2023-11-25,바이오매스,10,676
2023-11-25,바이오매스,11,676
2023-11-25,바이오매스,12,678
2023-11-25,바이오매스,13,676
2023-11-25,바이오매스,14,678
2023-11-25,바이오매스,15,671
2023-11-25,바이오매스,16,677
2023-11-25,바이오매스,17,676
2023-11-25,바이오매스,18,678
2023-11-25,바이오매스,19,678
2023-11-25,바이오매스,20,677
2023-11-25,바이오매스,21,678
2023-11-25,바이오매스,22,678
2023-11-25,바이오매스,23,679
2023-11-25,바이오매스,24,677
2023-11-25,IGCC,1,260
2023-11-25,IGCC,2,259
2023-11-25,IGCC,3,256
2023-11-25,IGCC,4,258
2023-11-25,IGCC,5,260
2023-11-25,IGCC,6,261
2023-11-25,IGCC,7,261
2023-11-25,IGCC,8,263
2023-11-25,IGCC,9,263
2023-11-25,IGCC,10,262
2023-11-25,IGCC,11,260
2023-11-25,IGCC,12,262
2023-11-25,IGCC,13,264
2023-11-25,IGCC,14,265
2023-11-25,IGCC,15,264
2023-11-25,IGCC,16,264
2023-11-25,IGCC,17,266
2023-11-25,IGCC,18,265
2023-11-25,IGCC,19,264
2023-11-25,IGCC,20,265
2023-11-25,IGCC,21,264
2023-11-25,IGCC,22,262
2023-11-25,IGCC,23,259
2023-11-25,IGCC,24,260
2023-11-25,바이오중유,1,206
2023-11-25,바이오중유,2,206
2023-11-25,바이오중유,3,206
2023-11-25,바이오중유,4,205
2023-11-25,바이오중유,5,205
2023-11-25,바이오중유,6,205
2023-11-25,바이오중유,7,205
2023-11-25,바이오중유,8,206
2023-11-25,바이오중유,9,206
2023-11-25,바이오중유,10,202
2023-11-25,바이오중유,11,166
2023-11-25,바이오중유,12,133
2023-11-25,바이오중유,13,133
2023-11-25,바이오중유,14,139
2023-11-25,바이오중유,15,194
2023-11-25,바이오중유,16,205
2023-11-25,바이오중유,17,212
2023-11-25,바이오중유,18,208
2023-11-25,바이오중유,19,205
2023-11-25,바이오중유,20,204
2023-11-25,바이오중유,21,205
2023-11-25,바이오중유,22,205
2023-11-25,바이오중유,23,205
2023-11-25,바이오중유,24,205
2023-11-25,바이오기타,1,1
2023-11-25,바이오기타,2,1
2023-11-25,바이오기타,3,1
2023-11-25,바이오기타,4,2
2023-11-25,바이오기타,5,3
2023-11-25,바이오기타,6,3
2023-11-25,바이오기타,7,3
2023-11-25,바이오기타,8,3
2023-11-25,바이오기타,9,3
2023-11-25,바이오기타,10,3
2023-11-25,바이오기타,11,3
2023-11-25,바이오기타,12,3
2023-11-25,바이오기타,13,3
2023-11-25,바이오기타,14,3
2023-11-25,바이오기타,15,3
2023-11-25,바이오기타,16,1
2023-11-25,바이오기타,17,0
2023-11-25,바이오기타,18,0
2023-11-25,바이오기타,19,0
2023-11-25,바이오기타,20,0
2023-11-25,바이오기타,21,0
2023-11-25,바이오기타,22,0
2023-11-25,바이오기타,23,0
2023-11-25,바이오기타,24,0
2023-11-25,기타,1,15
2023-11-25,기타,2,15
2023-11-25,기타,3,16
2023-11-25,기타,4,15
2023-11-25,기타,5,15
2023-11-25,기타,6,15
2023-11-25,기타,7,15
2023-11-25,기타,8,15
2023-11-25,기타,9,15
2023-11-25,기타,10,15
2023-11-25,기타,11,15
2023-11-25,기타,12,15
2023-11-25,기타,13,15
2023-11-25,기타,14,15
2023-11-25,기타,15,16
2023-11-25,기타,16,16
2023-11-25,기타,17,16
2023-11-25,기타,18,16
2023-11-25,기타,19,16
2023-11-25,기타,20,16
2023-11-25,기타,21,16
2023-11-25,기타,22,16
2023-11-25,기타,23,16
2023-11-25,기타,24,16
2023-11-26,원자력,1,20721
2023-11-26,원자력,2,20722
2023-11-26,원자력,3,20722
2023-11-26,원자력,4,20722
2023-11-26,원자력,5,20722
2023-11-26,원자력,6,20722
2023-11-26,원자력,7,20723
2023-11-26,원자력,8,20724
2023-11-26,원자력,9,20725
2023-11-26,원자력,10,20723
2023-11-26,원자력,11,20724
2023-11-26,원자력,12,20725
2023-11-26,원자력,13,20725
2023-11-26,원자력,14,20728
2023-11-26,원자력,15,20729
2023-11-26,원자력,16,20732
2023-11-26,원자력,17,20731
2023-11-26,원자력,18,20730
2023-11-26,원자력,19,20730
2023-11-26,원자력,20,20728
2023-11-26,원자력,21,20728
2023-11-26,원자력,22,20728
2023-11-26,원자력,23,20727
2023-11-26,원자력,24,20726
2023-11-26,유연탄,1,16768
2023-11-26,유연탄,2,16925
2023-11-26,유연탄,3,17172
2023-11-26,유연탄,4,17478
2023-11-26,유연탄,5,17351
2023-11-26,유연탄,6,17465
2023-11-26,유연탄,7,17686
2023-11-26,유연탄,8,17807
2023-11-26,유연탄,9,16746
2023-11-26,유연탄,10,15090
2023-11-26,유연탄,11,15547
2023-11-26,유연탄,12,15458
2023-11-26,유연탄,13,16049
2023-11-26,유연탄,14,17314
2023-11-26,유연탄,15,18065
2023-11-26,유연탄,16,18476
2023-11-26,유연탄,17,18476
2023-11-26,유연탄,18,18615
2023-11-26,유연탄,19,17640
2023-11-26,유연탄,20,17113
2023-11-26,유연탄,21,17350
2023-11-26,유연탄,22,17020
2023-11-26,유연탄,23,17663
2023-11-26,유연탄,24,18490
2023-11-26,무연탄,1,168
2023-11-26,무연탄,2,167
2023-11-26,무연탄,3,167
2023-11-26,무연탄,4,167
2023-11-26,무연탄,5,167
2023-11-26,무연탄,6,168
2023-11-26,무연탄,7,168
2023-11-26,무연탄,8,168
2023-11-26,무연탄,9,166
2023-11-26,무연탄,10,157
2023-11-26,무연탄,11,153
2023-11-26,무연탄,12,153
2023-11-26,무연탄,13,153
2023-11-26,무연탄,14,152
2023-11-26,무연탄,15,161
2023-11-26,무연탄,16,169
2023-11-26,무연탄,17,168
2023-11-26,무연탄,18,168
2023-11-26,무연탄,19,167
2023-11-26,무연탄,20,161
2023-11-26,무연탄,21,151
2023-11-26,무연탄,22,150
2023-11-26,무연탄,23,151
2023-11-26,무연탄,24,151
2023-11-26,바이오가스,1,33
2023-11-26,바이오가스,2,32
2023-11-26,바이오가스,3,33
2023-11-26,바이오가스,4,33
2023-11-26,바이오가스,5,33
2023-11-26,바이오가스,6,33
2023-11-26,바이오가스,7,33
2023-11-26,바이오가스,8,32
2023-11-26,바이오가스,9,32
2023-11-26,바이오가스,10,32
2023-11-26,바이오가스,11,32
2023-11-26,바이오가스,12,33
2023-11-26,바이오가스,13,32
2023-11-26,바이오가스,14,32
2023-11-26,바이오가스,15,32
2023-11-26,바이오가스,16,32
2023-11-26,바이오가스,17,34
2023-11-26,바이오가스,18,33
2023-11-26,바이오가스,19,33
2023-11-26,바이오가스,20,33
2023-11-26,바이오가스,21,34
2023-11-26,바이오가스,22,31
2023-11-26,바이오가스,23,33
2023-11-26,바이오가스,24,34
2023-11-26,부생가스,1,55
2023-11-26,부생가스,2,55
2023-11-26,부생가스,3,55
2023-11-26,부생가스,4,55
2023-11-26,부생가스,5,55
2023-11-26,부생가스,6,55
2023-11-26,부생가스,7,55
2023-11-26,부생가스,8,56
2023-11-26,부생가스,9,55
2023-11-26,부생가스,10,55
2023-11-26,부생가스,11,55
2023-11-26,부생가스,12,55
2023-11-26,부생가스,13,54
2023-11-26,부생가스,14,54
2023-11-26,부생가스,15,54
2023-11-26,부생가스,16,54
2023-11-26,부생가스,17,54
2023-11-26,부생가스,18,54
2023-11-26,부생가스,19,54
2023-11-26,부생가스,20,54
2023-11-26,부생가스,21,55
2023-11-26,부생가스,22,54
2023-11-26,부생가스,23,55
2023-11-26,부생가스,24,55
2023-11-26,수력,1,98
2023-11-26,수력,2,95
2023-11-26,수력,3,93
2023-11-26,수력,4,92
2023-11-26,수력,5,93
2023-11-26,수력,6,98
2023-11-26,수력,7,102
2023-11-26,수력,8,104
2023-11-26,수력,9,437
2023-11-26,수력,10,454
2023-11-26,수력,11,567
2023-11-26,수력,12,576
2023-11-26,수력,13,231
2023-11-26,수력,14,274
2023-11-26,수력,15,291
2023-11-26,수력,16,569
2023-11-26,수력,17,596
2023-11-26,수력,18,606
2023-11-26,수력,19,487
2023-11-26,수력,20,475
2023-11-26,수력,21,290
2023-11-26,수력,22,174
2023-11-26,수력,23,146
2023-11-26,수력,24,135
2023-11-26,양수,1,95
2023-11-26,양수,2,0
2023-11-26,양수,3,0
2023-11-26,양수,4,0
2023-11-26,양수,5,0
2023-11-26,양수,6,0
2023-11-26,양수,7,0
2023-11-26,양수,8,0
2023-11-26,양수,9,0
2023-11-26,양수,10,0
2023-11-26,양수,11,0
2023-11-26,양수,12,0
2023-11-26,양수,13,0
2023-11-26,양수,14,0
2023-11-26,양수,15,0
2023-11-26,양수,16,0
2023-11-26,양수,17,0
2023-11-26,양수,18,696
2023-11-26,양수,19,1319
2023-11-26,양수,20,1420
2023-11-26,양수,21,1815
2023-11-26,양수,22,1750
2023-11-26,양수,23,1627
2023-11-26,양수,24,1217
2023-11-26,매립가스,1,27
2023-11-26,매립가스,2,27
2023-11-26,매립가스,3,27
2023-11-26,매립가스,4,27
2023-11-26,매립가스,5,27
2023-11-26,매립가스,6,27
2023-11-26,매립가스,7,27
2023-11-26,매립가스,8,27
2023-11-26,매립가스,9,27
2023-11-26,매립가스,10,27
2023-11-26,매립가스,11,27
2023-11-26,매립가스,12,27
2023-11-26,매립가스,13,27
2023-11-26,매립가스,14,27
2023-11-26,매립가스,15,27
2023-11-26,매립가스,16,27
2023-11-26,매립가스,17,27
2023-11-26,매립가스,18,26
2023-11-26,매립가스,19,26
2023-11-26,매립가스,20,27
2023-11-26,매립가스,21,27
2023-11-26,매립가스,22,27
2023-11-26,매립가스,23,27
2023-11-26,매립가스,24,27
2023-11-26,중유,1,31
2023-11-26,중유,2,31
2023-11-26,중유,3,31
2023-11-26,중유,4,32
2023-11-26,중유,5,32
2023-11-26,중유,6,32
2023-11-26,중유,7,32
2023-11-26,중유,8,31
2023-11-26,중유,9,32
2023-11-26,중유,10,33
2023-11-26,중유,11,33
2023-11-26,중유,12,33
2023-11-26,중유,13,33
2023-11-26,중유,14,33
2023-11-26,중유,15,33
2023-11-26,중유,16,34
2023-11-26,중유,17,33
2023-11-26,중유,18,34
2023-11-26,중유,19,35
2023-11-26,중유,20,35
2023-11-26,중유,21,35
2023-11-26,중유,22,36
2023-11-26,중유,23,35
2023-11-26,중유,24,35
2023-11-26,태양광,1,5
2023-11-26,태양광,2,1
2023-11-26,태양광,3,0
2023-11-26,태양광,4,0
2023-11-26,태양광,5,1
2023-11-26,태양광,6,0
2023-11-26,태양광,7,0
2023-11-26,태양광,8,70
2023-11-26,태양광,9,771
2023-11-26,태양광,10,1893
2023-11-26,태양광,11,2516
2023-11-26,태양광,12,2768
2023-11-26,태양광,13,2683
2023-11-26,태양광,14,2015
2023-11-26,태양광,15,1429
2023-11-26,태양광,16,1005
2023-11-26,태양광,17,996
2023-11-26,태양광,18,763
2023-11-26,태양광,19,726
2023-11-26,태양광,20,389
2023-11-26,태양광,21,190
2023-11-26,태양광,22,79
2023-11-26,태양광,23,29
2023-11-26,태양광,24,6
2023-11-26,폐기물,1,116
2023-11-26,폐기물,2,111
2023-11-26,폐기물,3,112
2023-11-26,폐기물,4,110
2023-11-26,폐기물,5,113
2023-11-26,폐기물,6,114
2023-11-26,폐기물,7,112
2023-11-26,폐기물,8,114
2023-11-26,폐기물,9,110
2023-11-26,폐기물,10,110
2023-11-26,폐기물,11,111
2023-11-26,폐기물,12,110
2023-11-26,폐기물,13,113
2023-11-26,폐기물,14,113
2023-11-26,폐기물,15,113
2023-11-26,폐기물,16,114
2023-11-26,폐기물,17,115
2023-11-26,폐기물,18,118
2023-11-26,폐기물,19,120
2023-11-26,폐기물,20,121
2023-11-26,폐기물,21,121
2023-11-26,폐기물,22,120
2023-11-26,폐기물,23,121
2023-11-26,폐기물,24,123
2023-11-26,풍력,1,302
2023-11-26,풍력,2,357
2023-11-26,풍력,3,360
2023-11-26,풍력,4,364
2023-11-26,풍력,5,382
2023-11-26,풍력,6,384
2023-11-26,풍력,7,340
2023-11-26,풍력,8,296
2023-11-26,풍력,9,260
2023-11-26,풍력,10,252
2023-11-26,풍력,11,200
2023-11-26,풍력,12,140
2023-11-26,풍력,13,91
2023-11-26,풍력,14,78
2023-11-26,풍력,15,74
2023-11-26,풍력,16,80
2023-11-26,풍력,17,84
2023-11-26,풍력,18,80
2023-11-26,풍력,19,87
2023-11-26,풍력,20,109
2023-11-26,풍력,21,123
2023-11-26,풍력,22,135
2023-11-26,풍력,23,146
2023-11-26,풍력,24,209
2023-11-26,LNG,1,17363
2023-11-26,LNG,2,14736
2023-11-26,LNG,3,13387
2023-11-26,LNG,4,12744
2023-11-26,LNG,5,12635
2023-11-26,LNG,6,12944
2023-11-26,LNG,7,13591
2023-11-26,LNG,8,13888
2023-11-26,LNG,9,13206
2023-11-26,LNG,10,12510
2023-11-26,LNG,11,10797
2023-11-26,LNG,12,10470
2023-11-26,LNG,13,10405
2023-11-26,LNG,14,10837
2023-11-26,LNG,15,11455
2023-11-26,LNG,16,12253
2023-11-26,LNG,17,13771
2023-11-26,LNG,18,15800
2023-11-26,LNG,19,17243
2023-11-26,LNG,20,17446
2023-11-26,LNG,21,16693
2023-11-26,LNG,22,16038
2023-11-26,LNG,23,15256
2023-11-26,LNG,24,14318
2023-11-26,연료전지,1,828
2023-11-26,연료전지,2,828
2023-11-26,연료전지,3,828
2023-11-26,연료전지,4,827
2023-11-26,연료전지,5,827
2023-11-26,연료전지,6,827
2023-11-26,연료전지,7,826
2023-11-26,연료전지,8,826
2023-11-26,연료전지,9,827
2023-11-26,연료전지,10,827
2023-11-26,연료전지,11,827
2023-11-26,연료전지,12,827
2023-11-26,연료전지,13,827
2023-11-26,연료전지,14,827
2023-11-26,연료전지,15,826
2023-11-26,연료전지,16,826
2023-11-26,연료전지,17,827
2023-11-26,연료전지,18,827
2023-11-26,연료전지,19,827
2023-11-26,연료전지,20,827
2023-11-26,연료전지,21,827
2023-11-26,연료전지,22,827
2023-11-26,연료전지,23,827
2023-11-26,연료전지,24,827
2023-11-26,경유,1,0
2023-11-26,경유,2,0
2023-11-26,경유,3,0
2023-11-26,경유,4,0
2023-11-26,경유,5,0
2023-11-26,경유,6,0
2023-11-26,경유,7,0
2023-11-26,경유,8,0
2023-11-26,경유,9,0
2023-11-26,경유,10,0
2023-11-26,경유,11,0
2023-11-26,경유,12,0
2023-11-26,경유,13,0
2023-11-26,경유,14,0
2023-11-26,경유,15,0
2023-11-26,경유,16,0
2023-11-26,경유,17,0
2023-11-26,경유,18,0
2023-11-26,경유,19,0
2023-11-26,경유,20,0
2023-11-26,경유,21,0
2023-11-26,경유,22,0
2023-11-26,경유,23,0
2023-11-26,경유,24,0
2023-11-26,해양에너지,1,48
2023-11-26,해양에너지,2,113
2023-11-26,해양에너지,3,151
2023-11-26,해양에너지,4,154
2023-11-26,해양에너지,5,119
2023-11-26,해양에너지,6,58
2023-11-26,해양에너지,7,6
2023-11-26,해양에너지,8,0
2023-11-26,해양에너지,9,0
2023-11-26,해양에너지,10,0
2023-11-26,해양에너지,11,0
2023-11-26,해양에너지,12,0
2023-11-26,해양에너지,13,42
2023-11-26,해양에너지,14,107
2023-11-26,해양에너지,15,164
2023-11-26,해양에너지,16,196
2023-11-26,해양에너지,17,189
2023-11-26,해양에너지,18,141
2023-11-26,해양에너지,19,68
2023-11-26,해양에너지,20,9
2023-11-26,해양에너지,21,0
2023-11-26,해양에너지,22,0
2023-11-26,해양에너지,23,0
2023-11-26,해양에너지,24,0
2023-11-26,바이오매스,1,678
2023-11-26,바이오매스,2,679
2023-11-26,바이오매스,3,678
2023-11-26,바이오매스,4,678
2023-11-26,바이오매스,5,678
2023-11-26,바이오매스,6,678
2023-11-26,바이오매스,7,678
2023-11-26,바이오매스,8,676
2023-11-26,바이오매스,9,679
2023-11-26,바이오매스,10,677
2023-11-26,바이오매스,11,676
2023-11-26,바이오매스,12,678
2023-11-26,바이오매스,13,677
2023-11-26,바이오매스,14,674
2023-11-26,바이오매스,15,677
2023-11-26,바이오매스,16,676
2023-11-26,바이오매스,17,676
2023-11-26,바이오매스,18,679
2023-11-26,바이오매스,19,676
2023-11-26,바이오매스,20,677
2023-11-26,바이오매스,21,678
2023-11-26,바이오매스,22,679
2023-11-26,바이오매스,23,679
2023-11-26,바이오매스,24,678
2023-11-26,IGCC,1,260
2023-11-26,IGCC,2,260
2023-11-26,IGCC,3,260
2023-11-26,IGCC,4,262
2023-11-26,IGCC,5,263
2023-11-26,IGCC,6,263
2023-11-26,IGCC,7,261
2023-11-26,IGCC,8,262
2023-11-26,IGCC,9,262
2023-11-26,IGCC,10,262
2023-11-26,IGCC,11,262
2023-11-26,IGCC,12,264
2023-11-26,IGCC,13,266
2023-11-26,IGCC,14,267
2023-11-26,IGCC,15,267
2023-11-26,IGCC,16,268
2023-11-26,IGCC,17,268
2023-11-26,IGCC,18,267
2023-11-26,IGCC,19,264
2023-11-26,IGCC,20,265
2023-11-26,IGCC,21,264
2023-11-26,IGCC,22,264
2023-11-26,IGCC,23,263
2023-11-26,IGCC,24,264
2023-11-26,바이오중유,1,204
2023-11-26,바이오중유,2,204
2023-11-26,바이오중유,3,205
2023-11-26,바이오중유,4,205
2023-11-26,바이오중유,5,204
2023-11-26,바이오중유,6,204
2023-11-26,바이오중유,7,204
2023-11-26,바이오중유,8,204
2023-11-26,바이오중유,9,204
2023-11-26,바이오중유,10,205
2023-11-26,바이오중유,11,191
2023-11-26,바이오중유,12,158
2023-11-26,바이오중유,13,134
2023-11-26,바이오중유,14,150
2023-11-26,바이오중유,15,201
2023-11-26,바이오중유,16,204
2023-11-26,바이오중유,17,204
2023-11-26,바이오중유,18,210
2023-11-26,바이오중유,19,204
2023-11-26,바이오중유,20,204
2023-11-26,바이오중유,21,204
2023-11-26,바이오중유,22,204
2023-11-26,바이오중유,23,204
2023-11-26,바이오중유,24,204
2023-11-26,바이오기타,1,0
2023-11-26,바이오기타,2,0
2023-11-26,바이오기타,3,0
2023-11-26,바이오기타,4,0
2023-11-26,바이오기타,5,0
2023-11-26,바이오기타,6,0
2023-11-26,바이오기타,7,0
2023-11-26,바이오기타,8,0
2023-11-26,바이오기타,9,0
2023-11-26,바이오기타,10,0
2023-11-26,바이오기타,11,0
2023-11-26,바이오기타,12,0
2023-11-26,바이오기타,13,0
2023-11-26,바이오기타,14,0
2023-11-26,바이오기타,15,0
2023-11-26,바이오기타,16,0
2023-11-26,바이오기타,17,0
2023-11-26,바이오기타,18,0
2023-11-26,바이오기타,19,0
2023-11-26,바이오기타,20,0
2023-11-26,바이오기타,21,0
2023-11-26,바이오기타,22,0
2023-11-26,바이오기타,23,0
2023-11-26,바이오기타,24,1
2023-11-26,기타,1,16
2023-11-26,기타,2,16
2023-11-26,기타,3,16
2023-11-26,기타,4,15
2023-11-26,기타,5,15
2023-11-26,기타,6,16
2023-11-26,기타,7,16
2023-11-26,기타,8,16
2023-11-26,기타,9,16
2023-11-26,기타,10,16
2023-11-26,기타,11,16
2023-11-26,기타,12,16
2023-11-26,기타,13,15
2023-11-26,기타,14,16
2023-11-26,기타,15,16
2023-11-26,기타,16,16
2023-11-26,기타,17,16
2023-11-26,기타,18,16
2023-11-26,기타,19,16
2023-11-26,기타,20,16
2023-11-26,기타,21,16
2023-11-26,기타,22,16
2023-11-26,기타,23,16
2023-11-26,기타,24,16
2023-11-27,원자력,1,20727
2023-11-27,원자력,2,20727
2023-11-27,원자력,3,20726
2023-11-27,원자력,4,20728
2023-11-27,원자력,5,20730
2023-11-27,원자력,6,20729
2023-11-27,원자력,7,20728
2023-11-27,원자력,8,20726
2023-11-27,원자력,9,20723
2023-11-27,원자력,10,20722
2023-11-27,원자력,11,20723
2023-11-27,원자력,12,20726
2023-11-27,원자력,13,20726
2023-11-27,원자력,14,20726
2023-11-27,원자력,15,20727
2023-11-27,원자력,16,20728
2023-11-27,원자력,17,20728
2023-11-27,원자력,18,20727
2023-11-27,원자력,19,20729
2023-11-27,원자력,20,20727
2023-11-27,원자력,21,20726
2023-11-27,원자력,22,20726
2023-11-27,원자력,23,20724
2023-11-27,원자력,24,20728
2023-11-27,유연탄,1,18647
2023-11-27,유연탄,2,17704
2023-11-27,유연탄,3,17523
2023-11-27,유연탄,4,17174
2023-11-27,유연탄,5,17349
2023-11-27,유연탄,6,16820
2023-11-27,유연탄,7,17447
2023-11-27,유연탄,8,19239
2023-11-27,유연탄,9,21648
2023-11-27,유연탄,10,22088
2023-11-27,유연탄,11,22056
2023-11-27,유연탄,12,22029
2023-11-27,유연탄,13,21999
2023-11-27,유연탄,14,22086
2023-11-27,유연탄,15,22136
2023-11-27,유연탄,16,22267
2023-11-27,유연탄,17,22139
2023-11-27,유연탄,18,22340
2023-11-27,유연탄,19,22333
2023-11-27,유연탄,20,22690
2023-11-27,유연탄,21,22915
2023-11-27,유연탄,22,22392
2023-11-27,유연탄,23,22991
2023-11-27,유연탄,24,23215
2023-11-27,무연탄,1,147
2023-11-27,무연탄,2,147
2023-11-27,무연탄,3,147
2023-11-27,무연탄,4,147
2023-11-27,무연탄,5,148
2023-11-27,무연탄,6,147
2023-11-27,무연탄,7,147
2023-11-27,무연탄,8,147
2023-11-27,무연탄,9,155
2023-11-27,무연탄,10,165
2023-11-27,무연탄,11,167
2023-11-27,무연탄,12,167
2023-11-27,무연탄,13,167
2023-11-27,무연탄,14,167
2023-11-27,무연탄,15,167
2023-11-27,무연탄,16,167
2023-11-27,무연탄,17,167
2023-11-27,무연탄,18,168
2023-11-27,무연탄,19,167
2023-11-27,무연탄,20,167
2023-11-27,무연탄,21,167
2023-11-27,무연탄,22,165
2023-11-27,무연탄,23,151
2023-11-27,무연탄,24,146
2023-11-27,바이오가스,1,34
2023-11-27,바이오가스,2,34
2023-11-27,바이오가스,3,34
2023-11-27,바이오가스,4,33
2023-11-27,바이오가스,5,34
2023-11-27,바이오가스,6,34
2023-11-27,바이오가스,7,33
2023-11-27,바이오가스,8,33
2023-11-27,바이오가스,9,33
2023-11-27,바이오가스,10,34
2023-11-27,바이오가스,11,33
2023-11-27,바이오가스,12,34
2023-11-27,바이오가스,13,34
2023-11-27,바이오가스,14,33
2023-11-27,바이오가스,15,33
2023-11-27,바이오가스,16,34
2023-11-27,바이오가스,17,34
2023-11-27,바이오가스,18,34
2023-11-27,바이오가스,19,34
2023-11-27,바이오가스,20,34
2023-11-27,바이오가스,21,34
2023-11-27,바이오가스,22,33
2023-11-27,바이오가스,23,33
2023-11-27,바이오가스,24,35
2023-11-27,부생가스,1,54
2023-11-27,부생가스,2,54
2023-11-27,부생가스,3,54
2023-11-27,부생가스,4,54
2023-11-27,부생가스,5,54
2023-11-27,부생가스,6,54
2023-11-27,부생가스,7,53
2023-11-27,부생가스,8,54
2023-11-27,부생가스,9,61
2023-11-27,부생가스,10,54
2023-11-27,부생가스,11,60
2023-11-27,부생가스,12,53
2023-11-27,부생가스,13,69
2023-11-27,부생가스,14,56
2023-11-27,부생가스,15,54
2023-11-27,부생가스,16,51
2023-11-27,부생가스,17,69
2023-11-27,부생가스,18,51
2023-11-27,부생가스,19,53
2023-11-27,부생가스,20,51
2023-11-27,부생가스,21,51
2023-11-27,부생가스,22,51
2023-11-27,부생가스,23,52
2023-11-27,부생가스,24,53
2023-11-27,수력,1,127
2023-11-27,수력,2,122
2023-11-27,수력,3,119
2023-11-27,수력,4,117
2023-11-27,수력,5,117
2023-11-27,수력,6,118
2023-11-27,수력,7,123
2023-11-27,수력,8,128
2023-11-27,수력,9,471
2023-11-27,수력,10,495
2023-11-27,수력,11,524
2023-11-27,수력,12,504
2023-11-27,수력,13,301
2023-11-27,수력,14,337
2023-11-27,수력,15,339
2023-11-27,수력,16,489
2023-11-27,수력,17,452
2023-11-27,수력,18,495
2023-11-27,수력,19,447
2023-11-27,수력,20,414
2023-11-27,수력,21,304
2023-11-27,수력,22,262
2023-11-27,수력,23,252
2023-11-27,수력,24,187
2023-11-27,양수,1,315
2023-11-27,양수,2,0
2023-11-27,양수,3,0
2023-11-27,양수,4,0
2023-11-27,양수,5,0
2023-11-27,양수,6,0
2023-11-27,양수,7,0
2023-11-27,양수,8,0
2023-11-27,양수,9,657
2023-11-27,양수,10,1026
2023-11-27,양수,11,1031
2023-11-27,양수,12,581
2023-11-27,양수,13,0
2023-11-27,양수,14,0
2023-11-27,양수,15,0
2023-11-27,양수,16,0
2023-11-27,양수,17,0
2023-11-27,양수,18,625
2023-11-27,양수,19,1281
2023-11-27,양수,20,1412
2023-11-27,양수,21,1381
2023-11-27,양수,22,1272
2023-11-27,양수,23,1090
2023-11-27,양수,24,681
2023-11-27,매립가스,1,27
2023-11-27,매립가스,2,27
2023-11-27,매립가스,3,27
2023-11-27,매립가스,4,27
2023-11-27,매립가스,5,27
2023-11-27,매립가스,6,26
2023-11-27,매립가스,7,26
2023-11-27,매립가스,8,26
2023-11-27,매립가스,9,26
2023-11-27,매립가스,10,26
2023-11-27,매립가스,11,26
2023-11-27,매립가스,12,26
2023-11-27,매립가스,13,27
2023-11-27,매립가스,14,27
2023-11-27,매립가스,15,27
2023-11-27,매립가스,16,27
2023-11-27,매립가스,17,27
2023-11-27,매립가스,18,27
2023-11-27,매립가스,19,27
2023-11-27,매립가스,20,27
2023-11-27,매립가스,21,27
2023-11-27,매립가스,22,27
2023-11-27,매립가스,23,27
2023-11-27,매립가스,24,27
2023-11-27,중유,1,34
2023-11-27,중유,2,34
2023-11-27,중유,3,34
2023-11-27,중유,4,34
2023-11-27,중유,5,34
2023-11-27,중유,6,33
2023-11-27,중유,7,34
2023-11-27,중유,8,33
2023-11-27,중유,9,34
2023-11-27,중유,10,34
2023-11-27,중유,11,33
2023-11-27,중유,12,33
2023-11-27,중유,13,33
2023-11-27,중유,14,33
2023-11-27,중유,15,33
2023-11-27,중유,16,33
2023-11-27,중유,17,31
2023-11-27,중유,18,31
2023-11-27,중유,19,31
2023-11-27,중유,20,32
2023-11-27,중유,21,31
2023-11-27,중유,22,32
2023-11-27,중유,23,32
2023-11-27,중유,24,34
2023-11-27,태양광,1,1
2023-11-27,태양광,2,0
2023-11-27,태양광,3,0
2023-11-27,태양광,4,0
2023-11-27,태양광,5,0
2023-11-27,태양광,6,0
2023-11-27,태양광,7,0
2023-11-27,태양광,8,8
2023-11-27,태양광,9,130
2023-11-27,태양광,10,368
2023-11-27,태양광,11,676
2023-11-27,태양광,12,1087
2023-11-27,태양광,13,1190
2023-11-27,태양광,14,1349
2023-11-27,태양광,15,1071
2023-11-27,태양광,16,791
2023-11-27,태양광,17,743
2023-11-27,태양광,18,187
2023-11-27,태양광,19,111
2023-11-27,태양광,20,62
2023-11-27,태양광,21,25
2023-11-27,태양광,22,4
2023-11-27,태양광,23,1
2023-11-27,태양광,24,0
2023-11-27,폐기물,1,122
2023-11-27,폐기물,2,124
2023-11-27,폐기물,3,124
2023-11-27,폐기물,4,124
2023-11-27,폐기물,5,125
2023-11-27,폐기물,6,124
2023-11-27,폐기물,7,124
2023-11-27,폐기물,8,122
2023-11-27,폐기물,9,120
2023-11-27,폐기물,10,122
2023-11-27,폐기물,11,123
2023-11-27,폐기물,12,122
2023-11-27,폐기물,13,125
2023-11-27,폐기물,14,124
2023-11-27,폐기물,15,121
2023-11-27,폐기물,16,120
2023-11-27,폐기물,17,121
2023-11-27,폐기물,18,123
2023-11-27,폐기물,19,125
2023-11-27,폐기물,20,125
2023-11-27,폐기물,21,123
2023-11-27,폐기물,22,124
2023-11-27,폐기물,23,123
2023-11-27,폐기물,24,127
2023-11-27,풍력,1,231
2023-11-27,풍력,2,234
2023-11-27,풍력,3,320
2023-11-27,풍력,4,392
2023-11-27,풍력,5,447
2023-11-27,풍력,6,500
2023-11-27,풍력,7,547
2023-11-27,풍력,8,574
2023-11-27,풍력,9,592
2023-11-27,풍력,10,594
2023-11-27,풍력,11,603
2023-11-27,풍력,12,516
2023-11-27,풍력,13,487
2023-11-27,풍력,14,536
2023-11-27,풍력,15,617
2023-11-27,풍력,16,751
2023-11-27,풍력,17,895
2023-11-27,풍력,18,899
2023-11-27,풍력,19,826
2023-11-27,풍력,20,786
2023-11-27,풍력,21,823
2023-11-27,풍력,22,882
2023-11-27,풍력,23,911
2023-11-27,풍력,24,984
2023-11-27,LNG,1,12349
2023-11-27,LNG,2,11385
2023-11-27,LNG,3,11310
2023-11-27,LNG,4,11570
2023-11-27,LNG,5,12119
2023-11-27,LNG,6,14589
2023-11-27,LNG,7,18145
2023-11-27,LNG,8,21774
2023-11-27,LNG,9,25765
2023-11-27,LNG,10,28981
2023-11-27,LNG,11,28890
2023-11-27,LNG,12,28089
2023-11-27,LNG,13,26432
2023-11-27,LNG,14,26961
2023-11-27,LNG,15,27018
2023-11-27,LNG,16,26230
2023-11-27,LNG,17,26345
2023-11-27,LNG,18,25672
2023-11-27,LNG,19,23693
2023-11-27,LNG,20,21459
2023-11-27,LNG,21,18836
2023-11-27,LNG,22,17490
2023-11-27,LNG,23,16864
2023-11-27,LNG,24,16011
2023-11-27,연료전지,1,827
2023-11-27,연료전지,2,827
2023-11-27,연료전지,3,827
2023-11-27,연료전지,4,826
2023-11-27,연료전지,5,824
2023-11-27,연료전지,6,824
2023-11-27,연료전지,7,824
2023-11-27,연료전지,8,824
2023-11-27,연료전지,9,815
2023-11-27,연료전지,10,805
2023-11-27,연료전지,11,804
2023-11-27,연료전지,12,804
2023-11-27,연료전지,13,804
2023-11-27,연료전지,14,803
2023-11-27,연료전지,15,804
2023-11-27,연료전지,16,804
2023-11-27,연료전지,17,804
2023-11-27,연료전지,18,805
2023-11-27,연료전지,19,806
2023-11-27,연료전지,20,806
2023-11-27,연료전지,21,807
2023-11-27,연료전지,22,808
2023-11-27,연료전지,23,809
2023-11-27,연료전지,24,809
2023-11-27,경유,1,0
2023-11-27,경유,2,0
2023-11-27,경유,3,0
2023-11-27,경유,4,0
2023-11-27,경유,5,0
2023-11-27,경유,6,0
2023-11-27,경유,7,0
2023-11-27,경유,8,0
2023-11-27,경유,9,0
2023-11-27,경유,10,0
2023-11-27,경유,11,0
2023-11-27,경유,12,0
2023-11-27,경유,13,0
2023-11-27,경유,14,0
2023-11-27,경유,15,0
2023-11-27,경유,16,0
2023-11-27,경유,17,0
2023-11-27,경유,18,0
2023-11-27,경유,19,0
2023-11-27,경유,20,0
2023-11-27,경유,21,0
2023-11-27,경유,22,0
2023-11-27,경유,23,0
2023-11-27,경유,24,0
2023-11-27,해양에너지,1,0
2023-11-27,해양에너지,2,74
2023-11-27,해양에너지,3,128
2023-11-27,해양에너지,4,162
2023-11-27,해양에너지,5,157
2023-11-27,해양에너지,6,114
2023-11-27,해양에너지,7,46
2023-11-27,해양에너지,8,2
2023-11-27,해양에너지,9,0
2023-11-27,해양에너지,10,0
2023-11-27,해양에너지,11,0
2023-11-27,해양에너지,12,0
2023-11-27,해양에너지,13,2
2023-11-27,해양에너지,14,80
2023-11-27,해양에너지,15,146
2023-11-27,해양에너지,16,192
2023-11-27,해양에너지,17,197
2023-11-27,해양에너지,18,186
2023-11-27,해양에너지,19,127
2023-11-27,해양에너지,20,54
2023-11-27,해양에너지,21,4
2023-11-27,해양에너지,22,0
2023-11-27,해양에너지,23,0
2023-11-27,해양에너지,24,0
2023-11-27,바이오매스,1,680
2023-11-27,바이오매스,2,680
2023-11-27,바이오매스,3,681
2023-11-27,바이오매스,4,679
2023-11-27,바이오매스,5,679
2023-11-27,바이오매스,6,680
2023-11-27,바이오매스,7,679
2023-11-27,바이오매스,8,677
2023-11-27,바이오매스,9,679
2023-11-27,바이오매스,10,678
2023-11-27,바이오매스,11,678
2023-11-27,바이오매스,12,676
2023-11-27,바이오매스,13,677
2023-11-27,바이오매스,14,676
2023-11-27,바이오매스,15,676
2023-11-27,바이오매스,16,677
2023-11-27,바이오매스,17,678
2023-11-27,바이오매스,18,678
2023-11-27,바이오매스,19,679
2023-11-27,바이오매스,20,677
2023-11-27,바이오매스,21,678
2023-11-27,바이오매스,22,678
2023-11-27,바이오매스,23,676
2023-11-27,바이오매스,24,678
2023-11-27,IGCC,1,265
2023-11-27,IGCC,2,267
2023-11-27,IGCC,3,265
2023-11-27,IGCC,4,264
2023-11-27,IGCC,5,263
2023-11-27,IGCC,6,262
2023-11-27,IGCC,7,263
2023-11-27,IGCC,8,264
2023-11-27,IGCC,9,265
2023-11-27,IGCC,10,264
2023-11-27,IGCC,11,264
2023-11-27,IGCC,12,265
2023-11-27,IGCC,13,266
2023-11-27,IGCC,14,267
2023-11-27,IGCC,15,266
2023-11-27,IGCC,16,268
2023-11-27,IGCC,17,267
2023-11-27,IGCC,18,267
2023-11-27,IGCC,19,267
2023-11-27,IGCC,20,269
2023-11-27,IGCC,21,268
2023-11-27,IGCC,22,267
2023-11-27,IGCC,23,265
2023-11-27,IGCC,24,267
2023-11-27,바이오중유,1,204
2023-11-27,바이오중유,2,204
2023-11-27,바이오중유,3,204
2023-11-27,바이오중유,4,204
2023-11-27,바이오중유,5,204
2023-11-27,바이오중유,6,204
2023-11-27,바이오중유,7,204
2023-11-27,바이오중유,8,204
2023-11-27,바이오중유,9,204
2023-11-27,바이오중유,10,204
2023-11-27,바이오중유,11,204
2023-11-27,바이오중유,12,200
2023-11-27,바이오중유,13,167
2023-11-27,바이오중유,14,134
2023-11-27,바이오중유,15,134
2023-11-27,바이오중유,16,179
2023-11-27,바이오중유,17,204
2023-11-27,바이오중유,18,204
2023-11-27,바이오중유,19,204
2023-11-27,바이오중유,20,204
2023-11-27,바이오중유,21,204
2023-11-27,바이오중유,22,204
2023-11-27,바이오중유,23,205
2023-11-27,바이오중유,24,205
2023-11-27,바이오기타,1,0
2023-11-27,바이오기타,2,0
2023-11-27,바이오기타,3,0
2023-11-27,바이오기타,4,1
2023-11-27,바이오기타,5,1
2023-11-27,바이오기타,6,0
2023-11-27,바이오기타,7,1
2023-11-27,바이오기타,8,1
2023-11-27,바이오기타,9,1
2023-11-27,바이오기타,10,1
2023-11-27,바이오기타,11,0
2023-11-27,바이오기타,12,1
2023-11-27,바이오기타,13,1
2023-11-27,바이오기타,14,0
2023-11-27,바이오기타,15,0
2023-11-27,바이오기타,16,0
2023-11-27,바이오기타,17,1
2023-11-27,바이오기타,18,2
2023-11-27,바이오기타,19,2
2023-11-27,바이오기타,20,2
2023-11-27,바이오기타,21,2
2023-11-27,바이오기타,22,3
2023-11-27,바이오기타,23,3
2023-11-27,바이오기타,24,3
2023-11-27,기타,1,16
2023-11-27,기타,2,16
2023-11-27,기타,3,16
2023-11-27,기타,4,16
2023-11-27,기타,5,16
2023-11-27,기타,6,16
2023-11-27,기타,7,16
2023-11-27,기타,8,16
2023-11-27,기타,9,16
2023-11-27,기타,10,16
2023-11-27,기타,11,16
2023-11-27,기타,12,16
2023-11-27,기타,13,16
2023-11-27,기타,14,16
2023-11-27,기타,15,16
2023-11-27,기타,16,16
2023-11-27,기타,17,16
2023-11-27,기타,18,16
2023-11-27,기타,19,16
2023-11-27,기타,20,16
2023-11-27,기타,21,16
2023-11-27,기타,22,16
2023-11-27,기타,23,16
2023-11-27,기타,24,16
2023-11-28,원자력,1,20730
2023-11-28,원자력,2,20695
2023-11-28,원자력,3,20697
2023-11-28,원자력,4,20699
2023-11-28,원자력,5,20699
2023-11-28,원자력,6,20699
2023-11-28,원자력,7,20676
2023-11-28,원자력,8,20592
2023-11-28,원자력,9,20591
2023-11-28,원자력,10,20588
2023-11-28,원자력,11,20572
2023-11-28,원자력,12,20549
2023-11-28,원자력,13,20546
2023-11-28,원자력,14,20565
2023-11-28,원자력,15,20579
2023-11-28,원자력,16,20590
2023-11-28,원자력,17,20593
2023-11-28,원자력,18,20605
2023-11-28,원자력,19,20672
2023-11-28,원자력,20,20708
2023-11-28,원자력,21,20718
2023-11-28,원자력,22,20716
2023-11-28,원자력,23,20717
2023-11-28,원자력,24,20724
2023-11-28,유연탄,1,22682
2023-11-28,유연탄,2,22142
2023-11-28,유연탄,3,22177
2023-11-28,유연탄,4,21913
2023-11-28,유연탄,5,21927
2023-11-28,유연탄,6,22111
2023-11-28,유연탄,7,22435
2023-11-28,유연탄,8,22891
2023-11-28,유연탄,9,23136
2023-11-28,유연탄,10,21726
2023-11-28,유연탄,11,20275
2023-11-28,유연탄,12,20247
2023-11-28,유연탄,13,19613
2023-11-28,유연탄,14,21007
2023-11-28,유연탄,15,22138
2023-11-28,유연탄,16,22234
2023-11-28,유연탄,17,22216
2023-11-28,유연탄,18,22264
2023-11-28,유연탄,19,22192
2023-11-28,유연탄,20,22205
2023-11-28,유연탄,21,22176
2023-11-28,유연탄,22,21956
2023-11-28,유연탄,23,21994
2023-11-28,유연탄,24,22036
2023-11-28,무연탄,1,150
2023-11-28,무연탄,2,152
2023-11-28,무연탄,3,151
2023-11-28,무연탄,4,147
2023-11-28,무연탄,5,147
2023-11-28,무연탄,6,147
2023-11-28,무연탄,7,152
2023-11-28,무연탄,8,162
2023-11-28,무연탄,9,168
2023-11-28,무연탄,10,168
2023-11-28,무연탄,11,168
2023-11-28,무연탄,12,168
2023-11-28,무연탄,13,168
2023-11-28,무연탄,14,168
2023-11-28,무연탄,15,168
2023-11-28,무연탄,16,168
2023-11-28,무연탄,17,167
2023-11-28,무연탄,18,167
2023-11-28,무연탄,19,167
2023-11-28,무연탄,20,167
2023-11-28,무연탄,21,166
2023-11-28,무연탄,22,167
2023-11-28,무연탄,23,167
2023-11-28,무연탄,24,167
2023-11-28,바이오가스,1,35
2023-11-28,바이오가스,2,34
2023-11-28,바이오가스,3,34
2023-11-28,바이오가스,4,35
2023-11-28,바이오가스,5,35
2023-11-28,바이오가스,6,36
2023-11-28,바이오가스,7,35
2023-11-28,바이오가스,8,34
2023-11-28,바이오가스,9,34
2023-11-28,바이오가스,10,35
2023-11-28,바이오가스,11,36
2023-11-28,바이오가스,12,36
2023-11-28,바이오가스,13,36
2023-11-28,바이오가스,14,36
2023-11-28,바이오가스,15,35
2023-11-28,바이오가스,16,35
2023-11-28,바이오가스,17,34
2023-11-28,바이오가스,18,33
2023-11-28,바이오가스,19,33
2023-11-28,바이오가스,20,33
2023-11-28,바이오가스,21,34
2023-11-28,바이오가스,22,34
2023-11-28,바이오가스,23,35
2023-11-28,바이오가스,24,35
2023-11-28,부생가스,1,53
2023-11-28,부생가스,2,52
2023-11-28,부생가스,3,52
2023-11-28,부생가스,4,52
2023-11-28,부생가스,5,52
2023-11-28,부생가스,6,53
2023-11-28,부생가스,7,53
2023-11-28,부생가스,8,54
2023-11-28,부생가스,9,55
2023-11-28,부생가스,10,63
2023-11-28,부생가스,11,58
2023-11-28,부생가스,12,56
2023-11-28,부생가스,13,70
2023-11-28,부생가스,14,58
2023-11-28,부생가스,15,55
2023-11-28,부생가스,16,56
2023-11-28,부생가스,17,55
2023-11-28,부생가스,18,66
2023-11-28,부생가스,19,64
2023-11-28,부생가스,20,58
2023-11-28,부생가스,21,56
2023-11-28,부생가스,22,56
2023-11-28,부생가스,23,56
2023-11-28,부생가스,24,56
2023-11-28,수력,1,130
2023-11-28,수력,2,126
2023-11-28,수력,3,122
2023-11-28,수력,4,120
2023-11-28,수력,5,119
2023-11-28,수력,6,120
2023-11-28,수력,7,122
2023-11-28,수력,8,129
2023-11-28,수력,9,426
2023-11-28,수력,10,398
2023-11-28,수력,11,354
2023-11-28,수력,12,300
2023-11-28,수력,13,288
2023-11-28,수력,14,333
2023-11-28,수력,15,571
2023-11-28,수력,16,573
2023-11-28,수력,17,575
2023-11-28,수력,18,570
2023-11-28,수력,19,538
2023-11-28,수력,20,465
2023-11-28,수력,21,386
2023-11-28,수력,22,279
2023-11-28,수력,23,261
2023-11-28,수력,24,173
2023-11-28,양수,1,225
2023-11-28,양수,2,0
2023-11-28,양수,3,0
2023-11-28,양수,4,0
2023-11-28,양수,5,0
2023-11-28,양수,6,0
2023-11-28,양수,7,0
2023-11-28,양수,8,0
2023-11-28,양수,9,578
2023-11-28,양수,10,1027
2023-11-28,양수,11,1203
2023-11-28,양수,12,410
2023-11-28,양수,13,0
2023-11-28,양수,14,122
2023-11-28,양수,15,34
2023-11-28,양수,16,0
2023-11-28,양수,17,187
2023-11-28,양수,18,963
2023-11-28,양수,19,1389
2023-11-28,양수,20,1389
2023-11-28,양수,21,1068
2023-11-28,양수,22,720
2023-11-28,양수,23,600
2023-11-28,양수,24,464
2023-11-28,매립가스,1,26
2023-11-28,매립가스,2,26
2023-11-28,매립가스,3,26
2023-11-28,매립가스,4,26
2023-11-28,매립가스,5,26
2023-11-28,매립가스,6,26
2023-11-28,매립가스,7,26
2023-11-28,매립가스,8,26
2023-11-28,매립가스,9,26
2023-11-28,매립가스,10,26
2023-11-28,매립가스,11,26
2023-11-28,매립가스,12,26
2023-11-28,매립가스,13,22
2023-11-28,매립가스,14,24
2023-11-28,매립가스,15,22
2023-11-28,매립가스,16,26
2023-11-28,매립가스,17,26
2023-11-28,매립가스,18,27
2023-11-28,매립가스,19,27
2023-11-28,매립가스,20,27
2023-11-28,매립가스,21,27
2023-11-28,매립가스,22,27
2023-11-28,매립가스,23,27
2023-11-28,매립가스,24,26
2023-11-28,중유,1,34
2023-11-28,중유,2,33
2023-11-28,중유,3,33
2023-11-28,중유,4,33
2023-11-28,중유,5,32
2023-11-28,중유,6,33
2023-11-28,중유,7,32
2023-11-28,중유,8,32
2023-11-28,중유,9,32
2023-11-28,중유,10,32
2023-11-28,중유,11,32
2023-11-28,중유,12,31
2023-11-28,중유,13,39
2023-11-28,중유,14,53
2023-11-28,중유,15,63
2023-11-28,중유,16,67
2023-11-28,중유,17,63
2023-11-28,중유,18,62
2023-11-28,중유,19,63
2023-11-28,중유,20,63
2023-11-28,중유,21,63
2023-11-28,중유,22,62
2023-11-28,중유,23,62
2023-11-28,중유,24,63
2023-11-28,태양광,1,0
2023-11-28,태양광,2,0
2023-11-28,태양광,3,0
2023-11-28,태양광,4,0
2023-11-28,태양광,5,0
2023-11-28,태양광,6,0
2023-11-28,태양광,7,0
2023-11-28,태양광,8,51
2023-11-28,태양광,9,754
2023-11-28,태양광,10,2206
2023-11-28,태양광,11,3149
2023-11-28,태양광,12,3447
2023-11-28,태양광,13,3414
2023-11-28,태양광,14,3002
2023-11-28,태양광,15,2496
2023-11-28,태양광,16,1648
2023-11-28,태양광,17,1094
2023-11-28,태양광,18,755
2023-11-28,태양광,19,825
2023-11-28,태양광,20,642
2023-11-28,태양광,21,304
2023-11-28,태양광,22,153
2023-11-28,태양광,23,63
2023-11-28,태양광,24,16
2023-11-28,폐기물,1,131
2023-11-28,폐기물,2,127
2023-11-28,폐기물,3,125
2023-11-28,폐기물,4,123
2023-11-28,폐기물,5,126
2023-11-28,폐기물,6,126
2023-11-28,폐기물,7,127
2023-11-28,폐기물,8,130
2023-11-28,폐기물,9,123
2023-11-28,폐기물,10,115
2023-11-28,폐기물,11,119
2023-11-28,폐기물,12,119
2023-11-28,폐기물,13,120
2023-11-28,폐기물,14,119
2023-11-28,폐기물,15,121
2023-11-28,폐기물,16,117
2023-11-28,폐기물,17,119
2023-11-28,폐기물,18,120
2023-11-28,폐기물,19,122
2023-11-28,폐기물,20,125
2023-11-28,폐기물,21,126
2023-11-28,폐기물,22,132
2023-11-28,폐기물,23,134
2023-11-28,폐기물,24,137
2023-11-28,풍력,1,1031
2023-11-28,풍력,2,1047
2023-11-28,풍력,3,988
2023-11-28,풍력,4,987
2023-11-28,풍력,5,1066
2023-11-28,풍력,6,1076
2023-11-28,풍력,7,970
2023-11-28,풍력,8,994
2023-11-28,풍력,9,899
2023-11-28,풍력,10,848
2023-11-28,풍력,11,882
2023-11-28,풍력,12,935
2023-11-28,풍력,13,950
2023-11-28,풍력,14,874
2023-11-28,풍력,15,838
2023-11-28,풍력,16,852
2023-11-28,풍력,17,822
2023-11-28,풍력,18,788
2023-11-28,풍력,19,693
2023-11-28,풍력,20,640
2023-11-28,풍력,21,637
2023-11-28,풍력,22,651
2023-11-28,풍력,23,592
2023-11-28,풍력,24,657
2023-11-28,LNG,1,13341
2023-11-28,LNG,2,11851
2023-11-28,LNG,3,11755
2023-11-28,LNG,4,11777
2023-11-28,LNG,5,12350
2023-11-28,LNG,6,13792
2023-11-28,LNG,7,16667
2023-11-28,LNG,8,20574
2023-11-28,LNG,9,24129
2023-11-28,LNG,10,23142
2023-11-28,LNG,11,21339
2023-11-28,LNG,12,19925
2023-11-28,LNG,13,18883
2023-11-28,LNG,14,20481
2023-11-28,LNG,15,22169
2023-11-28,LNG,16,25117
2023-11-28,LNG,17,27350
2023-11-28,LNG,18,27130
2023-11-28,LNG,19,25372
2023-11-28,LNG,20,23800
2023-11-28,LNG,21,21753
2023-11-28,LNG,22,20077
2023-11-28,LNG,23,19836
2023-11-28,LNG,24,19169
2023-11-28,연료전지,1,809
2023-11-28,연료전지,2,809
2023-11-28,연료전지,3,809
2023-11-28,연료전지,4,809
2023-11-28,연료전지,5,808
2023-11-28,연료전지,6,808
2023-11-28,연료전지,7,808
2023-11-28,연료전지,8,806
2023-11-28,연료전지,9,806
2023-11-28,연료전지,10,806
2023-11-28,연료전지,11,806
2023-11-28,연료전지,12,806
2023-11-28,연료전지,13,806
2023-11-28,연료전지,14,807
2023-11-28,연료전지,15,808
2023-11-28,연료전지,16,809
2023-11-28,연료전지,17,809
2023-11-28,연료전지,18,809
2023-11-28,연료전지,19,810
2023-11-28,연료전지,20,812
2023-11-28,연료전지,21,812
2023-11-28,연료전지,22,813
2023-11-28,연료전지,23,813
2023-11-28,연료전지,24,812
2023-11-28,경유,1,0
2023-11-28,경유,2,0
2023-11-28,경유,3,0
2023-11-28,경유,4,0
2023-11-28,경유,5,0
2023-11-28,경유,6,0
2023-11-28,경유,7,0
2023-11-28,경유,8,0
2023-11-28,경유,9,0
2023-11-28,경유,10,0
2023-11-28,경유,11,0
2023-11-28,경유,12,0
2023-11-28,경유,13,0
2023-11-28,경유,14,0
2023-11-28,경유,15,0
2023-11-28,경유,16,0
2023-11-28,경유,17,0
2023-11-28,경유,18,0
2023-11-28,경유,19,0
2023-11-28,경유,20,0
2023-11-28,경유,21,0
2023-11-28,경유,22,0
2023-11-28,경유,23,0
2023-11-28,경유,24,0
2023-11-28,해양에너지,1,0
2023-11-28,해양에너지,2,5
2023-11-28,해양에너지,3,83
2023-11-28,해양에너지,4,130
2023-11-28,해양에너지,5,148
2023-11-28,해양에너지,6,128
2023-11-28,해양에너지,7,77
2023-11-28,해양에너지,8,15
2023-11-28,해양에너지,9,0
2023-11-28,해양에너지,10,0
2023-11-28,해양에너지,11,0
2023-11-28,해양에너지,12,0
2023-11-28,해양에너지,13,0
2023-11-28,해양에너지,14,26
2023-11-28,해양에너지,15,108
2023-11-28,해양에너지,16,173
2023-11-28,해양에너지,17,197
2023-11-28,해양에너지,18,196
2023-11-28,해양에너지,19,171
2023-11-28,해양에너지,20,101
2023-11-28,해양에너지,21,33
2023-11-28,해양에너지,22,0
2023-11-28,해양에너지,23,0
2023-11-28,해양에너지,24,0
2023-11-28,바이오매스,1,679
2023-11-28,바이오매스,2,676
2023-11-28,바이오매스,3,674
2023-11-28,바이오매스,4,673
2023-11-28,바이오매스,5,676
2023-11-28,바이오매스,6,677
2023-11-28,바이오매스,7,676
2023-11-28,바이오매스,8,677
2023-11-28,바이오매스,9,680
2023-11-28,바이오매스,10,679
2023-11-28,바이오매스,11,677
2023-11-28,바이오매스,12,677
2023-11-28,바이오매스,13,675
2023-11-28,바이오매스,14,673
2023-11-28,바이오매스,15,673
2023-11-28,바이오매스,16,676
2023-11-28,바이오매스,17,678
2023-11-28,바이오매스,18,674
2023-11-28,바이오매스,19,671
2023-11-28,바이오매스,20,674
2023-11-28,바이오매스,21,661
2023-11-28,바이오매스,22,656
2023-11-28,바이오매스,23,657
2023-11-28,바이오매스,24,656
2023-11-28,IGCC,1,268
2023-11-28,IGCC,2,268
2023-11-28,IGCC,3,266
2023-11-28,IGCC,4,268
2023-11-28,IGCC,5,270
2023-11-28,IGCC,6,271
2023-11-28,IGCC,7,269
2023-11-28,IGCC,8,269
2023-11-28,IGCC,9,269
2023-11-28,IGCC,10,229
2023-11-28,IGCC,11,190
2023-11-28,IGCC,12,197
2023-11-28,IGCC,13,203
2023-11-28,IGCC,14,212
2023-11-28,IGCC,15,222
2023-11-28,IGCC,16,227
2023-11-28,IGCC,17,235
2023-11-28,IGCC,18,244
2023-11-28,IGCC,19,248
2023-11-28,IGCC,20,258
2023-11-28,IGCC,21,268
2023-11-28,IGCC,22,264
2023-11-28,IGCC,23,263
2023-11-28,IGCC,24,264
2023-11-28,바이오중유,1,204
2023-11-28,바이오중유,2,204
2023-11-28,바이오중유,3,205
2023-11-28,바이오중유,4,215
2023-11-28,바이오중유,5,204
2023-11-28,바이오중유,6,204
2023-11-28,바이오중유,7,213
2023-11-28,바이오중유,8,207
2023-11-28,바이오중유,9,204
2023-11-28,바이오중유,10,204
2023-11-28,바이오중유,11,205
2023-11-28,바이오중유,12,205
2023-11-28,바이오중유,13,204
2023-11-28,바이오중유,14,184
2023-11-28,바이오중유,15,177
2023-11-28,바이오중유,16,151
2023-11-28,바이오중유,17,202
2023-11-28,바이오중유,18,205
2023-11-28,바이오중유,19,208
2023-11-28,바이오중유,20,204
2023-11-28,바이오중유,21,204
2023-11-28,바이오중유,22,204
2023-11-28,바이오중유,23,204
2023-11-28,바이오중유,24,204
2023-11-28,바이오기타,1,3
2023-11-28,바이오기타,2,3
2023-11-28,바이오기타,3,3
2023-11-28,바이오기타,4,3
2023-11-28,바이오기타,5,3
2023-11-28,바이오기타,6,3
2023-11-28,바이오기타,7,3
2023-11-28,바이오기타,8,3
2023-11-28,바이오기타,9,2
2023-11-28,바이오기타,10,3
2023-11-28,바이오기타,11,2
2023-11-28,바이오기타,12,2
2023-11-28,바이오기타,13,2
2023-11-28,바이오기타,14,3
2023-11-28,바이오기타,15,2
2023-11-28,바이오기타,16,2
2023-11-28,바이오기타,17,3
2023-11-28,바이오기타,18,2
2023-11-28,바이오기타,19,3
2023-11-28,바이오기타,20,2
2023-11-28,바이오기타,21,2
2023-11-28,바이오기타,22,2
2023-11-28,바이오기타,23,3
2023-11-28,바이오기타,24,3
2023-11-28,기타,1,16
2023-11-28,기타,2,16
2023-11-28,기타,3,16
2023-11-28,기타,4,16
2023-11-28,기타,5,16
2023-11-28,기타,6,16
2023-11-28,기타,7,16
2023-11-28,기타,8,16
2023-11-28,기타,9,16
2023-11-28,기타,10,16
2023-11-28,기타,11,16
2023-11-28,기타,12,16
2023-11-28,기타,13,16
2023-11-28,기타,14,16
2023-11-28,기타,15,16
2023-11-28,기타,16,16
2023-11-28,기타,17,16
2023-11-28,기타,18,16
2023-11-28,기타,19,16
2023-11-28,기타,20,21
2023-11-28,기타,21,31
2023-11-28,기타,22,49
2023-11-28,기타,23,51
2023-11-28,기타,24,51
2023-11-29,원자력,1,20725
2023-11-29,원자력,2,20724
2023-11-29,원자력,3,20725
2023-11-29,원자력,4,20726
2023-11-29,원자력,5,20725
2023-11-29,원자력,6,20727
2023-11-29,원자력,7,20725
2023-11-29,원자력,8,20726
2023-11-29,원자력,9,20724
2023-11-29,원자력,10,20726
2023-11-29,원자력,11,20733
2023-11-29,원자력,12,20732
2023-11-29,원자력,13,20721
2023-11-29,원자력,14,20720
2023-11-29,원자력,15,20722
2023-11-29,원자력,16,20720
2023-11-29,원자력,17,20719
2023-11-29,원자력,18,20719
2023-11-29,원자력,19,20720
2023-11-29,원자력,20,20721
2023-11-29,원자력,21,20719
2023-11-29,원자력,22,20719
2023-11-29,원자력,23,20720
2023-11-29,원자력,24,20726
2023-11-29,유연탄,1,21884
2023-11-29,유연탄,2,22053
2023-11-29,유연탄,3,22323
2023-11-29,유연탄,4,22264
2023-11-29,유연탄,5,22376
2023-11-29,유연탄,6,22294
2023-11-29,유연탄,7,21958
2023-11-29,유연탄,8,22058
2023-11-29,유연탄,9,22262
2023-11-29,유연탄,10,22638
2023-11-29,유연탄,11,23031
2023-11-29,유연탄,12,23069
2023-11-29,유연탄,13,22756
2023-11-29,유연탄,14,23438
2023-11-29,유연탄,15,23507
2023-11-29,유연탄,16,23406
2023-11-29,유연탄,17,23446
2023-11-29,유연탄,18,24017
2023-11-29,유연탄,19,24387
2023-11-29,유연탄,20,24514
2023-11-29,유연탄,21,24518
2023-11-29,유연탄,22,24564
2023-11-29,유연탄,23,24894
2023-11-29,유연탄,24,24915
2023-11-29,무연탄,1,167
2023-11-29,무연탄,2,167
2023-11-29,무연탄,3,167
2023-11-29,무연탄,4,167
2023-11-29,무연탄,5,167
2023-11-29,무연탄,6,168
2023-11-29,무연탄,7,167
2023-11-29,무연탄,8,167
2023-11-29,무연탄,9,167
2023-11-29,무연탄,10,168
2023-11-29,무연탄,11,167
2023-11-29,무연탄,12,168
2023-11-29,무연탄,13,167
2023-11-29,무연탄,14,167
2023-11-29,무연탄,15,167
2023-11-29,무연탄,16,167
2023-11-29,무연탄,17,166
2023-11-29,무연탄,18,167
2023-11-29,무연탄,19,167
2023-11-29,무연탄,20,166
2023-11-29,무연탄,21,166
2023-11-29,무연탄,22,167
2023-11-29,무연탄,23,166
2023-11-29,무연탄,24,167
2023-11-29,바이오가스,1,34
2023-11-29,바이오가스,2,34
2023-11-29,바이오가스,3,34
2023-11-29,바이오가스,4,33
2023-11-29,바이오가스,5,35
2023-11-29,바이오가스,6,35
2023-11-29,바이오가스,7,34
2023-11-29,바이오가스,8,35
2023-11-29,바이오가스,9,35
2023-11-29,바이오가스,10,36
2023-11-29,바이오가스,11,37
2023-11-29,바이오가스,12,36
2023-11-29,바이오가스,13,36
2023-11-29,바이오가스,14,36
2023-11-29,바이오가스,15,34
2023-11-29,바이오가스,16,35
2023-11-29,바이오가스,17,34
2023-11-29,바이오가스,18,34
2023-11-29,바이오가스,19,34
2023-11-29,바이오가스,20,35
2023-11-29,바이오가스,21,34
2023-11-29,바이오가스,22,34
2023-11-29,바이오가스,23,34
2023-11-29,바이오가스,24,33
2023-11-29,부생가스,1,56
2023-11-29,부생가스,2,56
2023-11-29,부생가스,3,56
2023-11-29,부생가스,4,55
2023-11-29,부생가스,5,54
2023-11-29,부생가스,6,54
2023-11-29,부생가스,7,54
2023-11-29,부생가스,8,56
2023-11-29,부생가스,9,56
2023-11-29,부생가스,10,56
2023-11-29,부생가스,11,56
2023-11-29,부생가스,12,56
2023-11-29,부생가스,13,63
2023-11-29,부생가스,14,79
2023-11-29,부생가스,15,66
2023-11-29,부생가스,16,42
2023-11-29,부생가스,17,41
2023-11-29,부생가스,18,40
2023-11-29,부생가스,19,40
2023-11-29,부생가스,20,40
2023-11-29,부생가스,21,43
2023-11-29,부생가스,22,54
2023-11-29,부생가스,23,55
2023-11-29,부생가스,24,55
2023-11-29,수력,1,139
2023-11-29,수력,2,138
2023-11-29,수력,3,134
2023-11-29,수력,4,131
2023-11-29,수력,5,130
2023-11-29,수력,6,130
2023-11-29,수력,7,131
2023-11-29,수력,8,229
2023-11-29,수력,9,482
2023-11-29,수력,10,496
2023-11-29,수력,11,507
2023-11-29,수력,12,500
2023-11-29,수력,13,224
2023-11-29,수력,14,297
2023-11-29,수력,15,453
2023-11-29,수력,16,554
2023-11-29,수력,17,586
2023-11-29,수력,18,527
2023-11-29,수력,19,462
2023-11-29,수력,20,395
2023-11-29,수력,21,311
2023-11-29,수력,22,273
2023-11-29,수력,23,225
2023-11-29,수력,24,181
2023-11-29,양수,1,193
2023-11-29,양수,2,0
2023-11-29,양수,3,0
2023-11-29,양수,4,0
2023-11-29,양수,5,0
2023-11-29,양수,6,0
2023-11-29,양수,7,0
2023-11-29,양수,8,0
2023-11-29,양수,9,304
2023-11-29,양수,10,26
2023-11-29,양수,11,0
2023-11-29,양수,12,0
2023-11-29,양수,13,0
2023-11-29,양수,14,360
2023-11-29,양수,15,1030
2023-11-29,양수,16,1234
2023-11-29,양수,17,1166
2023-11-29,양수,18,1520
2023-11-29,양수,19,1434
2023-11-29,양수,20,1353
2023-11-29,양수,21,764
2023-11-29,양수,22,363
2023-11-29,양수,23,312
2023-11-29,양수,24,170
2023-11-29,매립가스,1,26
2023-11-29,매립가스,2,26
2023-11-29,매립가스,3,26
2023-11-29,매립가스,4,26
2023-11-29,매립가스,5,26
2023-11-29,매립가스,6,26
2023-11-29,매립가스,7,26
2023-11-29,매립가스,8,26
2023-11-29,매립가스,9,26
2023-11-29,매립가스,10,26
2023-11-29,매립가스,11,26
2023-11-29,매립가스,12,26
2023-11-29,매립가스,13,26
2023-11-29,매립가스,14,26
2023-11-29,매립가스,15,26
2023-11-29,매립가스,16,26
2023-11-29,매립가스,17,26
2023-11-29,매립가스,18,26
2023-11-29,매립가스,19,26
2023-11-29,매립가스,20,26
2023-11-29,매립가스,21,26
2023-11-29,매립가스,22,26
2023-11-29,매립가스,23,26
2023-11-29,매립가스,24,25
2023-11-29,중유,1,63
2023-11-29,중유,2,63
2023-11-29,중유,3,63
2023-11-29,중유,4,63
2023-11-29,중유,5,63
2023-11-29,중유,6,62
2023-11-29,중유,7,62
2023-11-29,중유,8,62
2023-11-29,중유,9,62
2023-11-29,중유,10,61
2023-11-29,중유,11,62
2023-11-29,중유,12,61
2023-11-29,중유,13,62
2023-11-29,중유,14,61
2023-11-29,중유,15,62
2023-11-29,중유,16,62
2023-11-29,중유,17,62
2023-11-29,중유,18,62
2023-11-29,중유,19,62
2023-11-29,중유,20,62
2023-11-29,중유,21,61
2023-11-29,중유,22,62
2023-11-29,중유,23,62
2023-11-29,중유,24,62
2023-11-29,태양광,1,3
2023-11-29,태양광,2,1
2023-11-29,태양광,3,0
2023-11-29,태양광,4,0
2023-11-29,태양광,5,0
2023-11-29,태양광,6,0
2023-11-29,태양광,7,0
2023-11-29,태양광,8,55
2023-11-29,태양광,9,716
2023-11-29,태양광,10,1837
2023-11-29,태양광,11,2318
2023-11-29,태양광,12,2320
2023-11-29,태양광,13,2132
2023-11-29,태양광,14,1805
2023-11-29,태양광,15,1049
2023-11-29,태양광,16,470
2023-11-29,태양광,17,739
2023-11-29,태양광,18,707
2023-11-29,태양광,19,540
2023-11-29,태양광,20,245
2023-11-29,태양광,21,112
2023-11-29,태양광,22,44
2023-11-29,태양광,23,15
2023-11-29,태양광,24,4
2023-11-29,폐기물,1,135
2023-11-29,폐기물,2,138
2023-11-29,폐기물,3,137
2023-11-29,폐기물,4,138
2023-11-29,폐기물,5,136
2023-11-29,폐기물,6,134
2023-11-29,폐기물,7,137
2023-11-29,폐기물,8,135
2023-11-29,폐기물,9,131
2023-11-29,폐기물,10,128
2023-11-29,폐기물,11,125
2023-11-29,폐기물,12,115
2023-11-29,폐기물,13,126
2023-11-29,폐기물,14,128
2023-11-29,폐기물,15,132
2023-11-29,폐기물,16,131
2023-11-29,폐기물,17,131
2023-11-29,폐기물,18,131
2023-11-29,폐기물,19,126
2023-11-29,폐기물,20,128
2023-11-29,폐기물,21,132
2023-11-29,폐기물,22,133
2023-11-29,폐기물,23,134
2023-11-29,폐기물,24,134
2023-11-29,풍력,1,679
2023-11-29,풍력,2,701
2023-11-29,풍력,3,706
2023-11-29,풍력,4,688
2023-11-29,풍력,5,662
2023-11-29,풍력,6,663
2023-11-29,풍력,7,595
2023-11-29,풍력,8,468
2023-11-29,풍력,9,363
2023-11-29,풍력,10,386
2023-11-29,풍력,11,395
2023-11-29,풍력,12,393
2023-11-29,풍력,13,454
2023-11-29,풍력,14,484
2023-11-29,풍력,15,489
2023-11-29,풍력,16,508
2023-11-29,풍력,17,521
2023-11-29,풍력,18,691
2023-11-29,풍력,19,845
2023-11-29,풍력,20,1038
2023-11-29,풍력,21,1224
2023-11-29,풍력,22,1294
2023-11-29,풍력,23,1371
2023-11-29,풍력,24,1399
2023-11-29,LNG,1,16033
2023-11-29,LNG,2,13808
2023-11-29,LNG,3,13340
2023-11-29,LNG,4,12803
2023-11-29,LNG,5,13303
2023-11-29,LNG,6,15162
2023-11-29,LNG,7,18687
2023-11-29,LNG,8,22864
2023-11-29,LNG,9,27391
2023-11-29,LNG,10,26892
2023-11-29,LNG,11,24817
2023-11-29,LNG,12,23968
2023-11-29,LNG,13,21976
2023-11-29,LNG,14,24852
2023-11-29,LNG,15,27129
2023-11-29,LNG,16,28559
2023-11-29,LNG,17,28172
2023-11-29,LNG,18,25815
2023-11-29,LNG,19,23286
2023-11-29,LNG,20,22239
2023-11-29,LNG,21,20316
2023-11-29,LNG,22,18357
2023-11-29,LNG,23,17899
2023-11-29,LNG,24,17177
2023-11-29,연료전지,1,813
2023-11-29,연료전지,2,813
2023-11-29,연료전지,3,813
2023-11-29,연료전지,4,813
2023-11-29,연료전지,5,813
2023-11-29,연료전지,6,813
2023-11-29,연료전지,7,813
2023-11-29,연료전지,8,813
2023-11-29,연료전지,9,813
2023-11-29,연료전지,10,814
2023-11-29,연료전지,11,813
2023-11-29,연료전지,12,812
2023-11-29,연료전지,13,812
2023-11-29,연료전지,14,813
2023-11-29,연료전지,15,812
2023-11-29,연료전지,16,811
2023-11-29,연료전지,17,810
2023-11-29,연료전지,18,812
2023-11-29,연료전지,19,813
2023-11-29,연료전지,20,812
2023-11-29,연료전지,21,813
2023-11-29,연료전지,22,812
2023-11-29,연료전지,23,812
2023-11-29,연료전지,24,812
2023-11-29,경유,1,0
2023-11-29,경유,2,0
2023-11-29,경유,3,0
2023-11-29,경유,4,0
2023-11-29,경유,5,0
2023-11-29,경유,6,0
2023-11-29,경유,7,0
2023-11-29,경유,8,0
2023-11-29,경유,9,0
2023-11-29,경유,10,0
2023-11-29,경유,11,0
2023-11-29,경유,12,0
2023-11-29,경유,13,0
2023-11-29,경유,14,0
2023-11-29,경유,15,0
2023-11-29,경유,16,0
2023-11-29,경유,17,0
2023-11-29,경유,18,0
2023-11-29,경유,19,0
2023-11-29,경유,20,0
2023-11-29,경유,21,0
2023-11-29,경유,22,0
2023-11-29,경유,23,0
2023-11-29,경유,24,0
2023-11-29,해양에너지,1,0
2023-11-29,해양에너지,2,0
2023-11-29,해양에너지,3,38
2023-11-29,해양에너지,4,106
2023-11-29,해양에너지,5,143
2023-11-29,해양에너지,6,149
2023-11-29,해양에너지,7,115
2023-11-29,해양에너지,8,55
2023-11-29,해양에너지,9,5
2023-11-29,해양에너지,10,0
2023-11-29,해양에너지,11,0
2023-11-29,해양에너지,12,0
2023-11-29,해양에너지,13,0
2023-11-29,해양에너지,14,0
2023-11-29,해양에너지,15,56
2023-11-29,해양에너지,16,139
2023-11-29,해양에너지,17,199
2023-11-29,해양에너지,18,221
2023-11-29,해양에너지,19,213
2023-11-29,해양에너지,20,159
2023-11-29,해양에너지,21,80
2023-11-29,해양에너지,22,12
2023-11-29,해양에너지,23,0
2023-11-29,해양에너지,24,0
2023-11-29,바이오매스,1,657
2023-11-29,바이오매스,2,658
2023-11-29,바이오매스,3,658
2023-11-29,바이오매스,4,658
2023-11-29,바이오매스,5,658
2023-11-29,바이오매스,6,659
2023-11-29,바이오매스,7,656
2023-11-29,바이오매스,8,655
2023-11-29,바이오매스,9,656
2023-11-29,바이오매스,10,653
2023-11-29,바이오매스,11,654
2023-11-29,바이오매스,12,654
2023-11-29,바이오매스,13,654
2023-11-29,바이오매스,14,626
2023-11-29,바이오매스,15,593
2023-11-29,바이오매스,16,564
2023-11-29,바이오매스,17,565
2023-11-29,바이오매스,18,567
2023-11-29,바이오매스,19,567
2023-11-29,바이오매스,20,564
2023-11-29,바이오매스,21,568
2023-11-29,바이오매스,22,566
2023-11-29,바이오매스,23,568
2023-11-29,바이오매스,24,567
2023-11-29,IGCC,1,264
2023-11-29,IGCC,2,264
2023-11-29,IGCC,3,263
2023-11-29,IGCC,4,265
2023-11-29,IGCC,5,264
2023-11-29,IGCC,6,265
2023-11-29,IGCC,7,263
2023-11-29,IGCC,8,262
2023-11-29,IGCC,9,262
2023-11-29,IGCC,10,270
2023-11-29,IGCC,11,253
2023-11-29,IGCC,12,263
2023-11-29,IGCC,13,256
2023-11-29,IGCC,14,269
2023-11-29,IGCC,15,265
2023-11-29,IGCC,16,267
2023-11-29,IGCC,17,266
2023-11-29,IGCC,18,265
2023-11-29,IGCC,19,264
2023-11-29,IGCC,20,266
2023-11-29,IGCC,21,266
2023-11-29,IGCC,22,266
2023-11-29,IGCC,23,264
2023-11-29,IGCC,24,265
2023-11-29,바이오중유,1,204
2023-11-29,바이오중유,2,204
2023-11-29,바이오중유,3,204
2023-11-29,바이오중유,4,204
2023-11-29,바이오중유,5,204
2023-11-29,바이오중유,6,204
2023-11-29,바이오중유,7,204
2023-11-29,바이오중유,8,213
2023-11-29,바이오중유,9,212
2023-11-29,바이오중유,10,204
2023-11-29,바이오중유,11,204
2023-11-29,바이오중유,12,166
2023-11-29,바이오중유,13,141
2023-11-29,바이오중유,14,193
2023-11-29,바이오중유,15,205
2023-11-29,바이오중유,16,218
2023-11-29,바이오중유,17,232
2023-11-29,바이오중유,18,228
2023-11-29,바이오중유,19,205
2023-11-29,바이오중유,20,204
2023-11-29,바이오중유,21,204
2023-11-29,바이오중유,22,204
2023-11-29,바이오중유,23,204
2023-11-29,바이오중유,24,204
2023-11-29,바이오기타,1,3
2023-11-29,바이오기타,2,3
2023-11-29,바이오기타,3,3
2023-11-29,바이오기타,4,3
2023-11-29,바이오기타,5,3
2023-11-29,바이오기타,6,3
2023-11-29,바이오기타,7,4
2023-11-29,바이오기타,8,3
2023-11-29,바이오기타,9,2
2023-11-29,바이오기타,10,1
2023-11-29,바이오기타,11,1
2023-11-29,바이오기타,12,1
2023-11-29,바이오기타,13,1
2023-11-29,바이오기타,14,0
2023-11-29,바이오기타,15,0
2023-11-29,바이오기타,16,1
2023-11-29,바이오기타,17,1
2023-11-29,바이오기타,18,2
2023-11-29,바이오기타,19,3
2023-11-29,바이오기타,20,2
2023-11-29,바이오기타,21,3
2023-11-29,바이오기타,22,3
2023-11-29,바이오기타,23,3
2023-11-29,바이오기타,24,3
2023-11-29,기타,1,49
2023-11-29,기타,2,51
2023-11-29,기타,3,51
2023-11-29,기타,4,50
2023-11-29,기타,5,51
2023-11-29,기타,6,50
2023-11-29,기타,7,49
2023-11-29,기타,8,39
2023-11-29,기타,9,34
2023-11-29,기타,10,34
2023-11-29,기타,11,32
2023-11-29,기타,12,31
2023-11-29,기타,13,29
2023-11-29,기타,14,29
2023-11-29,기타,15,29
2023-11-29,기타,16,35
2023-11-29,기타,17,37
2023-11-29,기타,18,36
2023-11-29,기타,19,39
2023-11-29,기타,20,42
2023-11-29,기타,21,48
2023-11-29,기타,22,49
2023-11-29,기타,23,48
2023-11-29,기타,24,45
2023-11-30,원자력,1,20726
2023-11-30,원자력,2,20723
2023-11-30,원자력,3,20723
2023-11-30,원자력,4,20723
2023-11-30,원자력,5,20725
2023-11-30,원자력,6,20724
2023-11-30,원자력,7,20722
2023-11-30,원자력,8,20721
2023-11-30,원자력,9,20721
2023-11-30,원자력,10,20722
2023-11-30,원자력,11,20719
2023-11-30,원자력,12,20715
2023-11-30,원자력,13,20716
2023-11-30,원자력,14,20716
2023-11-30,원자력,15,20714
2023-11-30,원자력,16,20710
2023-11-30,원자력,17,20713
2023-11-30,원자력,18,20713
2023-11-30,원자력,19,20713
2023-11-30,원자력,20,20714
2023-11-30,원자력,21,20712
2023-11-30,원자력,22,20710
2023-11-30,원자력,23,20710
2023-11-30,원자력,24,20712
2023-11-30,유연탄,1,25040
2023-11-30,유연탄,2,24657
2023-11-30,유연탄,3,24656
2023-11-30,유연탄,4,24922
2023-11-30,유연탄,5,24999
2023-11-30,유연탄,6,24685
2023-11-30,유연탄,7,24686
2023-11-30,유연탄,8,25442
2023-11-30,유연탄,9,26012
2023-11-30,유연탄,10,25648
2023-11-30,유연탄,11,23673
2023-11-30,유연탄,12,22100
2023-11-30,유연탄,13,21193
2023-11-30,유연탄,14,21886
2023-11-30,유연탄,15,23625
2023-11-30,유연탄,16,25309
2023-11-30,유연탄,17,26303
2023-11-30,유연탄,18,26540
2023-11-30,유연탄,19,26487
2023-11-30,유연탄,20,26501
2023-11-30,유연탄,21,26295
2023-11-30,유연탄,22,26340
2023-11-30,유연탄,23,26421
2023-11-30,유연탄,24,26542
2023-11-30,무연탄,1,166
2023-11-30,무연탄,2,166
2023-11-30,무연탄,3,167
2023-11-30,무연탄,4,167
2023-11-30,무연탄,5,167
2023-11-30,무연탄,6,167
2023-11-30,무연탄,7,166
2023-11-30,무연탄,8,167
2023-11-30,무연탄,9,167
2023-11-30,무연탄,10,167
2023-11-30,무연탄,11,168
2023-11-30,무연탄,12,167
2023-11-30,무연탄,13,167
2023-11-30,무연탄,14,167
2023-11-30,무연탄,15,165
2023-11-30,무연탄,16,159
2023-11-30,무연탄,17,165
2023-11-30,무연탄,18,167
2023-11-30,무연탄,19,168
2023-11-30,무연탄,20,167
2023-11-30,무연탄,21,167
2023-11-30,무연탄,22,167
2023-11-30,무연탄,23,167
2023-11-30,무연탄,24,168
2023-11-30,바이오가스,1,33
2023-11-30,바이오가스,2,34
2023-11-30,바이오가스,3,33
2023-11-30,바이오가스,4,34
2023-11-30,바이오가스,5,34
2023-11-30,바이오가스,6,34
2023-11-30,바이오가스,7,35
2023-11-30,바이오가스,8,35
2023-11-30,바이오가스,9,35
2023-11-30,바이오가스,10,35
2023-11-30,바이오가스,11,35
2023-11-30,바이오가스,12,36
2023-11-30,바이오가스,13,36
2023-11-30,바이오가스,14,35
2023-11-30,바이오가스,15,35
2023-11-30,바이오가스,16,35
2023-11-30,바이오가스,17,33
2023-11-30,바이오가스,18,31
2023-11-30,바이오가스,19,31
2023-11-30,바이오가스,20,34
2023-11-30,바이오가스,21,33
2023-11-30,바이오가스,22,32
2023-11-30,바이오가스,23,33
2023-11-30,바이오가스,24,33
2023-11-30,부생가스,1,55
2023-11-30,부생가스,2,55
2023-11-30,부생가스,3,55
2023-11-30,부생가스,4,55
2023-11-30,부생가스,5,54
2023-11-30,부생가스,6,54
2023-11-30,부생가스,7,54
2023-11-30,부생가스,8,55
2023-11-30,부생가스,9,56
2023-11-30,부생가스,10,59
2023-11-30,부생가스,11,54
2023-11-30,부생가스,12,54
2023-11-30,부생가스,13,54
2023-11-30,부생가스,14,100
2023-11-30,부생가스,15,98
2023-11-30,부생가스,16,55
2023-11-30,부생가스,17,54
2023-11-30,부생가스,18,53
2023-11-30,부생가스,19,56
2023-11-30,부생가스,20,56
2023-11-30,부생가스,21,56
2023-11-30,부생가스,22,56
2023-11-30,부생가스,23,56
2023-11-30,부생가스,24,56
2023-11-30,수력,1,122
2023-11-30,수력,2,121
2023-11-30,수력,3,119
2023-11-30,수력,4,116
2023-11-30,수력,5,114
2023-11-30,수력,6,113
2023-11-30,수력,7,115
2023-11-30,수력,8,235
2023-11-30,수력,9,494
2023-11-30,수력,10,479
2023-11-30,수력,11,508
2023-11-30,수력,12,502
2023-11-30,수력,13,209
2023-11-30,수력,14,232
2023-11-30,수력,15,368
2023-11-30,수력,16,482
2023-11-30,수력,17,552
2023-11-30,수력,18,476
2023-11-30,수력,19,473
2023-11-30,수력,20,424
2023-11-30,수력,21,354
2023-11-30,수력,22,289
2023-11-30,수력,23,251
2023-11-30,수력,24,247
2023-11-30,양수,1,0
2023-11-30,양수,2,0
2023-11-30,양수,3,0
2023-11-30,양수,4,0
2023-11-30,양수,5,0
2023-11-30,양수,6,0
2023-11-30,양수,7,0
2023-11-30,양수,8,0
2023-11-30,양수,9,0
2023-11-30,양수,10,0
2023-11-30,양수,11,0
2023-11-30,양수,12,0
2023-11-30,양수,13,0
2023-11-30,양수,14,0
2023-11-30,양수,15,0
2023-11-30,양수,16,0
2023-11-30,양수,17,0
2023-11-30,양수,18,965
2023-11-30,양수,19,1752
2023-11-30,양수,20,1716
2023-11-30,양수,21,1815
2023-11-30,양수,22,1633
2023-11-30,양수,23,1393
2023-11-30,양수,24,1005
2023-11-30,매립가스,1,25
2023-11-30,매립가스,2,25
2023-11-30,매립가스,3,25
2023-11-30,매립가스,4,25
2023-11-30,매립가스,5,25
2023-11-30,매립가스,6,25
2023-11-30,매립가스,7,25
2023-11-30,매립가스,8,25
2023-11-30,매립가스,9,25
2023-11-30,매립가스,10,25
2023-11-30,매립가스,11,25
2023-11-30,매립가스,12,25
2023-11-30,매립가스,13,25
2023-11-30,매립가스,14,25
2023-11-30,매립가스,15,25
2023-11-30,매립가스,16,25
2023-11-30,매립가스,17,25
2023-11-30,매립가스,18,25
2023-11-30,매립가스,19,25
2023-11-30,매립가스,20,25
2023-11-30,매립가스,21,25
2023-11-30,매립가스,22,25
2023-11-30,매립가스,23,25
2023-11-30,매립가스,24,25
2023-11-30,중유,1,63
2023-11-30,중유,2,63
2023-11-30,중유,3,62
2023-11-30,중유,4,63
2023-11-30,중유,5,63
2023-11-30,중유,6,63
2023-11-30,중유,7,62
2023-11-30,중유,8,62
2023-11-30,중유,9,62
2023-11-30,중유,10,64
2023-11-30,중유,11,68
2023-11-30,중유,12,64
2023-11-30,중유,13,63
2023-11-30,중유,14,63
2023-11-30,중유,15,63
2023-11-30,중유,16,63
2023-11-30,중유,17,62
2023-11-30,중유,18,62
2023-11-30,중유,19,62
2023-11-30,중유,20,61
2023-11-30,중유,21,62
2023-11-30,중유,22,63
2023-11-30,중유,23,63
2023-11-30,중유,24,65
2023-11-30,태양광,1,1
2023-11-30,태양광,2,0
2023-11-30,태양광,3,0
2023-11-30,태양광,4,0
2023-11-30,태양광,5,0
2023-11-30,태양광,6,0
2023-11-30,태양광,7,0
2023-11-30,태양광,8,35
2023-11-30,태양광,9,599
2023-11-30,태양광,10,1771
2023-11-30,태양광,11,2771
2023-11-30,태양광,12,3385
2023-11-30,태양광,13,3542
2023-11-30,태양광,14,3242
2023-11-30,태양광,15,2533
2023-11-30,태양광,16,1499
2023-11-30,태양광,17,1055
2023-11-30,태양광,18,674
2023-11-30,태양광,19,597
2023-11-30,태양광,20,421
2023-11-30,태양광,21,259
2023-11-30,태양광,22,152
2023-11-30,태양광,23,70
2023-11-30,태양광,24,18
2023-11-30,폐기물,1,132
2023-11-30,폐기물,2,130
2023-11-30,폐기물,3,132
2023-11-30,폐기물,4,135
2023-11-30,폐기물,5,134
2023-11-30,폐기물,6,133
2023-11-30,폐기물,7,133
2023-11-30,폐기물,8,137
2023-11-30,폐기물,9,133
2023-11-30,폐기물,10,132
2023-11-30,폐기물,11,136
2023-11-30,폐기물,12,133
2023-11-30,폐기물,13,136
2023-11-30,폐기물,14,139
2023-11-30,폐기물,15,138
2023-11-30,폐기물,16,134
2023-11-30,폐기물,17,139
2023-11-30,폐기물,18,143
2023-11-30,폐기물,19,141
2023-11-30,폐기물,20,139
2023-11-30,폐기물,21,139
2023-11-30,폐기물,22,139
2023-11-30,폐기물,23,139
2023-11-30,폐기물,24,139
2023-11-30,풍력,1,1389
2023-11-30,풍력,2,1352
2023-11-30,풍력,3,1202
2023-11-30,풍력,4,1136
2023-11-30,풍력,5,985
2023-11-30,풍력,6,882
2023-11-30,풍력,7,920
2023-11-30,풍력,8,916
2023-11-30,풍력,9,860
2023-11-30,풍력,10,846
2023-11-30,풍력,11,783
2023-11-30,풍력,12,753
2023-11-30,풍력,13,676
2023-11-30,풍력,14,669
2023-11-30,풍력,15,731
2023-11-30,풍력,16,781
2023-11-30,풍력,17,907
2023-11-30,풍력,18,973
2023-11-30,풍력,19,1073
2023-11-30,풍력,20,1086
2023-11-30,풍력,21,992
2023-11-30,풍력,22,896
2023-11-30,풍력,23,848
2023-11-30,풍력,24,835
2023-11-30,LNG,1,13642
2023-11-30,LNG,2,11745
2023-11-30,LNG,3,11133
2023-11-30,LNG,4,10706
2023-11-30,LNG,5,11563
2023-11-30,LNG,6,13944
2023-11-30,LNG,7,17511
2023-11-30,LNG,8,21655
2023-11-30,LNG,9,25840
2023-11-30,LNG,10,25544
2023-11-30,LNG,11,24093
2023-11-30,LNG,12,23104
2023-11-30,LNG,13,20911
2023-11-30,LNG,14,21988
2023-11-30,LNG,15,22975
2023-11-30,LNG,16,24966
2023-11-30,LNG,17,26733
2023-11-30,LNG,18,26370
2023-11-30,LNG,19,23560
2023-11-30,LNG,20,21995
2023-11-30,LNG,21,19169
2023-11-30,LNG,22,17003
2023-11-30,LNG,23,16640
2023-11-30,LNG,24,16034
2023-11-30,연료전지,1,811
2023-11-30,연료전지,2,811
2023-11-30,연료전지,3,811
2023-11-30,연료전지,4,811
2023-11-30,연료전지,5,810
2023-11-30,연료전지,6,810
2023-11-30,연료전지,7,810
2023-11-30,연료전지,8,807
2023-11-30,연료전지,9,806
2023-11-30,연료전지,10,803
2023-11-30,연료전지,11,802
2023-11-30,연료전지,12,802
2023-11-30,연료전지,13,802
2023-11-30,연료전지,14,803
2023-11-30,연료전지,15,804
2023-11-30,연료전지,16,803
2023-11-30,연료전지,17,804
2023-11-30,연료전지,18,805
2023-11-30,연료전지,19,806
2023-11-30,연료전지,20,807
2023-11-30,연료전지,21,809
2023-11-30,연료전지,22,812
2023-11-30,연료전지,23,812
2023-11-30,연료전지,24,812
2023-11-30,경유,1,0
2023-11-30,경유,2,0
2023-11-30,경유,3,0
2023-11-30,경유,4,0
2023-11-30,경유,5,0
2023-11-30,경유,6,0
2023-11-30,경유,7,0
2023-11-30,경유,8,0
2023-11-30,경유,9,0
2023-11-30,경유,10,0
2023-11-30,경유,11,0
2023-11-30,경유,12,0
2023-11-30,경유,13,0
2023-11-30,경유,14,0
2023-11-30,경유,15,0
2023-11-30,경유,16,0
2023-11-30,경유,17,0
2023-11-30,경유,18,0
2023-11-30,경유,19,0
2023-11-30,경유,20,0
2023-11-30,경유,21,0
2023-11-30,경유,22,0
2023-11-30,경유,23,0
2023-11-30,경유,24,0
2023-11-30,해양에너지,1,0
2023-11-30,해양에너지,2,0
2023-11-30,해양에너지,3,0
2023-11-30,해양에너지,4,53
2023-11-30,해양에너지,5,109
2023-11-30,해양에너지,6,134
2023-11-30,해양에너지,7,125
2023-11-30,해양에너지,8,80
2023-11-30,해양에너지,9,17
2023-11-30,해양에너지,10,0
2023-11-30,해양에너지,11,0
2023-11-30,해양에너지,12,0
2023-11-30,해양에너지,13,0
2023-11-30,해양에너지,14,0
2023-11-30,해양에너지,15,0
2023-11-30,해양에너지,16,93
2023-11-30,해양에너지,17,162
2023-11-30,해양에너지,18,207
2023-11-30,해양에너지,19,213
2023-11-30,해양에너지,20,184
2023-11-30,해양에너지,21,118
2023-11-30,해양에너지,22,45
2023-11-30,해양에너지,23,2
2023-11-30,해양에너지,24,0
2023-11-30,바이오매스,1,573
2023-11-30,바이오매스,2,579
2023-11-30,바이오매스,3,559
2023-11-30,바이오매스,4,551
2023-11-30,바이오매스,5,551
2023-11-30,바이오매스,6,552
2023-11-30,바이오매스,7,549
2023-11-30,바이오매스,8,543
2023-11-30,바이오매스,9,545
2023-11-30,바이오매스,10,545
2023-11-30,바이오매스,11,542
2023-11-30,바이오매스,12,543
2023-11-30,바이오매스,13,545
2023-11-30,바이오매스,14,544
2023-11-30,바이오매스,15,545
2023-11-30,바이오매스,16,550
2023-11-30,바이오매스,17,551
2023-11-30,바이오매스,18,549
2023-11-30,바이오매스,19,550
2023-11-30,바이오매스,20,549
2023-11-30,바이오매스,21,551
2023-11-30,바이오매스,22,551
2023-11-30,바이오매스,23,549
2023-11-30,바이오매스,24,550
2023-11-30,IGCC,1,263
2023-11-30,IGCC,2,261
2023-11-30,IGCC,3,261
2023-11-30,IGCC,4,263
2023-11-30,IGCC,5,263
2023-11-30,IGCC,6,264
2023-11-30,IGCC,7,262
2023-11-30,IGCC,8,262
2023-11-30,IGCC,9,258
2023-11-30,IGCC,10,258
2023-11-30,IGCC,11,256
2023-11-30,IGCC,12,257
2023-11-30,IGCC,13,259
2023-11-30,IGCC,14,259
2023-11-30,IGCC,15,257
2023-11-30,IGCC,16,256
2023-11-30,IGCC,17,256
2023-11-30,IGCC,18,256
2023-11-30,IGCC,19,257
2023-11-30,IGCC,20,260
2023-11-30,IGCC,21,260
2023-11-30,IGCC,22,258
2023-11-30,IGCC,23,255
2023-11-30,IGCC,24,259
2023-11-30,바이오중유,1,205
2023-11-30,바이오중유,2,204
2023-11-30,바이오중유,3,209
2023-11-30,바이오중유,4,204
2023-11-30,바이오중유,5,204
2023-11-30,바이오중유,6,204
2023-11-30,바이오중유,7,204
2023-11-30,바이오중유,8,204
2023-11-30,바이오중유,9,204
2023-11-30,바이오중유,10,204
2023-11-30,바이오중유,11,204
2023-11-30,바이오중유,12,204
2023-11-30,바이오중유,13,204
2023-11-30,바이오중유,14,204
2023-11-30,바이오중유,15,204
2023-11-30,바이오중유,16,204
2023-11-30,바이오중유,17,204
2023-11-30,바이오중유,18,204
2023-11-30,바이오중유,19,204
2023-11-30,바이오중유,20,204
2023-11-30,바이오중유,21,204
2023-11-30,바이오중유,22,204
2023-11-30,바이오중유,23,204
2023-11-30,바이오중유,24,204
2023-11-30,바이오기타,1,3
2023-11-30,바이오기타,2,3
2023-11-30,바이오기타,3,3
2023-11-30,바이오기타,4,4
2023-11-30,바이오기타,5,4
2023-11-30,바이오기타,6,4
2023-11-30,바이오기타,7,3
2023-11-30,바이오기타,8,3
2023-11-30,바이오기타,9,2
2023-11-30,바이오기타,10,2
2023-11-30,바이오기타,11,2
2023-11-30,바이오기타,12,2
2023-11-30,바이오기타,13,3
2023-11-30,바이오기타,14,2
2023-11-30,바이오기타,15,1
2023-11-30,바이오기타,16,0
2023-11-30,바이오기타,17,1
2023-11-30,바이오기타,18,0
2023-11-30,바이오기타,19,1
2023-11-30,바이오기타,20,2
2023-11-30,바이오기타,21,2
2023-11-30,바이오기타,22,2
2023-11-30,바이오기타,23,2
2023-11-30,바이오기타,24,2
2023-11-30,기타,1,45
2023-11-30,기타,2,47
2023-11-30,기타,3,48
2023-11-30,기타,4,49
2023-11-30,기타,5,47
2023-11-30,기타,6,45
2023-11-30,기타,7,45
2023-11-30,기타,8,47
2023-11-30,기타,9,38
2023-11-30,기타,10,35
2023-11-30,기타,11,36
2023-11-30,기타,12,34
2023-11-30,기타,13,34
2023-11-30,기타,14,34
2023-11-30,기타,15,31
2023-11-30,기타,16,33
2023-11-30,기타,17,38
2023-11-30,기타,18,44
2023-11-30,기타,19,48
2023-11-30,기타,20,52
2023-11-30,기타,21,51
2023-11-30,기타,22,52
2023-11-30,기타,23,54
2023-11-30,기타,24,54
2023-12-01,원자력,1,20715
2023-12-01,원자력,2,20715
2023-12-01,원자력,3,20715
2023-12-01,원자력,4,20711
2023-12-01,원자력,5,20713
2023-12-01,원자력,6,20712
2023-12-01,원자력,7,20713
2023-12-01,원자력,8,20712
2023-12-01,원자력,9,20711
2023-12-01,원자력,10,20710
2023-12-01,원자력,11,20711
2023-12-01,원자력,12,20711
2023-12-01,원자력,13,20714
2023-12-01,원자력,14,20713
2023-12-01,원자력,15,20715
2023-12-01,원자력,16,20718
2023-12-01,원자력,17,20717
2023-12-01,원자력,18,20716
2023-12-01,원자력,19,20717
2023-12-01,원자력,20,20716
2023-12-01,원자력,21,20716
2023-12-01,원자력,22,20715
2023-12-01,원자력,23,20714
2023-12-01,원자력,24,20712
2023-12-01,유연탄,1,26093
2023-12-01,유연탄,2,25649
2023-12-01,유연탄,3,25284
2023-12-01,유연탄,4,25705
2023-12-01,유연탄,5,25858
2023-12-01,유연탄,6,25075
2023-12-01,유연탄,7,25287
2023-12-01,유연탄,8,25811
2023-12-01,유연탄,9,26437
2023-12-01,유연탄,10,26362
2023-12-01,유연탄,11,25411
2023-12-01,유연탄,12,24623
2023-12-01,유연탄,13,23091
2023-12-01,유연탄,14,24183
2023-12-01,유연탄,15,24764
2023-12-01,유연탄,16,25336
2023-12-01,유연탄,17,26248
2023-12-01,유연탄,18,26337
2023-12-01,유연탄,19,25586
2023-12-01,유연탄,20,25366
2023-12-01,유연탄,21,24478
2023-12-01,유연탄,22,24292
2023-12-01,유연탄,23,25072
2023-12-01,유연탄,24,25119
2023-12-01,무연탄,1,168
2023-12-01,무연탄,2,167
2023-12-01,무연탄,3,168
2023-12-01,무연탄,4,168
2023-12-01,무연탄,5,168
2023-12-01,무연탄,6,167
2023-12-01,무연탄,7,166
2023-12-01,무연탄,8,167
2023-12-01,무연탄,9,165
2023-12-01,무연탄,10,165
2023-12-01,무연탄,11,165
2023-12-01,무연탄,12,165
2023-12-01,무연탄,13,166
2023-12-01,무연탄,14,167
2023-12-01,무연탄,15,167
2023-12-01,무연탄,16,167
2023-12-01,무연탄,17,167
2023-12-01,무연탄,18,168
2023-12-01,무연탄,19,168
2023-12-01,무연탄,20,168
2023-12-01,무연탄,21,166
2023-12-01,무연탄,22,158
2023-12-01,무연탄,23,156
2023-12-01,무연탄,24,161
2023-12-01,바이오가스,1,33
2023-12-01,바이오가스,2,33
2023-12-01,바이오가스,3,33
2023-12-01,바이오가스,4,32
2023-12-01,바이오가스,5,33
2023-12-01,바이오가스,6,33
2023-12-01,바이오가스,7,33
2023-12-01,바이오가스,8,34
2023-12-01,바이오가스,9,34
2023-12-01,바이오가스,10,34
2023-12-01,바이오가스,11,35
2023-12-01,바이오가스,12,33
2023-12-01,바이오가스,13,34
2023-12-01,바이오가스,14,34
2023-12-01,바이오가스,15,38
2023-12-01,바이오가스,16,37
2023-12-01,바이오가스,17,36
2023-12-01,바이오가스,18,35
2023-12-01,바이오가스,19,35
2023-12-01,바이오가스,20,36
2023-12-01,바이오가스,21,35
2023-12-01,바이오가스,22,35
2023-12-01,바이오가스,23,36
2023-12-01,바이오가스,24,37
2023-12-01,부생가스,1,56
2023-12-01,부생가스,2,56
2023-12-01,부생가스,3,56
2023-12-01,부생가스,4,56
2023-12-01,부생가스,5,55
2023-12-01,부생가스,6,55
2023-12-01,부생가스,7,55
2023-12-01,부생가스,8,56
2023-12-01,부생가스,9,66
2023-12-01,부생가스,10,66
2023-12-01,부생가스,11,58
2023-12-01,부생가스,12,58
2023-12-01,부생가스,13,57
2023-12-01,부생가스,14,57
2023-12-01,부생가스,15,57
2023-12-01,부생가스,16,57
2023-12-01,부생가스,17,56
2023-12-01,부생가스,18,64
2023-12-01,부생가스,19,55
2023-12-01,부생가스,20,66
2023-12-01,부생가스,21,55
2023-12-01,부생가스,22,55
2023-12-01,부생가스,23,55
2023-12-01,부생가스,24,55
2023-12-01,수력,1,215
2023-12-01,수력,2,213
2023-12-01,수력,3,116
2023-12-01,수력,4,112
2023-12-01,수력,5,110
2023-12-01,수력,6,108
2023-12-01,수력,7,108
2023-12-01,수력,8,204
2023-12-01,수력,9,489
2023-12-01,수력,10,487
2023-12-01,수력,11,521
2023-12-01,수력,12,515
2023-12-01,수력,13,348
2023-12-01,수력,14,359
2023-12-01,수력,15,265
2023-12-01,수력,16,485
2023-12-01,수력,17,460
2023-12-01,수력,18,427
2023-12-01,수력,19,384
2023-12-01,수력,20,337
2023-12-01,수력,21,302
2023-12-01,수력,22,249
2023-12-01,수력,23,240
2023-12-01,수력,24,213
2023-12-01,양수,1,182
2023-12-01,양수,2,0
2023-12-01,양수,3,0
2023-12-01,양수,4,0
2023-12-01,양수,5,0
2023-12-01,양수,6,0
2023-12-01,양수,7,0
2023-12-01,양수,8,0
2023-12-01,양수,9,154
2023-12-01,양수,10,35
2023-12-01,양수,11,0
2023-12-01,양수,12,0
2023-12-01,양수,13,0
2023-12-01,양수,14,0
2023-12-01,양수,15,0
2023-12-01,양수,16,0
2023-12-01,양수,17,23
2023-12-01,양수,18,663
2023-12-01,양수,19,1469
2023-12-01,양수,20,1826
2023-12-01,양수,21,1774
2023-12-01,양수,22,1845
2023-12-01,양수,23,1465
2023-12-01,양수,24,1172
2023-12-01,매립가스,1,25
2023-12-01,매립가스,2,25
2023-12-01,매립가스,3,25
2023-12-01,매립가스,4,25
2023-12-01,매립가스,5,25
2023-12-01,매립가스,6,25
2023-12-01,매립가스,7,26
2023-12-01,매립가스,8,26
2023-12-01,매립가스,9,26
2023-12-01,매립가스,10,26
2023-12-01,매립가스,11,26
2023-12-01,매립가스,12,26
2023-12-01,매립가스,13,25
2023-12-01,매립가스,14,25
2023-12-01,매립가스,15,25
2023-12-01,매립가스,16,26
2023-12-01,매립가스,17,26
2023-12-01,매립가스,18,25
2023-12-01,매립가스,19,26
2023-12-01,매립가스,20,25
2023-12-01,매립가스,21,25
2023-12-01,매립가스,22,25
2023-12-01,매립가스,23,25
2023-12-01,매립가스,24,25
2023-12-01,중유,1,65
2023-12-01,중유,2,65
2023-12-01,중유,3,64
2023-12-01,중유,4,64
2023-12-01,중유,5,65
2023-12-01,중유,6,65
2023-12-01,중유,7,64
2023-12-01,중유,8,64
2023-12-01,중유,9,65
2023-12-01,중유,10,64
2023-12-01,중유,11,65
2023-12-01,중유,12,64
2023-12-01,중유,13,63
2023-12-01,중유,14,64
2023-12-01,중유,15,64
2023-12-01,중유,16,65
2023-12-01,중유,17,64
2023-12-01,중유,18,65
2023-12-01,중유,19,65
2023-12-01,중유,20,65
2023-12-01,중유,21,65
2023-12-01,중유,22,65
2023-12-01,중유,23,66
2023-12-01,중유,24,66
2023-12-01,태양광,1,4
2023-12-01,태양광,2,1
2023-12-01,태양광,3,0
2023-12-01,태양광,4,0
2023-12-01,태양광,5,0
2023-12-01,태양광,6,0
2023-12-01,태양광,7,0
2023-12-01,태양광,8,35
2023-12-01,태양광,9,490
2023-12-01,태양광,10,1423
2023-12-01,태양광,11,2319
2023-12-01,태양광,12,2807
2023-12-01,태양광,13,3002
2023-12-01,태양광,14,2975
2023-12-01,태양광,15,2636
2023-12-01,태양광,16,1735
2023-12-01,태양광,17,1098
2023-12-01,태양광,18,823
2023-12-01,태양광,19,631
2023-12-01,태양광,20,382
2023-12-01,태양광,21,231
2023-12-01,태양광,22,112
2023-12-01,태양광,23,44
2023-12-01,태양광,24,12
2023-12-01,폐기물,1,133
2023-12-01,폐기물,2,136
2023-12-01,폐기물,3,134
2023-12-01,폐기물,4,131
2023-12-01,폐기물,5,131
2023-12-01,폐기물,6,130
2023-12-01,폐기물,7,127
2023-12-01,폐기물,8,125
2023-12-01,폐기물,9,126
2023-12-01,폐기물,10,122
2023-12-01,폐기물,11,122
2023-12-01,폐기물,12,113
2023-12-01,폐기물,13,114
2023-12-01,폐기물,14,123
2023-12-01,폐기물,15,122
2023-12-01,폐기물,16,124
2023-12-01,폐기물,17,127
2023-12-01,폐기물,18,125
2023-12-01,폐기물,19,127
2023-12-01,폐기물,20,127
2023-12-01,폐기물,21,128
2023-12-01,폐기물,22,127
2023-12-01,폐기물,23,124
2023-12-01,폐기물,24,124
2023-12-01,풍력,1,756
2023-12-01,풍력,2,699
2023-12-01,풍력,3,688
2023-12-01,풍력,4,737
2023-12-01,풍력,5,748
2023-12-01,풍력,6,764
2023-12-01,풍력,7,753
2023-12-01,풍력,8,770
2023-12-01,풍력,9,775
2023-12-01,풍력,10,815
2023-12-01,풍력,11,724
2023-12-01,풍력,12,692
2023-12-01,풍력,13,688
2023-12-01,풍력,14,733
2023-12-01,풍력,15,760
2023-12-01,풍력,16,782
2023-12-01,풍력,17,828
2023-12-01,풍력,18,924
2023-12-01,풍력,19,1021
2023-12-01,풍력,20,955
2023-12-01,풍력,21,866
2023-12-01,풍력,22,732
2023-12-01,풍력,23,712
2023-12-01,풍력,24,679
2023-12-01,LNG,1,13787
2023-12-01,LNG,2,12350
2023-12-01,LNG,3,11935
2023-12-01,LNG,4,11328
2023-12-01,LNG,5,11722
2023-12-01,LNG,6,14162
2023-12-01,LNG,7,17196
2023-12-01,LNG,8,21001
2023-12-01,LNG,9,25801
2023-12-01,LNG,10,26131
2023-12-01,LNG,11,24471
2023-12-01,LNG,12,22094
2023-12-01,LNG,13,20497
2023-12-01,LNG,14,21234
2023-12-01,LNG,15,22006
2023-12-01,LNG,16,23947
2023-12-01,LNG,17,25777
2023-12-01,LNG,18,25278
2023-12-01,LNG,19,22897
2023-12-01,LNG,20,21206
2023-12-01,LNG,21,19949
2023-12-01,LNG,22,18127
2023-12-01,LNG,23,17463
2023-12-01,LNG,24,17179
2023-12-01,연료전지,1,813
2023-12-01,연료전지,2,814
2023-12-01,연료전지,3,813
2023-12-01,연료전지,4,813
2023-12-01,연료전지,5,813
2023-12-01,연료전지,6,813
2023-12-01,연료전지,7,813
2023-12-01,연료전지,8,812
2023-12-01,연료전지,9,812
2023-12-01,연료전지,10,812
2023-12-01,연료전지,11,811
2023-12-01,연료전지,12,809
2023-12-01,연료전지,13,809
2023-12-01,연료전지,14,811
2023-12-01,연료전지,15,812
2023-12-01,연료전지,16,811
2023-12-01,연료전지,17,812
2023-12-01,연료전지,18,813
2023-12-01,연료전지,19,813
2023-12-01,연료전지,20,814
2023-12-01,연료전지,21,814
2023-12-01,연료전지,22,815
2023-12-01,연료전지,23,815
2023-12-01,연료전지,24,814
2023-12-01,경유,1,0
2023-12-01,경유,2,0
2023-12-01,경유,3,0
2023-12-01,경유,4,0
2023-12-01,경유,5,0
2023-12-01,경유,6,0
2023-12-01,경유,7,0
2023-12-01,경유,8,0
2023-12-01,경유,9,0
2023-12-01,경유,10,0
2023-12-01,경유,11,0
2023-12-01,경유,12,0
2023-12-01,경유,13,0
2023-12-01,경유,14,0
2023-12-01,경유,15,0
2023-12-01,경유,16,0
2023-12-01,경유,17,0
2023-12-01,경유,18,0
2023-12-01,경유,19,0
2023-12-01,경유,20,0
2023-12-01,경유,21,0
2023-12-01,경유,22,0
2023-12-01,경유,23,0
2023-12-01,경유,24,0
2023-12-01,해양에너지,1,0
2023-12-01,해양에너지,2,0
2023-12-01,해양에너지,3,0
2023-12-01,해양에너지,4,0
2023-12-01,해양에너지,5,82
2023-12-01,해양에너지,6,123
2023-12-01,해양에너지,7,131
2023-12-01,해양에너지,8,105
2023-12-01,해양에너지,9,48
2023-12-01,해양에너지,10,3
2023-12-01,해양에너지,11,0
2023-12-01,해양에너지,12,0
2023-12-01,해양에너지,13,0
2023-12-01,해양에너지,14,0
2023-12-01,해양에너지,15,0
2023-12-01,해양에너지,16,13
2023-12-01,해양에너지,17,117
2023-12-01,해양에너지,18,173
2023-12-01,해양에너지,19,198
2023-12-01,해양에너지,20,188
2023-12-01,해양에너지,21,141
2023-12-01,해양에너지,22,75
2023-12-01,해양에너지,23,15
2023-12-01,해양에너지,24,0
2023-12-01,바이오매스,1,551
2023-12-01,바이오매스,2,552
2023-12-01,바이오매스,3,551
2023-12-01,바이오매스,4,552
2023-12-01,바이오매스,5,550
2023-12-01,바이오매스,6,549
2023-12-01,바이오매스,7,547
2023-12-01,바이오매스,8,546
2023-12-01,바이오매스,9,549
2023-12-01,바이오매스,10,546
2023-12-01,바이오매스,11,549
2023-12-01,바이오매스,12,551
2023-12-01,바이오매스,13,554
2023-12-01,바이오매스,14,555
2023-12-01,바이오매스,15,554
2023-12-01,바이오매스,16,554
2023-12-01,바이오매스,17,552
2023-12-01,바이오매스,18,554
2023-12-01,바이오매스,19,554
2023-12-01,바이오매스,20,556
2023-12-01,바이오매스,21,557
2023-12-01,바이오매스,22,562
2023-12-01,바이오매스,23,591
2023-12-01,바이오매스,24,650
2023-12-01,IGCC,1,263
2023-12-01,IGCC,2,264
2023-12-01,IGCC,3,263
2023-12-01,IGCC,4,264
2023-12-01,IGCC,5,266
2023-12-01,IGCC,6,265
2023-12-01,IGCC,7,264
2023-12-01,IGCC,8,264
2023-12-01,IGCC,9,263
2023-12-01,IGCC,10,259
2023-12-01,IGCC,11,255
2023-12-01,IGCC,12,255
2023-12-01,IGCC,13,254
2023-12-01,IGCC,14,255
2023-12-01,IGCC,15,256
2023-12-01,IGCC,16,257
2023-12-01,IGCC,17,257
2023-12-01,IGCC,18,257
2023-12-01,IGCC,19,255
2023-12-01,IGCC,20,256
2023-12-01,IGCC,21,257
2023-12-01,IGCC,22,257
2023-12-01,IGCC,23,256
2023-12-01,IGCC,24,257
2023-12-01,바이오중유,1,204
2023-12-01,바이오중유,2,204
2023-12-01,바이오중유,3,204
2023-12-01,바이오중유,4,204
2023-12-01,바이오중유,5,204
2023-12-01,바이오중유,6,204
2023-12-01,바이오중유,7,204
2023-12-01,바이오중유,8,204
2023-12-01,바이오중유,9,204
2023-12-01,바이오중유,10,204
2023-12-01,바이오중유,11,204
2023-12-01,바이오중유,12,204
2023-12-01,바이오중유,13,204
2023-12-01,바이오중유,14,204
2023-12-01,바이오중유,15,204
2023-12-01,바이오중유,16,204
2023-12-01,바이오중유,17,205
2023-12-01,바이오중유,18,206
2023-12-01,바이오중유,19,204
2023-12-01,바이오중유,20,204
2023-12-01,바이오중유,21,204
2023-12-01,바이오중유,22,204
2023-12-01,바이오중유,23,204
2023-12-01,바이오중유,24,204
2023-12-01,바이오기타,1,2
2023-12-01,바이오기타,2,2
2023-12-01,바이오기타,3,3
2023-12-01,바이오기타,4,2
2023-12-01,바이오기타,5,3
2023-12-01,바이오기타,6,2
2023-12-01,바이오기타,7,1
2023-12-01,바이오기타,8,1
2023-12-01,바이오기타,9,0
2023-12-01,바이오기타,10,1
2023-12-01,바이오기타,11,0
2023-12-01,바이오기타,12,0
2023-12-01,바이오기타,13,0
2023-12-01,바이오기타,14,0
2023-12-01,바이오기타,15,0
2023-12-01,바이오기타,16,0
2023-12-01,바이오기타,17,1
2023-12-01,바이오기타,18,2
2023-12-01,바이오기타,19,1
2023-12-01,바이오기타,20,0
2023-12-01,바이오기타,21,0
2023-12-01,바이오기타,22,0
2023-12-01,바이오기타,23,0
2023-12-01,바이오기타,24,0
2023-12-01,기타,1,50
2023-12-01,기타,2,46
2023-12-01,기타,3,44
2023-12-01,기타,4,43
2023-12-01,기타,5,44
2023-12-01,기타,6,46
2023-12-01,기타,7,47
2023-12-01,기타,8,44
2023-12-01,기타,9,36
2023-12-01,기타,10,35
2023-12-01,기타,11,37
2023-12-01,기타,12,38
2023-12-01,기타,13,37
2023-12-01,기타,14,37
2023-12-01,기타,15,38
2023-12-01,기타,16,36
2023-12-01,기타,17,42
2023-12-01,기타,18,47
2023-12-01,기타,19,47
2023-12-01,기타,20,49
2023-12-01,기타,21,49
2023-12-01,기타,22,49
2023-12-01,기타,23,49
2023-12-01,기타,24,46
2023-12-02,원자력,1,20713
2023-12-02,원자력,2,20712
2023-12-02,원자력,3,20712
2023-12-02,원자력,4,20712
2023-12-02,원자력,5,20713
2023-12-02,원자력,6,20714
2023-12-02,원자력,7,20714
2023-12-02,원자력,8,20715
2023-12-02,원자력,9,20716
2023-12-02,원자력,10,20717
2023-12-02,원자력,11,20718
2023-12-02,원자력,12,20722
2023-12-02,원자력,13,20725
2023-12-02,원자력,14,20725
2023-12-02,원자력,15,20724
2023-12-02,원자력,16,20725
2023-12-02,원자력,17,20725
2023-12-02,원자력,18,20724
2023-12-02,원자력,19,20725
2023-12-02,원자력,20,20725
2023-12-02,원자력,21,20726
2023-12-02,원자력,22,20725
2023-12-02,원자력,23,20725
2023-12-02,원자력,24,20723
2023-12-02,유연탄,1,24332
2023-12-02,유연탄,2,23507
2023-12-02,유연탄,3,23343
2023-12-02,유연탄,4,23354
2023-12-02,유연탄,5,22991
2023-12-02,유연탄,6,22823
2023-12-02,유연탄,7,22818
2023-12-02,유연탄,8,21665
2023-12-02,유연탄,9,22022
2023-12-02,유연탄,10,22201
2023-12-02,유연탄,11,21687
2023-12-02,유연탄,12,20954
2023-12-02,유연탄,13,20036
2023-12-02,유연탄,14,19811
2023-12-02,유연탄,15,20174
2023-12-02,유연탄,16,21111
2023-12-02,유연탄,17,22009
2023-12-02,유연탄,18,21840
2023-12-02,유연탄,19,21700
2023-12-02,유연탄,20,21206
2023-12-02,유연탄,21,20762
2023-12-02,유연탄,22,20387
2023-12-02,유연탄,23,20717
2023-12-02,유연탄,24,21758
2023-12-02,무연탄,1,167
2023-12-02,무연탄,2,167
2023-12-02,무연탄,3,167
2023-12-02,무연탄,4,167
2023-12-02,무연탄,5,168
2023-12-02,무연탄,6,167
2023-12-02,무연탄,7,167
2023-12-02,무연탄,8,165
2023-12-02,무연탄,9,154
2023-12-02,무연탄,10,159
2023-12-02,무연탄,11,167
2023-12-02,무연탄,12,168
2023-12-02,무연탄,13,166
2023-12-02,무연탄,14,158
2023-12-02,무연탄,15,157
2023-12-02,무연탄,16,157
2023-12-02,무연탄,17,157
2023-12-02,무연탄,18,157
2023-12-02,무연탄,19,157
2023-12-02,무연탄,20,156
2023-12-02,무연탄,21,157
2023-12-02,무연탄,22,156
2023-12-02,무연탄,23,156
2023-12-02,무연탄,24,157
2023-12-02,바이오가스,1,36
2023-12-02,바이오가스,2,36
2023-12-02,바이오가스,3,36
2023-12-02,바이오가스,4,36
2023-12-02,바이오가스,5,36
2023-12-02,바이오가스,6,36
2023-12-02,바이오가스,7,36
2023-12-02,바이오가스,8,37
2023-12-02,바이오가스,9,35
2023-12-02,바이오가스,10,36
2023-12-02,바이오가스,11,36
2023-12-02,바이오가스,12,36
2023-12-02,바이오가스,13,36
2023-12-02,바이오가스,14,36
2023-12-02,바이오가스,15,36
2023-12-02,바이오가스,16,35
2023-12-02,바이오가스,17,35
2023-12-02,바이오가스,18,36
2023-12-02,바이오가스,19,33
2023-12-02,바이오가스,20,34
2023-12-02,바이오가스,21,36
2023-12-02,바이오가스,22,37
2023-12-02,바이오가스,23,37
2023-12-02,바이오가스,24,36
2023-12-02,부생가스,1,55
2023-12-02,부생가스,2,55
2023-12-02,부생가스,3,54
2023-12-02,부생가스,4,55
2023-12-02,부생가스,5,55
2023-12-02,부생가스,6,54
2023-12-02,부생가스,7,55
2023-12-02,부생가스,8,55
2023-12-02,부생가스,9,56
2023-12-02,부생가스,10,56
2023-12-02,부생가스,11,56
2023-12-02,부생가스,12,57
2023-12-02,부생가스,13,55
2023-12-02,부생가스,14,55
2023-12-02,부생가스,15,55
2023-12-02,부생가스,16,55
2023-12-02,부생가스,17,55
2023-12-02,부생가스,18,57
2023-12-02,부생가스,19,60
2023-12-02,부생가스,20,53
2023-12-02,부생가스,21,54
2023-12-02,부생가스,22,54
2023-12-02,부생가스,23,54
2023-12-02,부생가스,24,54
2023-12-02,수력,1,189
2023-12-02,수력,2,185
2023-12-02,수력,3,188
2023-12-02,수력,4,185
2023-12-02,수력,5,187
2023-12-02,수력,6,185
2023-12-02,수력,7,187
2023-12-02,수력,8,172
2023-12-02,수력,9,495
2023-12-02,수력,10,526
2023-12-02,수력,11,513
2023-12-02,수력,12,403
2023-12-02,수력,13,261
2023-12-02,수력,14,351
2023-12-02,수력,15,383
2023-12-02,수력,16,434
2023-12-02,수력,17,456
2023-12-02,수력,18,433
2023-12-02,수력,19,411
2023-12-02,수력,20,321
2023-12-02,수력,21,261
2023-12-02,수력,22,197
2023-12-02,수력,23,141
2023-12-02,수력,24,107
2023-12-02,양수,1,702
2023-12-02,양수,2,0
2023-12-02,양수,3,0
2023-12-02,양수,4,0
2023-12-02,양수,5,0
2023-12-02,양수,6,0
2023-12-02,양수,7,0
2023-12-02,양수,8,0
2023-12-02,양수,9,0
2023-12-02,양수,10,0
2023-12-02,양수,11,0
2023-12-02,양수,12,0
2023-12-02,양수,13,0
2023-12-02,양수,14,0
2023-12-02,양수,15,0
2023-12-02,양수,16,0
2023-12-02,양수,17,163
2023-12-02,양수,18,1526
2023-12-02,양수,19,2010
2023-12-02,양수,20,2260
2023-12-02,양수,21,2358
2023-12-02,양수,22,2023
2023-12-02,양수,23,2259
2023-12-02,양수,24,1495
2023-12-02,매립가스,1,25
2023-12-02,매립가스,2,25
2023-12-02,매립가스,3,25
2023-12-02,매립가스,4,25
2023-12-02,매립가스,5,25
2023-12-02,매립가스,6,25
2023-12-02,매립가스,7,25
2023-12-02,매립가스,8,25
2023-12-02,매립가스,9,25
2023-12-02,매립가스,10,25
2023-12-02,매립가스,11,25
2023-12-02,매립가스,12,25
2023-12-02,매립가스,13,25
2023-12-02,매립가스,14,25
2023-12-02,매립가스,15,25
2023-12-02,매립가스,16,25
2023-12-02,매립가스,17,25
2023-12-02,매립가스,18,25
2023-12-02,매립가스,19,25
2023-12-02,매립가스,20,25
2023-12-02,매립가스,21,25
2023-12-02,매립가스,22,25
2023-12-02,매립가스,23,25
2023-12-02,매립가스,24,25
2023-12-02,중유,1,65
2023-12-02,중유,2,65
2023-12-02,중유,3,65
2023-12-02,중유,4,65
2023-12-02,중유,5,65
2023-12-02,중유,6,64
2023-12-02,중유,7,63
2023-12-02,중유,8,64
2023-12-02,중유,9,64
2023-12-02,중유,10,64
2023-12-02,중유,11,64
2023-12-02,중유,12,64
2023-12-02,중유,13,64
2023-12-02,중유,14,64
2023-12-02,중유,15,64
2023-12-02,중유,16,63
2023-12-02,중유,17,62
2023-12-02,중유,18,62
2023-12-02,중유,19,62
2023-12-02,중유,20,62
2023-12-02,중유,21,63
2023-12-02,중유,22,62
2023-12-02,중유,23,63
2023-12-02,중유,24,62
2023-12-02,태양광,1,2
2023-12-02,태양광,2,0
2023-12-02,태양광,3,0
2023-12-02,태양광,4,0
2023-12-02,태양광,5,0
2023-12-02,태양광,6,0
2023-12-02,태양광,7,0
2023-12-02,태양광,8,29
2023-12-02,태양광,9,415
2023-12-02,태양광,10,979
2023-12-02,태양광,11,1438
2023-12-02,태양광,12,1968
2023-12-02,태양광,13,2199
2023-12-02,태양광,14,2010
2023-12-02,태양광,15,1425
2023-12-02,태양광,16,838
2023-12-02,태양광,17,802
2023-12-02,태양광,18,337
2023-12-02,태양광,19,295
2023-12-02,태양광,20,167
2023-12-02,태양광,21,101
2023-12-02,태양광,22,45
2023-12-02,태양광,23,13
2023-12-02,태양광,24,3
2023-12-02,폐기물,1,125
2023-12-02,폐기물,2,127
2023-12-02,폐기물,3,126
2023-12-02,폐기물,4,125
2023-12-02,폐기물,5,124
2023-12-02,폐기물,6,121
2023-12-02,폐기물,7,128
2023-12-02,폐기물,8,128
2023-12-02,폐기물,9,125
2023-12-02,폐기물,10,128
2023-12-02,폐기물,11,127
2023-12-02,폐기물,12,129
2023-12-02,폐기물,13,132
2023-12-02,폐기물,14,134
2023-12-02,폐기물,15,133
2023-12-02,폐기물,16,130
2023-12-02,폐기물,17,130
2023-12-02,폐기물,18,132
2023-12-02,폐기물,19,131
2023-12-02,폐기물,20,130
2023-12-02,폐기물,21,128
2023-12-02,폐기물,22,128
2023-12-02,폐기물,23,130
2023-12-02,폐기물,24,127
2023-12-02,풍력,1,670
2023-12-02,풍력,2,671
2023-12-02,풍력,3,730
2023-12-02,풍력,4,694
2023-12-02,풍력,5,696
2023-12-02,풍력,6,783
2023-12-02,풍력,7,778
2023-12-02,풍력,8,729
2023-12-02,풍력,9,675
2023-12-02,풍력,10,692
2023-12-02,풍력,11,691
2023-12-02,풍력,12,710
2023-12-02,풍력,13,721
2023-12-02,풍력,14,655
2023-12-02,풍력,15,637
2023-12-02,풍력,16,667
2023-12-02,풍력,17,678
2023-12-02,풍력,18,709
2023-12-02,풍력,19,776
2023-12-02,풍력,20,822
2023-12-02,풍력,21,865
2023-12-02,풍력,22,843
2023-12-02,풍력,23,901
2023-12-02,풍력,24,975
2023-12-02,LNG,1,14983
2023-12-02,LNG,2,13910
2023-12-02,LNG,3,13194
2023-12-02,LNG,4,13182
2023-12-02,LNG,5,13703
2023-12-02,LNG,6,14303
2023-12-02,LNG,7,15178
2023-12-02,LNG,8,16046
2023-12-02,LNG,9,16278
2023-12-02,LNG,10,16058
2023-12-02,LNG,11,15990
2023-12-02,LNG,12,15361
2023-12-02,LNG,13,14749
2023-12-02,LNG,14,15374
2023-12-02,LNG,15,15378
2023-12-02,LNG,16,15037
2023-12-02,LNG,17,15432
2023-12-02,LNG,18,15810
2023-12-02,LNG,19,15385
2023-12-02,LNG,20,15031
2023-12-02,LNG,21,14364
2023-12-02,LNG,22,13943
2023-12-02,LNG,23,13892
2023-12-02,LNG,24,13454
2023-12-02,연료전지,1,814
2023-12-02,연료전지,2,814
2023-12-02,연료전지,3,814
2023-12-02,연료전지,4,814
2023-12-02,연료전지,5,813
2023-12-02,연료전지,6,814
2023-12-02,연료전지,7,814
2023-12-02,연료전지,8,814
2023-12-02,연료전지,9,814
2023-12-02,연료전지,10,815
2023-12-02,연료전지,11,815
2023-12-02,연료전지,12,815
2023-12-02,연료전지,13,814
2023-12-02,연료전지,14,814
2023-12-02,연료전지,15,814
2023-12-02,연료전지,16,814
2023-12-02,연료전지,17,815
2023-12-02,연료전지,18,814
2023-12-02,연료전지,19,814
2023-12-02,연료전지,20,813
2023-12-02,연료전지,21,813
2023-12-02,연료전지,22,814
2023-12-02,연료전지,23,814
2023-12-02,연료전지,24,815
2023-12-02,경유,1,0
2023-12-02,경유,2,0
2023-12-02,경유,3,0
2023-12-02,경유,4,0
2023-12-02,경유,5,0
2023-12-02,경유,6,0
2023-12-02,경유,7,0
2023-12-02,경유,8,0
2023-12-02,경유,9,0
2023-12-02,경유,10,0
2023-12-02,경유,11,0
2023-12-02,경유,12,0
2023-12-02,경유,13,0
2023-12-02,경유,14,0
2023-12-02,경유,15,0
2023-12-02,경유,16,0
2023-12-02,경유,17,0
2023-12-02,경유,18,0
2023-12-02,경유,19,0
2023-12-02,경유,20,0
2023-12-02,경유,21,0
2023-12-02,경유,22,0
2023-12-02,경유,23,0
2023-12-02,경유,24,0
2023-12-02,해양에너지,1,0
2023-12-02,해양에너지,2,0
2023-12-02,해양에너지,3,0
2023-12-02,해양에너지,4,0
2023-12-02,해양에너지,5,17
2023-12-02,해양에너지,6,98
2023-12-02,해양에너지,7,122
2023-12-02,해양에너지,8,117
2023-12-02,해양에너지,9,80
2023-12-02,해양에너지,10,21
2023-12-02,해양에너지,11,0
2023-12-02,해양에너지,12,0
2023-12-02,해양에너지,13,0
2023-12-02,해양에너지,14,0
2023-12-02,해양에너지,15,0
2023-12-02,해양에너지,16,0
2023-12-02,해양에너지,17,20
2023-12-02,해양에너지,18,130
2023-12-02,해양에너지,19,170
2023-12-02,해양에너지,20,180
2023-12-02,해양에너지,21,154
2023-12-02,해양에너지,22,104
2023-12-02,해양에너지,23,35
2023-12-02,해양에너지,24,0
2023-12-02,바이오매스,1,699
2023-12-02,바이오매스,2,744
2023-12-02,바이오매스,3,786
2023-12-02,바이오매스,4,795
2023-12-02,바이오매스,5,794
2023-12-02,바이오매스,6,795
2023-12-02,바이오매스,7,791
2023-12-02,바이오매스,8,790
2023-12-02,바이오매스,9,792
2023-12-02,바이오매스,10,793
2023-12-02,바이오매스,11,794
2023-12-02,바이오매스,12,793
2023-12-02,바이오매스,13,800
2023-12-02,바이오매스,14,816
2023-12-02,바이오매스,15,818
2023-12-02,바이오매스,16,819
2023-12-02,바이오매스,17,819
2023-12-02,바이오매스,18,820
2023-12-02,바이오매스,19,818
2023-12-02,바이오매스,20,822
2023-12-02,바이오매스,21,821
2023-12-02,바이오매스,22,819
2023-12-02,바이오매스,23,821
2023-12-02,바이오매스,24,820
2023-12-02,IGCC,1,257
2023-12-02,IGCC,2,257
2023-12-02,IGCC,3,258
2023-12-02,IGCC,4,258
2023-12-02,IGCC,5,258
2023-12-02,IGCC,6,259
2023-12-02,IGCC,7,259
2023-12-02,IGCC,8,260
2023-12-02,IGCC,9,261
2023-12-02,IGCC,10,260
2023-12-02,IGCC,11,260
2023-12-02,IGCC,12,261
2023-12-02,IGCC,13,262
2023-12-02,IGCC,14,262
2023-12-02,IGCC,15,261
2023-12-02,IGCC,16,261
2023-12-02,IGCC,17,261
2023-12-02,IGCC,18,258
2023-12-02,IGCC,19,257
2023-12-02,IGCC,20,258
2023-12-02,IGCC,21,258
2023-12-02,IGCC,22,258
2023-12-02,IGCC,23,258
2023-12-02,IGCC,24,260
2023-12-02,바이오중유,1,204
2023-12-02,바이오중유,2,204
2023-12-02,바이오중유,3,204
2023-12-02,바이오중유,4,204
2023-12-02,바이오중유,5,204
2023-12-02,바이오중유,6,204
2023-12-02,바이오중유,7,204
2023-12-02,바이오중유,8,216
2023-12-02,바이오중유,9,212
2023-12-02,바이오중유,10,188
2023-12-02,바이오중유,11,161
2023-12-02,바이오중유,12,161
2023-12-02,바이오중유,13,162
2023-12-02,바이오중유,14,166
2023-12-02,바이오중유,15,166
2023-12-02,바이오중유,16,172
2023-12-02,바이오중유,17,187
2023-12-02,바이오중유,18,165
2023-12-02,바이오중유,19,161
2023-12-02,바이오중유,20,161
2023-12-02,바이오중유,21,161
2023-12-02,바이오중유,22,161
2023-12-02,바이오중유,23,162
2023-12-02,바이오중유,24,161
2023-12-02,바이오기타,1,0
2023-12-02,바이오기타,2,0
2023-12-02,바이오기타,3,0
2023-12-02,바이오기타,4,0
2023-12-02,바이오기타,5,1
2023-12-02,바이오기타,6,2
2023-12-02,바이오기타,7,1
2023-12-02,바이오기타,8,2
2023-12-02,바이오기타,9,1
2023-12-02,바이오기타,10,1
2023-12-02,바이오기타,11,1
2023-12-02,바이오기타,12,1
2023-12-02,바이오기타,13,1
2023-12-02,바이오기타,14,1
2023-12-02,바이오기타,15,1
2023-12-02,바이오기타,16,1
2023-12-02,바이오기타,17,1
2023-12-02,바이오기타,18,1
2023-12-02,바이오기타,19,1
2023-12-02,바이오기타,20,1
2023-12-02,바이오기타,21,1
2023-12-02,바이오기타,22,0
2023-12-02,바이오기타,23,1
2023-12-02,바이오기타,24,1
2023-12-02,기타,1,49
2023-12-02,기타,2,46
2023-12-02,기타,3,46
2023-12-02,기타,4,46
2023-12-02,기타,5,42
2023-12-02,기타,6,40
2023-12-02,기타,7,39
2023-12-02,기타,8,39
2023-12-02,기타,9,40
2023-12-02,기타,10,37
2023-12-02,기타,11,38
2023-12-02,기타,12,34
2023-12-02,기타,13,34
2023-12-02,기타,14,34
2023-12-02,기타,15,34
2023-12-02,기타,16,34
2023-12-02,기타,17,34
2023-12-02,기타,18,34
2023-12-02,기타,19,33
2023-12-02,기타,20,33
2023-12-02,기타,21,34
2023-12-02,기타,22,34
2023-12-02,기타,23,33
2023-12-02,기타,24,34
2023-12-03,원자력,1,20722
2023-12-03,원자력,2,20719
2023-12-03,원자력,3,20718
2023-12-03,원자력,4,20719
2023-12-03,원자력,5,20720
2023-12-03,원자력,6,20719
2023-12-03,원자력,7,20719
2023-12-03,원자력,8,20719
2023-12-03,원자력,9,20721
2023-12-03,원자력,10,20721
2023-12-03,원자력,11,20723
2023-12-03,원자력,12,20725
2023-12-03,원자력,13,20726
2023-12-03,원자력,14,20726
2023-12-03,원자력,15,20728
2023-12-03,원자력,16,20728
2023-12-03,원자력,17,20728
2023-12-03,원자력,18,20725
2023-12-03,원자력,19,20724
2023-12-03,원자력,20,20723
2023-12-03,원자력,21,20723
2023-12-03,원자력,22,20722
2023-12-03,원자력,23,20722
2023-12-03,원자력,24,20724
2023-12-03,유연탄,1,21170
2023-12-03,유연탄,2,20483
2023-12-03,유연탄,3,20122
2023-12-03,유연탄,4,20687
2023-12-03,유연탄,5,20882
2023-12-03,유연탄,6,19933
2023-12-03,유연탄,7,19096
2023-12-03,유연탄,8,17882
2023-12-03,유연탄,9,16598
2023-12-03,유연탄,10,15066
2023-12-03,유연탄,11,14334
2023-12-03,유연탄,12,13668
2023-12-03,유연탄,13,13753
2023-12-03,유연탄,14,14018
2023-12-03,유연탄,15,14875
2023-12-03,유연탄,16,16140
2023-12-03,유연탄,17,17082
2023-12-03,유연탄,18,17208
2023-12-03,유연탄,19,16833
2023-12-03,유연탄,20,16790
2023-12-03,유연탄,21,16565
2023-12-03,유연탄,22,16957
2023-12-03,유연탄,23,17485
2023-12-03,유연탄,24,18044
2023-12-03,무연탄,1,157
2023-12-03,무연탄,2,157
2023-12-03,무연탄,3,157
2023-12-03,무연탄,4,158
2023-12-03,무연탄,5,165
2023-12-03,무연탄,6,168
2023-12-03,무연탄,7,168
2023-12-03,무연탄,8,167
2023-12-03,무연탄,9,166
2023-12-03,무연탄,10,156
2023-12-03,무연탄,11,150
2023-12-03,무연탄,12,151
2023-12-03,무연탄,13,151
2023-12-03,무연탄,14,149
2023-12-03,무연탄,15,157
2023-12-03,무연탄,16,163
2023-12-03,무연탄,17,166
2023-12-03,무연탄,18,168
2023-12-03,무연탄,19,168
2023-12-03,무연탄,20,167
2023-12-03,무연탄,21,167
2023-12-03,무연탄,22,167
2023-12-03,무연탄,23,167
2023-12-03,무연탄,24,168
2023-12-03,바이오가스,1,36
2023-12-03,바이오가스,2,36
2023-12-03,바이오가스,3,36
2023-12-03,바이오가스,4,34
2023-12-03,바이오가스,5,35
2023-12-03,바이오가스,6,36
2023-12-03,바이오가스,7,36
2023-12-03,바이오가스,8,36
2023-12-03,바이오가스,9,36
2023-12-03,바이오가스,10,36
2023-12-03,바이오가스,11,36
2023-12-03,바이오가스,12,36
2023-12-03,바이오가스,13,36
2023-12-03,바이오가스,14,36
2023-12-03,바이오가스,15,36
2023-12-03,바이오가스,16,36
2023-12-03,바이오가스,17,35
2023-12-03,바이오가스,18,36
2023-12-03,바이오가스,19,37
2023-12-03,바이오가스,20,36
2023-12-03,바이오가스,21,37
2023-12-03,바이오가스,22,37
2023-12-03,바이오가스,23,36
2023-12-03,바이오가스,24,36
2023-12-03,부생가스,1,55
2023-12-03,부생가스,2,55
2023-12-03,부생가스,3,55
2023-12-03,부생가스,4,55
2023-12-03,부생가스,5,57
2023-12-03,부생가스,6,57
2023-12-03,부생가스,7,58
2023-12-03,부생가스,8,59
2023-12-03,부생가스,9,60
2023-12-03,부생가스,10,60
2023-12-03,부생가스,11,60
2023-12-03,부생가스,12,60
2023-12-03,부생가스,13,60
2023-12-03,부생가스,14,60
2023-12-03,부생가스,15,60
2023-12-03,부생가스,16,60
2023-12-03,부생가스,17,60
2023-12-03,부생가스,18,59
2023-12-03,부생가스,19,59
2023-12-03,부생가스,20,59
2023-12-03,부생가스,21,59
2023-12-03,부생가스,22,59
2023-12-03,부생가스,23,60
2023-12-03,부생가스,24,59
2023-12-03,수력,1,105
2023-12-03,수력,2,106
2023-12-03,수력,3,104
2023-12-03,수력,4,103
2023-12-03,수력,5,101
2023-12-03,수력,6,100
2023-12-03,수력,7,101
2023-12-03,수력,8,101
2023-12-03,수력,9,470
2023-12-03,수력,10,537
2023-12-03,수력,11,578
2023-12-03,수력,12,406
2023-12-03,수력,13,153
2023-12-03,수력,14,395
2023-12-03,수력,15,421
2023-12-03,수력,16,560
2023-12-03,수력,17,534
2023-12-03,수력,18,496
2023-12-03,수력,19,455
2023-12-03,수력,20,377
2023-12-03,수력,21,313
2023-12-03,수력,22,245
2023-12-03,수력,23,240
2023-12-03,수력,24,202
2023-12-03,양수,1,93
2023-12-03,양수,2,0
2023-12-03,양수,3,0
2023-12-03,양수,4,0
2023-12-03,양수,5,0
2023-12-03,양수,6,0
2023-12-03,양수,7,0
2023-12-03,양수,8,0
2023-12-03,양수,9,0
2023-12-03,양수,10,0
2023-12-03,양수,11,0
2023-12-03,양수,12,0
2023-12-03,양수,13,0
2023-12-03,양수,14,0
2023-12-03,양수,15,0
2023-12-03,양수,16,0
2023-12-03,양수,17,703
2023-12-03,양수,18,2241
2023-12-03,양수,19,2205
2023-12-03,양수,20,2205
2023-12-03,양수,21,2031
2023-12-03,양수,22,2020
2023-12-03,양수,23,1890
2023-12-03,양수,24,1419
2023-12-03,매립가스,1,25
2023-12-03,매립가스,2,25
2023-12-03,매립가스,3,25
2023-12-03,매립가스,4,25
2023-12-03,매립가스,5,25
2023-12-03,매립가스,6,25
2023-12-03,매립가스,7,25
2023-12-03,매립가스,8,25
2023-12-03,매립가스,9,25
2023-12-03,매립가스,10,25
2023-12-03,매립가스,11,25
2023-12-03,매립가스,12,25
2023-12-03,매립가스,13,25
2023-12-03,매립가스,14,25
2023-12-03,매립가스,15,14
2023-12-03,매립가스,16,12
2023-12-03,매립가스,17,12
2023-12-03,매립가스,18,12
2023-12-03,매립가스,19,12
2023-12-03,매립가스,20,12
2023-12-03,매립가스,21,12
2023-12-03,매립가스,22,12
2023-12-03,매립가스,23,12
2023-12-03,매립가스,24,12
2023-12-03,중유,1,62
2023-12-03,중유,2,62
2023-12-03,중유,3,62
2023-12-03,중유,4,62
2023-12-03,중유,5,62
2023-12-03,중유,6,62
2023-12-03,중유,7,63
2023-12-03,중유,8,63
2023-12-03,중유,9,63
2023-12-03,중유,10,63
2023-12-03,중유,11,56
2023-12-03,중유,12,33
2023-12-03,중유,13,33
2023-12-03,중유,14,32
2023-12-03,중유,15,31
2023-12-03,중유,16,31
2023-12-03,중유,17,31
2023-12-03,중유,18,32
2023-12-03,중유,19,33
2023-12-03,중유,20,33
2023-12-03,중유,21,34
2023-12-03,중유,22,34
2023-12-03,중유,23,33
2023-12-03,중유,24,32
2023-12-03,태양광,1,0
2023-12-03,태양광,2,0
2023-12-03,태양광,3,0
2023-12-03,태양광,4,0
2023-12-03,태양광,5,0
2023-12-03,태양광,6,0
2023-12-03,태양광,7,0
2023-12-03,태양광,8,44
2023-12-03,태양광,9,721
2023-12-03,태양광,10,2075
2023-12-03,태양광,11,3177
2023-12-03,태양광,12,3873
2023-12-03,태양광,13,4113
2023-12-03,태양광,14,4123
2023-12-03,태양광,15,3608
2023-12-03,태양광,16,2334
2023-12-03,태양광,17,1296
2023-12-03,태양광,18,856
2023-12-03,태양광,19,942
2023-12-03,태양광,20,820
2023-12-03,태양광,21,441
2023-12-03,태양광,22,171
2023-12-03,태양광,23,66
2023-12-03,태양광,24,16
2023-12-03,폐기물,1,125
2023-12-03,폐기물,2,124
2023-12-03,폐기물,3,126
2023-12-03,폐기물,4,125
2023-12-03,폐기물,5,125
2023-12-03,폐기물,6,129
2023-12-03,폐기물,7,130
2023-12-03,폐기물,8,128
2023-12-03,폐기물,9,127
2023-12-03,폐기물,10,128
2023-12-03,폐기물,11,128
2023-12-03,폐기물,12,126
2023-12-03,폐기물,13,127
2023-12-03,폐기물,14,128
2023-12-03,폐기물,15,130
2023-12-03,폐기물,16,130
2023-12-03,폐기물,17,126
2023-12-03,폐기물,18,125
2023-12-03,폐기물,19,127
2023-12-03,폐기물,20,129
2023-12-03,폐기물,21,124
2023-12-03,폐기물,22,121
2023-12-03,폐기물,23,124
2023-12-03,폐기물,24,126
2023-12-03,풍력,1,1001
2023-12-03,풍력,2,957
2023-12-03,풍력,3,896
2023-12-03,풍력,4,789
2023-12-03,풍력,5,766
2023-12-03,풍력,6,624
2023-12-03,풍력,7,498
2023-12-03,풍력,8,381
2023-12-03,풍력,9,251
2023-12-03,풍력,10,206
2023-12-03,풍력,11,149
2023-12-03,풍력,12,149
2023-12-03,풍력,13,149
2023-12-03,풍력,14,146
2023-12-03,풍력,15,149
2023-12-03,풍력,16,157
2023-12-03,풍력,17,161
2023-12-03,풍력,18,189
2023-12-03,풍력,19,232
2023-12-03,풍력,20,285
2023-12-03,풍력,21,318
2023-12-03,풍력,22,326
2023-12-03,풍력,23,365
2023-12-03,풍력,24,417
2023-12-03,LNG,1,12591
2023-12-03,LNG,2,11042
2023-12-03,LNG,3,10793
2023-12-03,LNG,4,10661
2023-12-03,LNG,5,10718
2023-12-03,LNG,6,12414
2023-12-03,LNG,7,13790
2023-12-03,LNG,8,14694
2023-12-03,LNG,9,13925
2023-12-03,LNG,10,11821
2023-12-03,LNG,11,10061
2023-12-03,LNG,12,9505
2023-12-03,LNG,13,9391
2023-12-03,LNG,14,9166
2023-12-03,LNG,15,9616
2023-12-03,LNG,16,11539
2023-12-03,LNG,17,14397
2023-12-03,LNG,18,17249
2023-12-03,LNG,19,18717
2023-12-03,LNG,20,18602
2023-12-03,LNG,21,18709
2023-12-03,LNG,22,17587
2023-12-03,LNG,23,17086
2023-12-03,LNG,24,16725
2023-12-03,연료전지,1,815
2023-12-03,연료전지,2,815
2023-12-03,연료전지,3,815
2023-12-03,연료전지,4,815
2023-12-03,연료전지,5,814
2023-12-03,연료전지,6,814
2023-12-03,연료전지,7,814
2023-12-03,연료전지,8,814
2023-12-03,연료전지,9,814
2023-12-03,연료전지,10,815
2023-12-03,연료전지,11,815
2023-12-03,연료전지,12,815
2023-12-03,연료전지,13,815
2023-12-03,연료전지,14,816
2023-12-03,연료전지,15,816
2023-12-03,연료전지,16,816
2023-12-03,연료전지,17,816
2023-12-03,연료전지,18,816
2023-12-03,연료전지,19,815
2023-12-03,연료전지,20,815
2023-12-03,연료전지,21,815
2023-12-03,연료전지,22,815
2023-12-03,연료전지,23,815
2023-12-03,연료전지,24,815
2023-12-03,경유,1,0
2023-12-03,경유,2,0
2023-12-03,경유,3,0
2023-12-03,경유,4,0
2023-12-03,경유,5,0
2023-12-03,경유,6,0
2023-12-03,경유,7,0
2023-12-03,경유,8,0
2023-12-03,경유,9,0
2023-12-03,경유,10,0
2023-12-03,경유,11,0
2023-12-03,경유,12,0
2023-12-03,경유,13,0
2023-12-03,경유,14,0
2023-12-03,경유,15,0
2023-12-03,경유,16,0
2023-12-03,경유,17,0
2023-12-03,경유,18,0
2023-12-03,경유,19,0
2023-12-03,경유,20,0
2023-12-03,경유,21,0
2023-12-03,경유,22,0
2023-12-03,경유,23,0
2023-12-03,경유,24,0
2023-12-03,해양에너지,1,0
2023-12-03,해양에너지,2,0
2023-12-03,해양에너지,3,0
2023-12-03,해양에너지,4,0
2023-12-03,해양에너지,5,0
2023-12-03,해양에너지,6,6
2023-12-03,해양에너지,7,86
2023-12-03,해양에너지,8,97
2023-12-03,해양에너지,9,81
2023-12-03,해양에너지,10,40
2023-12-03,해양에너지,11,0
2023-12-03,해양에너지,12,0
2023-12-03,해양에너지,13,0
2023-12-03,해양에너지,14,0
2023-12-03,해양에너지,15,0
2023-12-03,해양에너지,16,0
2023-12-03,해양에너지,17,0
2023-12-03,해양에너지,18,21
2023-12-03,해양에너지,19,123
2023-12-03,해양에너지,20,145
2023-12-03,해양에너지,21,141
2023-12-03,해양에너지,22,112
2023-12-03,해양에너지,23,64
2023-12-03,해양에너지,24,11
2023-12-03,바이오매스,1,821
2023-12-03,바이오매스,2,822
2023-12-03,바이오매스,3,822
2023-12-03,바이오매스,4,823
2023-12-03,바이오매스,5,823
2023-12-03,바이오매스,6,823
2023-12-03,바이오매스,7,821
2023-12-03,바이오매스,8,820
2023-12-03,바이오매스,9,823
2023-12-03,바이오매스,10,821
2023-12-03,바이오매스,11,819
2023-12-03,바이오매스,12,822
2023-12-03,바이오매스,13,823
2023-12-03,바이오매스,14,824
2023-12-03,바이오매스,15,827
2023-12-03,바이오매스,16,825
2023-12-03,바이오매스,17,825
2023-12-03,바이오매스,18,825
2023-12-03,바이오매스,19,823
2023-12-03,바이오매스,20,823
2023-12-03,바이오매스,21,822
2023-12-03,바이오매스,22,822
2023-12-03,바이오매스,23,821
2023-12-03,바이오매스,24,822
2023-12-03,IGCC,1,261
2023-12-03,IGCC,2,259
2023-12-03,IGCC,3,258
2023-12-03,IGCC,4,259
2023-12-03,IGCC,5,262
2023-12-03,IGCC,6,261
2023-12-03,IGCC,7,259
2023-12-03,IGCC,8,259
2023-12-03,IGCC,9,262
2023-12-03,IGCC,10,263
2023-12-03,IGCC,11,262
2023-12-03,IGCC,12,260
2023-12-03,IGCC,13,260
2023-12-03,IGCC,14,260
2023-12-03,IGCC,15,257
2023-12-03,IGCC,16,257
2023-12-03,IGCC,17,259
2023-12-03,IGCC,18,261
2023-12-03,IGCC,19,262
2023-12-03,IGCC,20,263
2023-12-03,IGCC,21,262
2023-12-03,IGCC,22,262
2023-12-03,IGCC,23,261
2023-12-03,IGCC,24,260
2023-12-03,바이오중유,1,161
2023-12-03,바이오중유,2,162
2023-12-03,바이오중유,3,161
2023-12-03,바이오중유,4,162
2023-12-03,바이오중유,5,161
2023-12-03,바이오중유,6,161
2023-12-03,바이오중유,7,161
2023-12-03,바이오중유,8,162
2023-12-03,바이오중유,9,162
2023-12-03,바이오중유,10,161
2023-12-03,바이오중유,11,161
2023-12-03,바이오중유,12,143
2023-12-03,바이오중유,13,117
2023-12-03,바이오중유,14,113
2023-12-03,바이오중유,15,139
2023-12-03,바이오중유,16,162
2023-12-03,바이오중유,17,162
2023-12-03,바이오중유,18,162
2023-12-03,바이오중유,19,161
2023-12-03,바이오중유,20,161
2023-12-03,바이오중유,21,162
2023-12-03,바이오중유,22,161
2023-12-03,바이오중유,23,161
2023-12-03,바이오중유,24,161
2023-12-03,바이오기타,1,1
2023-12-03,바이오기타,2,1
2023-12-03,바이오기타,3,1
2023-12-03,바이오기타,4,1
2023-12-03,바이오기타,5,1
2023-12-03,바이오기타,6,2
2023-12-03,바이오기타,7,2
2023-12-03,바이오기타,8,1
2023-12-03,바이오기타,9,1
2023-12-03,바이오기타,10,1
2023-12-03,바이오기타,11,1
2023-12-03,바이오기타,12,1
2023-12-03,바이오기타,13,2
2023-12-03,바이오기타,14,2
2023-12-03,바이오기타,15,2
2023-12-03,바이오기타,16,2
2023-12-03,바이오기타,17,2
2023-12-03,바이오기타,18,2
2023-12-03,바이오기타,19,3
2023-12-03,바이오기타,20,3
2023-12-03,바이오기타,21,3
2023-12-03,바이오기타,22,1
2023-12-03,바이오기타,23,1
2023-12-03,바이오기타,24,1
2023-12-03,기타,1,36
2023-12-03,기타,2,33
2023-12-03,기타,3,34
2023-12-03,기타,4,34
2023-12-03,기타,5,36
2023-12-03,기타,6,37
2023-12-03,기타,7,34
2023-12-03,기타,8,33
2023-12-03,기타,9,34
2023-12-03,기타,10,31
2023-12-03,기타,11,29
2023-12-03,기타,12,28
2023-12-03,기타,13,28
2023-12-03,기타,14,28
2023-12-03,기타,15,28
2023-12-03,기타,16,28
2023-12-03,기타,17,29
2023-12-03,기타,18,33
2023-12-03,기타,19,35
2023-12-03,기타,20,32
2023-12-03,기타,21,32
2023-12-03,기타,22,31
2023-12-03,기타,23,31
2023-12-03,기타,24,32
2023-12-04,원자력,1,20725
2023-12-04,원자력,2,20722
2023-12-04,원자력,3,20722
2023-12-04,원자력,4,20723
2023-12-04,원자력,5,20723
2023-12-04,원자력,6,20722
2023-12-04,원자력,7,20722
2023-12-04,원자력,8,20720
2023-12-04,원자력,9,20721
2023-12-04,원자력,10,20721
2023-12-04,원자력,11,20727
2023-12-04,원자력,12,20727
2023-12-04,원자력,13,20728
2023-12-04,원자력,14,20725
2023-12-04,원자력,15,20726
2023-12-04,원자력,16,20727
2023-12-04,원자력,17,20727
2023-12-04,원자력,18,20724
2023-12-04,원자력,19,20724
2023-12-04,원자력,20,20726
2023-12-04,원자력,21,20728
2023-12-04,원자력,22,20729
2023-12-04,원자력,23,20729
2023-12-04,원자력,24,20728
2023-12-04,유연탄,1,18371
2023-12-04,유연탄,2,18706
2023-12-04,유연탄,3,19598
2023-12-04,유연탄,4,19963
2023-12-04,유연탄,5,20626
2023-12-04,유연탄,6,21063
2023-12-04,유연탄,7,21713
2023-12-04,유연탄,8,22479
2023-12-04,유연탄,9,22970
2023-12-04,유연탄,10,23205
2023-12-04,유연탄,11,22536
2023-12-04,유연탄,12,21175
2023-12-04,유연탄,13,20163
2023-12-04,유연탄,14,21779
2023-12-04,유연탄,15,22989
2023-12-04,유연탄,16,24426
2023-12-04,유연탄,17,25129
2023-12-04,유연탄,18,25418
2023-12-04,유연탄,19,25058
2023-12-04,유연탄,20,24913
2023-12-04,유연탄,21,24836
2023-12-04,유연탄,22,24820
2023-12-04,유연탄,23,25055
2023-12-04,유연탄,24,25091
2023-12-04,무연탄,1,168
2023-12-04,무연탄,2,167
2023-12-04,무연탄,3,167
2023-12-04,무연탄,4,168
2023-12-04,무연탄,5,167
2023-12-04,무연탄,6,167
2023-12-04,무연탄,7,167
2023-12-04,무연탄,8,167
2023-12-04,무연탄,9,166
2023-12-04,무연탄,10,166
2023-12-04,무연탄,11,167
2023-12-04,무연탄,12,167
2023-12-04,무연탄,13,167
2023-12-04,무연탄,14,167
2023-12-04,무연탄,15,167
2023-12-04,무연탄,16,167
2023-12-04,무연탄,17,167
2023-12-04,무연탄,18,166
2023-12-04,무연탄,19,167
2023-12-04,무연탄,20,167
2023-12-04,무연탄,21,166
2023-12-04,무연탄,22,166
2023-12-04,무연탄,23,166
2023-12-04,무연탄,24,166
2023-12-04,바이오가스,1,36
2023-12-04,바이오가스,2,36
2023-12-04,바이오가스,3,36
2023-12-04,바이오가스,4,35
2023-12-04,바이오가스,5,36
2023-12-04,바이오가스,6,37
2023-12-04,바이오가스,7,37
2023-12-04,바이오가스,8,36
2023-12-04,바이오가스,9,36
2023-12-04,바이오가스,10,36
2023-12-04,바이오가스,11,37
2023-12-04,바이오가스,12,37
2023-12-04,바이오가스,13,37
2023-12-04,바이오가스,14,35
2023-12-04,바이오가스,15,35
2023-12-04,바이오가스,16,35
2023-12-04,바이오가스,17,36
2023-12-04,바이오가스,18,36
2023-12-04,바이오가스,19,35
2023-12-04,바이오가스,20,35
2023-12-04,바이오가스,21,35
2023-12-04,바이오가스,22,35
2023-12-04,바이오가스,23,34
2023-12-04,바이오가스,24,35
2023-12-04,부생가스,1,60
2023-12-04,부생가스,2,60
2023-12-04,부생가스,3,62
2023-12-04,부생가스,4,62
2023-12-04,부생가스,5,63
2023-12-04,부생가스,6,62
2023-12-04,부생가스,7,61
2023-12-04,부생가스,8,62
2023-12-04,부생가스,9,62
2023-12-04,부생가스,10,70
2023-12-04,부생가스,11,64
2023-12-04,부생가스,12,53
2023-12-04,부생가스,13,53
2023-12-04,부생가스,14,53
2023-12-04,부생가스,15,51
2023-12-04,부생가스,16,51
2023-12-04,부생가스,17,52
2023-12-04,부생가스,18,51
2023-12-04,부생가스,19,54
2023-12-04,부생가스,20,58
2023-12-04,부생가스,21,52
2023-12-04,부생가스,22,52
2023-12-04,부생가스,23,52
2023-12-04,부생가스,24,52
2023-12-04,수력,1,232
2023-12-04,수력,2,236
2023-12-04,수력,3,145
2023-12-04,수력,4,145
2023-12-04,수력,5,144
2023-12-04,수력,6,143
2023-12-04,수력,7,226
2023-12-04,수력,8,232
2023-12-04,수력,9,570
2023-12-04,수력,10,418
2023-12-04,수력,11,462
2023-12-04,수력,12,361
2023-12-04,수력,13,276
2023-12-04,수력,14,322
2023-12-04,수력,15,322
2023-12-04,수력,16,360
2023-12-04,수력,17,381
2023-12-04,수력,18,383
2023-12-04,수력,19,415
2023-12-04,수력,20,401
2023-12-04,수력,21,361
2023-12-04,수력,22,266
2023-12-04,수력,23,213
2023-12-04,수력,24,207
2023-12-04,양수,1,146
2023-12-04,양수,2,0
2023-12-04,양수,3,0
2023-12-04,양수,4,0
2023-12-04,양수,5,0
2023-12-04,양수,6,0
2023-12-04,양수,7,0
2023-12-04,양수,8,25
2023-12-04,양수,9,398
2023-12-04,양수,10,138
2023-12-04,양수,11,0
2023-12-04,양수,12,0
2023-12-04,양수,13,0
2023-12-04,양수,14,0
2023-12-04,양수,15,0
2023-12-04,양수,16,0
2023-12-04,양수,17,712
2023-12-04,양수,18,1956
2023-12-04,양수,19,2221
2023-12-04,양수,20,2221
2023-12-04,양수,21,1923
2023-12-04,양수,22,1231
2023-12-04,양수,23,308
2023-12-04,양수,24,138
2023-12-04,매립가스,1,12
2023-12-04,매립가스,2,12
2023-12-04,매립가스,3,12
2023-12-04,매립가스,4,12
2023-12-04,매립가스,5,12
2023-12-04,매립가스,6,12
2023-12-04,매립가스,7,12
2023-12-04,매립가스,8,13
2023-12-04,매립가스,9,13
2023-12-04,매립가스,10,13
2023-12-04,매립가스,11,13
2023-12-04,매립가스,12,13
2023-12-04,매립가스,13,13
2023-12-04,매립가스,14,12
2023-12-04,매립가스,15,12
2023-12-04,매립가스,16,12
2023-12-04,매립가스,17,12
2023-12-04,매립가스,18,12
2023-12-04,매립가스,19,12
2023-12-04,매립가스,20,13
2023-12-04,매립가스,21,13
2023-12-04,매립가스,22,13
2023-12-04,매립가스,23,13
2023-12-04,매립가스,24,12
2023-12-04,중유,1,33
2023-12-04,중유,2,33
2023-12-04,중유,3,33
2023-12-04,중유,4,32
2023-12-04,중유,5,32
2023-12-04,중유,6,32
2023-12-04,중유,7,32
2023-12-04,중유,8,32
2023-12-04,중유,9,32
2023-12-04,중유,10,32
2023-12-04,중유,11,34
2023-12-04,중유,12,33
2023-12-04,중유,13,32
2023-12-04,중유,14,32
2023-12-04,중유,15,32
2023-12-04,중유,16,31
2023-12-04,중유,17,31
2023-12-04,중유,18,30
2023-12-04,중유,19,32
2023-12-04,중유,20,32
2023-12-04,중유,21,33
2023-12-04,중유,22,34
2023-12-04,중유,23,34
2023-12-04,중유,24,33
2023-12-04,태양광,1,3
2023-12-04,태양광,2,1
2023-12-04,태양광,3,0
2023-12-04,태양광,4,0
2023-12-04,태양광,5,0
2023-12-04,태양광,6,0
2023-12-04,태양광,7,0
2023-12-04,태양광,8,47
2023-12-04,태양광,9,803
2023-12-04,태양광,10,2320
2023-12-04,태양광,11,3425
2023-12-04,태양광,12,3964
2023-12-04,태양광,13,4028
2023-12-04,태양광,14,3749
2023-12-04,태양광,15,3057
2023-12-04,태양광,16,1807
2023-12-04,태양광,17,1164
2023-12-04,태양광,18,852
2023-12-04,태양광,19,939
2023-12-04,태양광,20,805
2023-12-04,태양광,21,373
2023-12-04,태양광,22,166
2023-12-04,태양광,23,62
2023-12-04,태양광,24,15
2023-12-04,폐기물,1,126
2023-12-04,폐기물,2,125
2023-12-04,폐기물,3,127
2023-12-04,폐기물,4,128
2023-12-04,폐기물,5,125
2023-12-04,폐기물,6,126
2023-12-04,폐기물,7,125
2023-12-04,폐기물,8,110
2023-12-04,폐기물,9,104
2023-12-04,폐기물,10,109
2023-12-04,폐기물,11,111
2023-12-04,폐기물,12,109
2023-12-04,폐기물,13,108
2023-12-04,폐기물,14,111
2023-12-04,폐기물,15,112
2023-12-04,폐기물,16,113
2023-12-04,폐기물,17,110
2023-12-04,폐기물,18,113
2023-12-04,폐기물,19,114
2023-12-04,폐기물,20,114
2023-12-04,폐기물,21,111
2023-12-04,폐기물,22,108
2023-12-04,폐기물,23,108
2023-12-04,폐기물,24,107
2023-12-04,풍력,1,442
2023-12-04,풍력,2,471
2023-12-04,풍력,3,473
2023-12-04,풍력,4,493
2023-12-04,풍력,5,515
2023-12-04,풍력,6,514
2023-12-04,풍력,7,502
2023-12-04,풍력,8,455
2023-12-04,풍력,9,430
2023-12-04,풍력,10,426
2023-12-04,풍력,11,369
2023-12-04,풍력,12,304
2023-12-04,풍력,13,303
2023-12-04,풍력,14,316
2023-12-04,풍력,15,280
2023-12-04,풍력,16,304
2023-12-04,풍력,17,317
2023-12-04,풍력,18,360
2023-12-04,풍력,19,379
2023-12-04,풍력,20,387
2023-12-04,풍력,21,335
2023-12-04,풍력,22,284
2023-12-04,풍력,23,266
2023-12-04,풍력,24,294
2023-12-04,LNG,1,14897
2023-12-04,LNG,2,12509
2023-12-04,LNG,3,10928
2023-12-04,LNG,4,11263
2023-12-04,LNG,5,11466
2023-12-04,LNG,6,13359
2023-12-04,LNG,7,16290
2023-12-04,LNG,8,21676
2023-12-04,LNG,9,27238
2023-12-04,LNG,10,25789
2023-12-04,LNG,11,23060
2023-12-04,LNG,12,21512
2023-12-04,LNG,13,20057
2023-12-04,LNG,14,20839
2023-12-04,LNG,15,21327
2023-12-04,LNG,16,23037
2023-12-04,LNG,17,24504
2023-12-04,LNG,18,23875
2023-12-04,LNG,19,22181
2023-12-04,LNG,20,20500
2023-12-04,LNG,21,18712
2023-12-04,LNG,22,17362
2023-12-04,LNG,23,17789
2023-12-04,LNG,24,17166
2023-12-04,연료전지,1,815
2023-12-04,연료전지,2,815
2023-12-04,연료전지,3,814
2023-12-04,연료전지,4,814
2023-12-04,연료전지,5,815
2023-12-04,연료전지,6,815
2023-12-04,연료전지,7,815
2023-12-04,연료전지,8,815
2023-12-04,연료전지,9,814
2023-12-04,연료전지,10,814
2023-12-04,연료전지,11,813
2023-12-04,연료전지,12,813
2023-12-04,연료전지,13,813
2023-12-04,연료전지,14,813
2023-12-04,연료전지,15,813
2023-12-04,연료전지,16,812
2023-12-04,연료전지,17,812
2023-12-04,연료전지,18,812
2023-12-04,연료전지,19,813
2023-12-04,연료전지,20,813
2023-12-04,연료전지,21,814
2023-12-04,연료전지,22,815
2023-12-04,연료전지,23,815
2023-12-04,연료전지,24,816
2023-12-04,경유,1,0
2023-12-04,경유,2,0
2023-12-04,경유,3,0
2023-12-04,경유,4,0
2023-12-04,경유,5,0
2023-12-04,경유,6,0
2023-12-04,경유,7,0
2023-12-04,경유,8,0
2023-12-04,경유,9,0
2023-12-04,경유,10,0
2023-12-04,경유,11,0
2023-12-04,경유,12,0
2023-12-04,경유,13,0
2023-12-04,경유,14,0
2023-12-04,경유,15,0
2023-12-04,경유,16,0
2023-12-04,경유,17,0
2023-12-04,경유,18,0
2023-12-04,경유,19,0
2023-12-04,경유,20,0
2023-12-04,경유,21,0
2023-12-04,경유,22,0
2023-12-04,경유,23,0
2023-12-04,경유,24,0
2023-12-04,해양에너지,1,0
2023-12-04,해양에너지,2,0
2023-12-04,해양에너지,3,0
2023-12-04,해양에너지,4,0
2023-12-04,해양에너지,5,0
2023-12-04,해양에너지,6,0
2023-12-04,해양에너지,7,0
2023-12-04,해양에너지,8,72
2023-12-04,해양에너지,9,74
2023-12-04,해양에너지,10,53
2023-12-04,해양에너지,11,0
2023-12-04,해양에너지,12,0
2023-12-04,해양에너지,13,0
2023-12-04,해양에너지,14,0
2023-12-04,해양에너지,15,0
2023-12-04,해양에너지,16,0
2023-12-04,해양에너지,17,0
2023-12-04,해양에너지,18,0
2023-12-04,해양에너지,19,0
2023-12-04,해양에너지,20,104
2023-12-04,해양에너지,21,119
2023-12-04,해양에너지,22,109
2023-12-04,해양에너지,23,79
2023-12-04,해양에너지,24,10
2023-12-04,바이오매스,1,822
2023-12-04,바이오매스,2,823
2023-12-04,바이오매스,3,823
2023-12-04,바이오매스,4,824
2023-12-04,바이오매스,5,822
2023-12-04,바이오매스,6,818
2023-12-04,바이오매스,7,820
2023-12-04,바이오매스,8,820
2023-12-04,바이오매스,9,825
2023-12-04,바이오매스,10,822
2023-12-04,바이오매스,11,821
2023-12-04,바이오매스,12,822
2023-12-04,바이오매스,13,823
2023-12-04,바이오매스,14,825
2023-12-04,바이오매스,15,822
2023-12-04,바이오매스,16,827
2023-12-04,바이오매스,17,826
2023-12-04,바이오매스,18,822
2023-12-04,바이오매스,19,818
2023-12-04,바이오매스,20,820
2023-12-04,바이오매스,21,824
2023-12-04,바이오매스,22,830
2023-12-04,바이오매스,23,857
2023-12-04,바이오매스,24,894
2023-12-04,IGCC,1,259
2023-12-04,IGCC,2,258
2023-12-04,IGCC,3,258
2023-12-04,IGCC,4,260
2023-12-04,IGCC,5,259
2023-12-04,IGCC,6,258
2023-12-04,IGCC,7,257
2023-12-04,IGCC,8,257
2023-12-04,IGCC,9,257
2023-12-04,IGCC,10,259
2023-12-04,IGCC,11,260
2023-12-04,IGCC,12,263
2023-12-04,IGCC,13,264
2023-12-04,IGCC,14,265
2023-12-04,IGCC,15,264
2023-12-04,IGCC,16,266
2023-12-04,IGCC,17,265
2023-12-04,IGCC,18,264
2023-12-04,IGCC,19,261
2023-12-04,IGCC,20,264
2023-12-04,IGCC,21,263
2023-12-04,IGCC,22,263
2023-12-04,IGCC,23,261
2023-12-04,IGCC,24,262
2023-12-04,바이오중유,1,161
2023-12-04,바이오중유,2,161
2023-12-04,바이오중유,3,161
2023-12-04,바이오중유,4,161
2023-12-04,바이오중유,5,161
2023-12-04,바이오중유,6,161
2023-12-04,바이오중유,7,169
2023-12-04,바이오중유,8,203
2023-12-04,바이오중유,9,163
2023-12-04,바이오중유,10,161
2023-12-04,바이오중유,11,117
2023-12-04,바이오중유,12,119
2023-12-04,바이오중유,13,120
2023-12-04,바이오중유,14,160
2023-12-04,바이오중유,15,169
2023-12-04,바이오중유,16,174
2023-12-04,바이오중유,17,183
2023-12-04,바이오중유,18,197
2023-12-04,바이오중유,19,184
2023-12-04,바이오중유,20,163
2023-12-04,바이오중유,21,161
2023-12-04,바이오중유,22,161
2023-12-04,바이오중유,23,161
2023-12-04,바이오중유,24,161
2023-12-04,바이오기타,1,1
2023-12-04,바이오기타,2,1
2023-12-04,바이오기타,3,1
2023-12-04,바이오기타,4,1
2023-12-04,바이오기타,5,1
2023-12-04,바이오기타,6,1
2023-12-04,바이오기타,7,1
2023-12-04,바이오기타,8,0
2023-12-04,바이오기타,9,0
2023-12-04,바이오기타,10,0
2023-12-04,바이오기타,11,1
2023-12-04,바이오기타,12,0
2023-12-04,바이오기타,13,1
2023-12-04,바이오기타,14,1
2023-12-04,바이오기타,15,0
2023-12-04,바이오기타,16,0
2023-12-04,바이오기타,17,0
2023-12-04,바이오기타,18,1
2023-12-04,바이오기타,19,2
2023-12-04,바이오기타,20,3
2023-12-04,바이오기타,21,3
2023-12-04,바이오기타,22,3
2023-12-04,바이오기타,23,2
2023-12-04,바이오기타,24,1
2023-12-04,기타,1,38
2023-12-04,기타,2,38
2023-12-04,기타,3,37
2023-12-04,기타,4,36
2023-12-04,기타,5,37
2023-12-04,기타,6,37
2023-12-04,기타,7,38
2023-12-04,기타,8,40
2023-12-04,기타,9,36
2023-12-04,기타,10,31
2023-12-04,기타,11,31
2023-12-04,기타,12,31
2023-12-04,기타,13,30
2023-12-04,기타,14,33
2023-12-04,기타,15,32
2023-12-04,기타,16,24
2023-12-04,기타,17,15
2023-12-04,기타,18,15
2023-12-04,기타,19,15
2023-12-04,기타,20,15
2023-12-04,기타,21,15
2023-12-04,기타,22,15
2023-12-04,기타,23,15
2023-12-04,기타,24,16
2023-12-05,원자력,1,20728
2023-12-05,원자력,2,20729
2023-12-05,원자력,3,20729
2023-12-05,원자력,4,20728
2023-12-05,원자력,5,20729
2023-12-05,원자력,6,20728
2023-12-05,원자력,7,20727
2023-12-05,원자력,8,20726
2023-12-05,원자력,9,20725
2023-12-05,원자력,10,20727
2023-12-05,원자력,11,20737
2023-12-05,원자력,12,20743
2023-12-05,원자력,13,20732
2023-12-05,원자력,14,20728
2023-12-05,원자력,15,20733
2023-12-05,원자력,16,20733
2023-12-05,원자력,17,20731
2023-12-05,원자력,18,20731
2023-12-05,원자력,19,20733
2023-12-05,원자력,20,20733
2023-12-05,원자력,21,20732
2023-12-05,원자력,22,20732
2023-12-05,원자력,23,20731
2023-12-05,원자력,24,20731
2023-12-05,유연탄,1,25062
2023-12-05,유연탄,2,25182
2023-12-05,유연탄,3,25372
2023-12-05,유연탄,4,25493
2023-12-05,유연탄,5,25451
2023-12-05,유연탄,6,25296
2023-12-05,유연탄,7,24368
2023-12-05,유연탄,8,24899
2023-12-05,유연탄,9,25232
2023-12-05,유연탄,10,25557
2023-12-05,유연탄,11,25120
2023-12-05,유연탄,12,23660
2023-12-05,유연탄,13,22561
2023-12-05,유연탄,14,23780
2023-12-05,유연탄,15,24509
2023-12-05,유연탄,16,25297
2023-12-05,유연탄,17,25538
2023-12-05,유연탄,18,25657
2023-12-05,유연탄,19,25264
2023-12-05,유연탄,20,25072
2023-12-05,유연탄,21,24894
2023-12-05,유연탄,22,24671
2023-12-05,유연탄,23,24965
2023-12-05,유연탄,24,25015
2023-12-05,무연탄,1,167
2023-12-05,무연탄,2,168
2023-12-05,무연탄,3,164
2023-12-05,무연탄,4,166
2023-12-05,무연탄,5,168
2023-12-05,무연탄,6,167
2023-12-05,무연탄,7,167
2023-12-05,무연탄,8,167
2023-12-05,무연탄,9,167
2023-12-05,무연탄,10,167
2023-12-05,무연탄,11,168
2023-12-05,무연탄,12,167
2023-12-05,무연탄,13,167
2023-12-05,무연탄,14,167
2023-12-05,무연탄,15,167
2023-12-05,무연탄,16,167
2023-12-05,무연탄,17,167
2023-12-05,무연탄,18,167
2023-12-05,무연탄,19,167
2023-12-05,무연탄,20,167
2023-12-05,무연탄,21,167
2023-12-05,무연탄,22,167
2023-12-05,무연탄,23,167
2023-12-05,무연탄,24,167
2023-12-05,바이오가스,1,36
2023-12-05,바이오가스,2,36
2023-12-05,바이오가스,3,35
2023-12-05,바이오가스,4,34
2023-12-05,바이오가스,5,34
2023-12-05,바이오가스,6,35
2023-12-05,바이오가스,7,35
2023-12-05,바이오가스,8,35
2023-12-05,바이오가스,9,34
2023-12-05,바이오가스,10,33
2023-12-05,바이오가스,11,32
2023-12-05,바이오가스,12,32
2023-12-05,바이오가스,13,32
2023-12-05,바이오가스,14,32
2023-12-05,바이오가스,15,33
2023-12-05,바이오가스,16,33
2023-12-05,바이오가스,17,35
2023-12-05,바이오가스,18,37
2023-12-05,바이오가스,19,38
2023-12-05,바이오가스,20,38
2023-12-05,바이오가스,21,36
2023-12-05,바이오가스,22,36
2023-12-05,바이오가스,23,35
2023-12-05,바이오가스,24,35
2023-12-05,부생가스,1,52
2023-12-05,부생가스,2,52
2023-12-05,부생가스,3,53
2023-12-05,부생가스,4,53
2023-12-05,부생가스,5,52
2023-12-05,부생가스,6,52
2023-12-05,부생가스,7,52
2023-12-05,부생가스,8,53
2023-12-05,부생가스,9,54
2023-12-05,부생가스,10,54
2023-12-05,부생가스,11,68
2023-12-05,부생가스,12,78
2023-12-05,부생가스,13,54
2023-12-05,부생가스,14,64
2023-12-05,부생가스,15,109
2023-12-05,부생가스,16,140
2023-12-05,부생가스,17,76
2023-12-05,부생가스,18,55
2023-12-05,부생가스,19,61
2023-12-05,부생가스,20,63
2023-12-05,부생가스,21,53
2023-12-05,부생가스,22,57
2023-12-05,부생가스,23,57
2023-12-05,부생가스,24,53
2023-12-05,수력,1,205
2023-12-05,수력,2,204
2023-12-05,수력,3,112
2023-12-05,수력,4,113
2023-12-05,수력,5,112
2023-12-05,수력,6,112
2023-12-05,수력,7,110
2023-12-05,수력,8,203
2023-12-05,수력,9,445
2023-12-05,수력,10,483
2023-12-05,수력,11,485
2023-12-05,수력,12,434
2023-12-05,수력,13,290
2023-12-05,수력,14,335
2023-12-05,수력,15,330
2023-12-05,수력,16,408
2023-12-05,수력,17,393
2023-12-05,수력,18,405
2023-12-05,수력,19,467
2023-12-05,수력,20,467
2023-12-05,수력,21,346
2023-12-05,수력,22,228
2023-12-05,수력,23,212
2023-12-05,수력,24,204
2023-12-05,양수,1,0
2023-12-05,양수,2,0
2023-12-05,양수,3,0
2023-12-05,양수,4,0
2023-12-05,양수,5,0
2023-12-05,양수,6,0
2023-12-05,양수,7,0
2023-12-05,양수,8,0
2023-12-05,양수,9,0
2023-12-05,양수,10,0
2023-12-05,양수,11,0
2023-12-05,양수,12,0
2023-12-05,양수,13,0
2023-12-05,양수,14,0
2023-12-05,양수,15,0
2023-12-05,양수,16,0
2023-12-05,양수,17,105
2023-12-05,양수,18,592
2023-12-05,양수,19,1366
2023-12-05,양수,20,1382
2023-12-05,양수,21,1287
2023-12-05,양수,22,901
2023-12-05,양수,23,601
2023-12-05,양수,24,557
2023-12-05,매립가스,1,12
2023-12-05,매립가스,2,12
2023-12-05,매립가스,3,12
2023-12-05,매립가스,4,12
2023-12-05,매립가스,5,12
2023-12-05,매립가스,6,12
2023-12-05,매립가스,7,12
2023-12-05,매립가스,8,12
2023-12-05,매립가스,9,12
2023-12-05,매립가스,10,13
2023-12-05,매립가스,11,13
2023-12-05,매립가스,12,13
2023-12-05,매립가스,13,13
2023-12-05,매립가스,14,13
2023-12-05,매립가스,15,13
2023-12-05,매립가스,16,13
2023-12-05,매립가스,17,13
2023-12-05,매립가스,18,13
2023-12-05,매립가스,19,13
2023-12-05,매립가스,20,13
2023-12-05,매립가스,21,13
2023-12-05,매립가스,22,13
2023-12-05,매립가스,23,13
2023-12-05,매립가스,24,13
2023-12-05,중유,1,33
2023-12-05,중유,2,33
2023-12-05,중유,3,33
2023-12-05,중유,4,33
2023-12-05,중유,5,32
2023-12-05,중유,6,33
2023-12-05,중유,7,33
2023-12-05,중유,8,32
2023-12-05,중유,9,32
2023-12-05,중유,10,33
2023-12-05,중유,11,33
2023-12-05,중유,12,32
2023-12-05,중유,13,32
2023-12-05,중유,14,31
2023-12-05,중유,15,30
2023-12-05,중유,16,30
2023-12-05,중유,17,31
2023-12-05,중유,18,32
2023-12-05,중유,19,32
2023-12-05,중유,20,33
2023-12-05,중유,21,32
2023-12-05,중유,22,33
2023-12-05,중유,23,32
2023-12-05,중유,24,32
2023-12-05,태양광,1,3
2023-12-05,태양광,2,1
2023-12-05,태양광,3,0
2023-12-05,태양광,4,1
2023-12-05,태양광,5,1
2023-12-05,태양광,6,0
2023-12-05,태양광,7,0
2023-12-05,태양광,8,37
2023-12-05,태양광,9,679
2023-12-05,태양광,10,1836
2023-12-05,태양광,11,2754
2023-12-05,태양광,12,3468
2023-12-05,태양광,13,3690
2023-12-05,태양광,14,3365
2023-12-05,태양광,15,2843
2023-12-05,태양광,16,1732
2023-12-05,태양광,17,1212
2023-12-05,태양광,18,842
2023-12-05,태양광,19,885
2023-12-05,태양광,20,691
2023-12-05,태양광,21,336
2023-12-05,태양광,22,136
2023-12-05,태양광,23,52
2023-12-05,태양광,24,12
2023-12-05,폐기물,1,108
2023-12-05,폐기물,2,108
2023-12-05,폐기물,3,108
2023-12-05,폐기물,4,107
2023-12-05,폐기물,5,104
2023-12-05,폐기물,6,107
2023-12-05,폐기물,7,106
2023-12-05,폐기물,8,103
2023-12-05,폐기물,9,100
2023-12-05,폐기물,10,99
2023-12-05,폐기물,11,101
2023-12-05,폐기물,12,106
2023-12-05,폐기물,13,108
2023-12-05,폐기물,14,106
2023-12-05,폐기물,15,106
2023-12-05,폐기물,16,107
2023-12-05,폐기물,17,109
2023-12-05,폐기물,18,113
2023-12-05,폐기물,19,115
2023-12-05,폐기물,20,112
2023-12-05,폐기물,21,115
2023-12-05,폐기물,22,120
2023-12-05,폐기물,23,120
2023-12-05,폐기물,24,125
2023-12-05,풍력,1,299
2023-12-05,풍력,2,241
2023-12-05,풍력,3,176
2023-12-05,풍력,4,114
2023-12-05,풍력,5,66
2023-12-05,풍력,6,58
2023-12-05,풍력,7,98
2023-12-05,풍력,8,113
2023-12-05,풍력,9,82
2023-12-05,풍력,10,99
2023-12-05,풍력,11,96
2023-12-05,풍력,12,63
2023-12-05,풍력,13,19
2023-12-05,풍력,14,16
2023-12-05,풍력,15,19
2023-12-05,풍력,16,25
2023-12-05,풍력,17,23
2023-12-05,풍력,18,55
2023-12-05,풍력,19,77
2023-12-05,풍력,20,78
2023-12-05,풍력,21,107
2023-12-05,풍력,22,99
2023-12-05,풍력,23,106
2023-12-05,풍력,24,199
2023-12-05,LNG,1,13642
2023-12-05,LNG,2,11047
2023-12-05,LNG,3,9789
2023-12-05,LNG,4,9819
2023-12-05,LNG,5,10271
2023-12-05,LNG,6,11623
2023-12-05,LNG,7,15824
2023-12-05,LNG,8,20617
2023-12-05,LNG,9,25216
2023-12-05,LNG,10,23870
2023-12-05,LNG,11,21183
2023-12-05,LNG,12,19405
2023-12-05,LNG,13,17684
2023-12-05,LNG,14,18230
2023-12-05,LNG,15,18741
2023-12-05,LNG,16,20433
2023-12-05,LNG,17,21990
2023-12-05,LNG,18,22359
2023-12-05,LNG,19,21906
2023-12-05,LNG,20,20749
2023-12-05,LNG,21,18989
2023-12-05,LNG,22,17672
2023-12-05,LNG,23,17575
2023-12-05,LNG,24,16648
2023-12-05,연료전지,1,815
2023-12-05,연료전지,2,815
2023-12-05,연료전지,3,815
2023-12-05,연료전지,4,815
2023-12-05,연료전지,5,815
2023-12-05,연료전지,6,815
2023-12-05,연료전지,7,816
2023-12-05,연료전지,8,813
2023-12-05,연료전지,9,812
2023-12-05,연료전지,10,812
2023-12-05,연료전지,11,813
2023-12-05,연료전지,12,813
2023-12-05,연료전지,13,813
2023-12-05,연료전지,14,813
2023-12-05,연료전지,15,813
2023-12-05,연료전지,16,813
2023-12-05,연료전지,17,813
2023-12-05,연료전지,18,812
2023-12-05,연료전지,19,811
2023-12-05,연료전지,20,812
2023-12-05,연료전지,21,812
2023-12-05,연료전지,22,812
2023-12-05,연료전지,23,813
2023-12-05,연료전지,24,813
2023-12-05,경유,1,0
2023-12-05,경유,2,0
2023-12-05,경유,3,0
2023-12-05,경유,4,0
2023-12-05,경유,5,0
2023-12-05,경유,6,0
2023-12-05,경유,7,0
2023-12-05,경유,8,0
2023-12-05,경유,9,0
2023-12-05,경유,10,0
2023-12-05,경유,11,0
2023-12-05,경유,12,0
2023-12-05,경유,13,0
2023-12-05,경유,14,0
2023-12-05,경유,15,0
2023-12-05,경유,16,0
2023-12-05,경유,17,0
2023-12-05,경유,18,0
2023-12-05,경유,19,0
2023-12-05,경유,20,0
2023-12-05,경유,21,0
2023-12-05,경유,22,0
2023-12-05,경유,23,0
2023-12-05,경유,24,0
2023-12-05,해양에너지,1,0
2023-12-05,해양에너지,2,0
2023-12-05,해양에너지,3,0
2023-12-05,해양에너지,4,0
2023-12-05,해양에너지,5,0
2023-12-05,해양에너지,6,0
2023-12-05,해양에너지,7,0
2023-12-05,해양에너지,8,0
2023-12-05,해양에너지,9,29
2023-12-05,해양에너지,10,51
2023-12-05,해양에너지,11,11
2023-12-05,해양에너지,12,0
2023-12-05,해양에너지,13,0
2023-12-05,해양에너지,14,0
2023-12-05,해양에너지,15,0
2023-12-05,해양에너지,16,0
2023-12-05,해양에너지,17,0
2023-12-05,해양에너지,18,0
2023-12-05,해양에너지,19,0
2023-12-05,해양에너지,20,0
2023-12-05,해양에너지,21,33
2023-12-05,해양에너지,22,92
2023-12-05,해양에너지,23,82
2023-12-05,해양에너지,24,22
2023-12-05,바이오매스,1,910
2023-12-05,바이오매스,2,904
2023-12-05,바이오매스,3,905
2023-12-05,바이오매스,4,909
2023-12-05,바이오매스,5,910
2023-12-05,바이오매스,6,908
2023-12-05,바이오매스,7,910
2023-12-05,바이오매스,8,912
2023-12-05,바이오매스,9,915
2023-12-05,바이오매스,10,915
2023-12-05,바이오매스,11,915
2023-12-05,바이오매스,12,913
2023-12-05,바이오매스,13,915
2023-12-05,바이오매스,14,914
2023-12-05,바이오매스,15,917
2023-12-05,바이오매스,16,914
2023-12-05,바이오매스,17,914
2023-12-05,바이오매스,18,914
2023-12-05,바이오매스,19,915
2023-12-05,바이오매스,20,914
2023-12-05,바이오매스,21,911
2023-12-05,바이오매스,22,917
2023-12-05,바이오매스,23,916
2023-12-05,바이오매스,24,917
2023-12-05,IGCC,1,262
2023-12-05,IGCC,2,262
2023-12-05,IGCC,3,264
2023-12-05,IGCC,4,267
2023-12-05,IGCC,5,268
2023-12-05,IGCC,6,266
2023-12-05,IGCC,7,265
2023-12-05,IGCC,8,264
2023-12-05,IGCC,9,263
2023-12-05,IGCC,10,251
2023-12-05,IGCC,11,264
2023-12-05,IGCC,12,229
2023-12-05,IGCC,13,279
2023-12-05,IGCC,14,266
2023-12-05,IGCC,15,263
2023-12-05,IGCC,16,263
2023-12-05,IGCC,17,264
2023-12-05,IGCC,18,264
2023-12-05,IGCC,19,266
2023-12-05,IGCC,20,267
2023-12-05,IGCC,21,268
2023-12-05,IGCC,22,268
2023-12-05,IGCC,23,267
2023-12-05,IGCC,24,268
2023-12-05,바이오중유,1,161
2023-12-05,바이오중유,2,161
2023-12-05,바이오중유,3,161
2023-12-05,바이오중유,4,161
2023-12-05,바이오중유,5,161
2023-12-05,바이오중유,6,161
2023-12-05,바이오중유,7,161
2023-12-05,바이오중유,8,161
2023-12-05,바이오중유,9,161
2023-12-05,바이오중유,10,161
2023-12-05,바이오중유,11,152
2023-12-05,바이오중유,12,113
2023-12-05,바이오중유,13,116
2023-12-05,바이오중유,14,136
2023-12-05,바이오중유,15,187
2023-12-05,바이오중유,16,197
2023-12-05,바이오중유,17,205
2023-12-05,바이오중유,18,218
2023-12-05,바이오중유,19,190
2023-12-05,바이오중유,20,171
2023-12-05,바이오중유,21,163
2023-12-05,바이오중유,22,163
2023-12-05,바이오중유,23,163
2023-12-05,바이오중유,24,163
2023-12-05,바이오기타,1,2
2023-12-05,바이오기타,2,2
2023-12-05,바이오기타,3,3
2023-12-05,바이오기타,4,2
2023-12-05,바이오기타,5,2
2023-12-05,바이오기타,6,2
2023-12-05,바이오기타,7,2
2023-12-05,바이오기타,8,1
2023-12-05,바이오기타,9,0
2023-12-05,바이오기타,10,0
2023-12-05,바이오기타,11,0
2023-12-05,바이오기타,12,0
2023-12-05,바이오기타,13,0
2023-12-05,바이오기타,14,0
2023-12-05,바이오기타,15,0
2023-12-05,바이오기타,16,0
2023-12-05,바이오기타,17,0
2023-12-05,바이오기타,18,0
2023-12-05,바이오기타,19,0
2023-12-05,바이오기타,20,1
2023-12-05,바이오기타,21,1
2023-12-05,바이오기타,22,1
2023-12-05,바이오기타,23,1
2023-12-05,바이오기타,24,1
2023-12-05,기타,1,16
2023-12-05,기타,2,17
2023-12-05,기타,3,17
2023-12-05,기타,4,17
2023-12-05,기타,5,18
2023-12-05,기타,6,18
2023-12-05,기타,7,18
2023-12-05,기타,8,18
2023-12-05,기타,9,18
2023-12-05,기타,10,18
2023-12-05,기타,11,17
2023-12-05,기타,12,17
2023-12-05,기타,13,17
2023-12-05,기타,14,17
2023-12-05,기타,15,17
2023-12-05,기타,16,17
2023-12-05,기타,17,17
2023-12-05,기타,18,17
2023-12-05,기타,19,17
2023-12-05,기타,20,17
2023-12-05,기타,21,17
2023-12-05,기타,22,17
2023-12-05,기타,23,17
2023-12-05,기타,24,18
2023-12-06,원자력,1,20732
2023-12-06,원자력,2,20731
2023-12-06,원자력,3,20729
2023-12-06,원자력,4,20731
2023-12-06,원자력,5,20732
2023-12-06,원자력,6,20731
2023-12-06,원자력,7,20729
2023-12-06,원자력,8,20728
2023-12-06,원자력,9,20727
2023-12-06,원자력,10,20729
2023-12-06,원자력,11,20730
2023-12-06,원자력,12,20731
2023-12-06,원자력,13,20730
2023-12-06,원자력,14,20726
2023-12-06,원자력,15,20726
2023-12-06,원자력,16,20729
2023-12-06,원자력,17,20728
2023-12-06,원자력,18,20730
2023-12-06,원자력,19,20730
2023-12-06,원자력,20,20732
2023-12-06,원자력,21,20733
2023-12-06,원자력,22,20734
2023-12-06,원자력,23,20734
2023-12-06,원자력,24,20735
2023-12-06,유연탄,1,24706
2023-12-06,유연탄,2,24610
2023-12-06,유연탄,3,24651
2023-12-06,유연탄,4,24567
2023-12-06,유연탄,5,24590
2023-12-06,유연탄,6,24674
2023-12-06,유연탄,7,24801
2023-12-06,유연탄,8,24869
2023-12-06,유연탄,9,25163
2023-12-06,유연탄,10,25276
2023-12-06,유연탄,11,25248
2023-12-06,유연탄,12,25089
2023-12-06,유연탄,13,24324
2023-12-06,유연탄,14,25181
2023-12-06,유연탄,15,25445
2023-12-06,유연탄,16,25489
2023-12-06,유연탄,17,25573
2023-12-06,유연탄,18,25261
2023-12-06,유연탄,19,25005
2023-12-06,유연탄,20,25079
2023-12-06,유연탄,21,24888
2023-12-06,유연탄,22,24354
2023-12-06,유연탄,23,24564
2023-12-06,유연탄,24,25339
2023-12-06,무연탄,1,168
2023-12-06,무연탄,2,168
2023-12-06,무연탄,3,168
2023-12-06,무연탄,4,167
2023-12-06,무연탄,5,168
2023-12-06,무연탄,6,167
2023-12-06,무연탄,7,167
2023-12-06,무연탄,8,167
2023-12-06,무연탄,9,166
2023-12-06,무연탄,10,167
2023-12-06,무연탄,11,168
2023-12-06,무연탄,12,166
2023-12-06,무연탄,13,167
2023-12-06,무연탄,14,166
2023-12-06,무연탄,15,167
2023-12-06,무연탄,16,167
2023-12-06,무연탄,17,166
2023-12-06,무연탄,18,167
2023-12-06,무연탄,19,166
2023-12-06,무연탄,20,167
2023-12-06,무연탄,21,167
2023-12-06,무연탄,22,168
2023-12-06,무연탄,23,167
2023-12-06,무연탄,24,167
2023-12-06,바이오가스,1,35
2023-12-06,바이오가스,2,36
2023-12-06,바이오가스,3,36
2023-12-06,바이오가스,4,36
2023-12-06,바이오가스,5,35
2023-12-06,바이오가스,6,35
2023-12-06,바이오가스,7,36
2023-12-06,바이오가스,8,36
2023-12-06,바이오가스,9,37
2023-12-06,바이오가스,10,37
2023-12-06,바이오가스,11,37
2023-12-06,바이오가스,12,38
2023-12-06,바이오가스,13,38
2023-12-06,바이오가스,14,36
2023-12-06,바이오가스,15,35
2023-12-06,바이오가스,16,36
2023-12-06,바이오가스,17,35
2023-12-06,바이오가스,18,35
2023-12-06,바이오가스,19,34
2023-12-06,바이오가스,20,34
2023-12-06,바이오가스,21,36
2023-12-06,바이오가스,22,36
2023-12-06,바이오가스,23,35
2023-12-06,바이오가스,24,34
2023-12-06,부생가스,1,53
2023-12-06,부생가스,2,52
2023-12-06,부생가스,3,53
2023-12-06,부생가스,4,53
2023-12-06,부생가스,5,54
2023-12-06,부생가스,6,54
2023-12-06,부생가스,7,54
2023-12-06,부생가스,8,54
2023-12-06,부생가스,9,54
2023-12-06,부생가스,10,54
2023-12-06,부생가스,11,98
2023-12-06,부생가스,12,109
2023-12-06,부생가스,13,110
2023-12-06,부생가스,14,85
2023-12-06,부생가스,15,71
2023-12-06,부생가스,16,72
2023-12-06,부생가스,17,57
2023-12-06,부생가스,18,54
2023-12-06,부생가스,19,47
2023-12-06,부생가스,20,47
2023-12-06,부생가스,21,47
2023-12-06,부생가스,22,52
2023-12-06,부생가스,23,49
2023-12-06,부생가스,24,50
2023-12-06,수력,1,198
2023-12-06,수력,2,203
2023-12-06,수력,3,126
2023-12-06,수력,4,117
2023-12-06,수력,5,117
2023-12-06,수력,6,117
2023-12-06,수력,7,113
2023-12-06,수력,8,244
2023-12-06,수력,9,486
2023-12-06,수력,10,495
2023-12-06,수력,11,495
2023-12-06,수력,12,434
2023-12-06,수력,13,317
2023-12-06,수력,14,341
2023-12-06,수력,15,350
2023-12-06,수력,16,459
2023-12-06,수력,17,417
2023-12-06,수력,18,397
2023-12-06,수력,19,440
2023-12-06,수력,20,436
2023-12-06,수력,21,306
2023-12-06,수력,22,215
2023-12-06,수력,23,205
2023-12-06,수력,24,199
2023-12-06,양수,1,303
2023-12-06,양수,2,0
2023-12-06,양수,3,0
2023-12-06,양수,4,0
2023-12-06,양수,5,0
2023-12-06,양수,6,0
2023-12-06,양수,7,0
2023-12-06,양수,8,0
2023-12-06,양수,9,144
2023-12-06,양수,10,0
2023-12-06,양수,11,0
2023-12-06,양수,12,0
2023-12-06,양수,13,0
2023-12-06,양수,14,0
2023-12-06,양수,15,0
2023-12-06,양수,16,0
2023-12-06,양수,17,88
2023-12-06,양수,18,394
2023-12-06,양수,19,827
2023-12-06,양수,20,1562
2023-12-06,양수,21,1765
2023-12-06,양수,22,1594
2023-12-06,양수,23,1302
2023-12-06,양수,24,630
2023-12-06,매립가스,1,13
2023-12-06,매립가스,2,13
2023-12-06,매립가스,3,13
2023-12-06,매립가스,4,12
2023-12-06,매립가스,5,13
2023-12-06,매립가스,6,13
2023-12-06,매립가스,7,13
2023-12-06,매립가스,8,13
2023-12-06,매립가스,9,13
2023-12-06,매립가스,10,13
2023-12-06,매립가스,11,13
2023-12-06,매립가스,12,13
2023-12-06,매립가스,13,13
2023-12-06,매립가스,14,13
2023-12-06,매립가스,15,13
2023-12-06,매립가스,16,13
2023-12-06,매립가스,17,13
2023-12-06,매립가스,18,13
2023-12-06,매립가스,19,13
2023-12-06,매립가스,20,13
2023-12-06,매립가스,21,13
2023-12-06,매립가스,22,13
2023-12-06,매립가스,23,13
2023-12-06,매립가스,24,13
2023-12-06,중유,1,33
2023-12-06,중유,2,33
2023-12-06,중유,3,33
2023-12-06,중유,4,33
2023-12-06,중유,5,33
2023-12-06,중유,6,33
2023-12-06,중유,7,33
2023-12-06,중유,8,34
2023-12-06,중유,9,34
2023-12-06,중유,10,34
2023-12-06,중유,11,34
2023-12-06,중유,12,34
2023-12-06,중유,13,33
2023-12-06,중유,14,34
2023-12-06,중유,15,34
2023-12-06,중유,16,33
2023-12-06,중유,17,31
2023-12-06,중유,18,28
2023-12-06,중유,19,30
2023-12-06,중유,20,32
2023-12-06,중유,21,32
2023-12-06,중유,22,32
2023-12-06,중유,23,32
2023-12-06,중유,24,31
2023-12-06,태양광,1,2
2023-12-06,태양광,2,1
2023-12-06,태양광,3,0
2023-12-06,태양광,4,0
2023-12-06,태양광,5,0
2023-12-06,태양광,6,0
2023-12-06,태양광,7,0
2023-12-06,태양광,8,27
2023-12-06,태양광,9,507
2023-12-06,태양광,10,1226
2023-12-06,태양광,11,1707
2023-12-06,태양광,12,1696
2023-12-06,태양광,13,1559
2023-12-06,태양광,14,1200
2023-12-06,태양광,15,842
2023-12-06,태양광,16,617
2023-12-06,태양광,17,837
2023-12-06,태양광,18,493
2023-12-06,태양광,19,249
2023-12-06,태양광,20,114
2023-12-06,태양광,21,49
2023-12-06,태양광,22,10
2023-12-06,태양광,23,2
2023-12-06,태양광,24,0
2023-12-06,폐기물,1,129
2023-12-06,폐기물,2,129
2023-12-06,폐기물,3,127
2023-12-06,폐기물,4,131
2023-12-06,폐기물,5,129
2023-12-06,폐기물,6,129
2023-12-06,폐기물,7,129
2023-12-06,폐기물,8,129
2023-12-06,폐기물,9,126
2023-12-06,폐기물,10,124
2023-12-06,폐기물,11,124
2023-12-06,폐기물,12,127
2023-12-06,폐기물,13,127
2023-12-06,폐기물,14,127
2023-12-06,폐기물,15,126
2023-12-06,폐기물,16,126
2023-12-06,폐기물,17,129
2023-12-06,폐기물,18,129
2023-12-06,폐기물,19,128
2023-12-06,폐기물,20,125
2023-12-06,폐기물,21,126
2023-12-06,폐기물,22,128
2023-12-06,폐기물,23,126
2023-12-06,폐기물,24,127
2023-12-06,풍력,1,296
2023-12-06,풍력,2,322
2023-12-06,풍력,3,308
2023-12-06,풍력,4,391
2023-12-06,풍력,5,493
2023-12-06,풍력,6,523
2023-12-06,풍력,7,575
2023-12-06,풍력,8,579
2023-12-06,풍력,9,652
2023-12-06,풍력,10,703
2023-12-06,풍력,11,704
2023-12-06,풍력,12,659
2023-12-06,풍력,13,647
2023-12-06,풍력,14,746
2023-12-06,풍력,15,774
2023-12-06,풍력,16,816
2023-12-06,풍력,17,845
2023-12-06,풍력,18,945
2023-12-06,풍력,19,1019
2023-12-06,풍력,20,1179
2023-12-06,풍력,21,1263
2023-12-06,풍력,22,1239
2023-12-06,풍력,23,1319
2023-12-06,풍력,24,1299
2023-12-06,LNG,1,13537
2023-12-06,LNG,2,11707
2023-12-06,LNG,3,11434
2023-12-06,LNG,4,11326
2023-12-06,LNG,5,11695
2023-12-06,LNG,6,13205
2023-12-06,LNG,7,15676
2023-12-06,LNG,8,19922
2023-12-06,LNG,9,24637
2023-12-06,LNG,10,25059
2023-12-06,LNG,11,23655
2023-12-06,LNG,12,23047
2023-12-06,LNG,13,21518
2023-12-06,LNG,14,24014
2023-12-06,LNG,15,25120
2023-12-06,LNG,16,24937
2023-12-06,LNG,17,23228
2023-12-06,LNG,18,22196
2023-12-06,LNG,19,20782
2023-12-06,LNG,20,18631
2023-12-06,LNG,21,16653
2023-12-06,LNG,22,15685
2023-12-06,LNG,23,15423
2023-12-06,LNG,24,14551
2023-12-06,연료전지,1,813
2023-12-06,연료전지,2,813
2023-12-06,연료전지,3,813
2023-12-06,연료전지,4,813
2023-12-06,연료전지,5,813
2023-12-06,연료전지,6,813
2023-12-06,연료전지,7,814
2023-12-06,연료전지,8,814
2023-12-06,연료전지,9,814
2023-12-06,연료전지,10,815
2023-12-06,연료전지,11,814
2023-12-06,연료전지,12,813
2023-12-06,연료전지,13,812
2023-12-06,연료전지,14,811
2023-12-06,연료전지,15,811
2023-12-06,연료전지,16,812
2023-12-06,연료전지,17,813
2023-12-06,연료전지,18,815
2023-12-06,연료전지,19,816
2023-12-06,연료전지,20,817
2023-12-06,연료전지,21,817
2023-12-06,연료전지,22,817
2023-12-06,연료전지,23,817
2023-12-06,연료전지,24,817
2023-12-06,경유,1,0
2023-12-06,경유,2,0
2023-12-06,경유,3,0
2023-12-06,경유,4,0
2023-12-06,경유,5,0
2023-12-06,경유,6,0
2023-12-06,경유,7,0
2023-12-06,경유,8,0
2023-12-06,경유,9,0
2023-12-06,경유,10,0
2023-12-06,경유,11,0
2023-12-06,경유,12,0
2023-12-06,경유,13,0
2023-12-06,경유,14,0
2023-12-06,경유,15,0
2023-12-06,경유,16,0
2023-12-06,경유,17,0
2023-12-06,경유,18,0
2023-12-06,경유,19,0
2023-12-06,경유,20,0
2023-12-06,경유,21,0
2023-12-06,경유,22,0
2023-12-06,경유,23,0
2023-12-06,경유,24,0
2023-12-06,해양에너지,1,0
2023-12-06,해양에너지,2,0
2023-12-06,해양에너지,3,0
2023-12-06,해양에너지,4,0
2023-12-06,해양에너지,5,0
2023-12-06,해양에너지,6,0
2023-12-06,해양에너지,7,0
2023-12-06,해양에너지,8,0
2023-12-06,해양에너지,9,0
2023-12-06,해양에너지,10,6
2023-12-06,해양에너지,11,28
2023-12-06,해양에너지,12,0
2023-12-06,해양에너지,13,0
2023-12-06,해양에너지,14,0
2023-12-06,해양에너지,15,0
2023-12-06,해양에너지,16,0
2023-12-06,해양에너지,17,0
2023-12-06,해양에너지,18,0
2023-12-06,해양에너지,19,0
2023-12-06,해양에너지,20,0
2023-12-06,해양에너지,21,0
2023-12-06,해양에너지,22,0
2023-12-06,해양에너지,23,7
2023-12-06,해양에너지,24,26
2023-12-06,바이오매스,1,920
2023-12-06,바이오매스,2,919
2023-12-06,바이오매스,3,918
2023-12-06,바이오매스,4,918
2023-12-06,바이오매스,5,916
2023-12-06,바이오매스,6,917
2023-12-06,바이오매스,7,916
2023-12-06,바이오매스,8,915
2023-12-06,바이오매스,9,916
2023-12-06,바이오매스,10,915
2023-12-06,바이오매스,11,915
2023-12-06,바이오매스,12,914
2023-12-06,바이오매스,13,914
2023-12-06,바이오매스,14,912
2023-12-06,바이오매스,15,914
2023-12-06,바이오매스,16,914
2023-12-06,바이오매스,17,914
2023-12-06,바이오매스,18,913
2023-12-06,바이오매스,19,914
2023-12-06,바이오매스,20,912
2023-12-06,바이오매스,21,916
2023-12-06,바이오매스,22,919
2023-12-06,바이오매스,23,918
2023-12-06,바이오매스,24,920
2023-12-06,IGCC,1,267
2023-12-06,IGCC,2,264
2023-12-06,IGCC,3,261
2023-12-06,IGCC,4,263
2023-12-06,IGCC,5,263
2023-12-06,IGCC,6,265
2023-12-06,IGCC,7,263
2023-12-06,IGCC,8,261
2023-12-06,IGCC,9,261
2023-12-06,IGCC,10,262
2023-12-06,IGCC,11,262
2023-12-06,IGCC,12,264
2023-12-06,IGCC,13,265
2023-12-06,IGCC,14,266
2023-12-06,IGCC,15,266
2023-12-06,IGCC,16,268
2023-12-06,IGCC,17,269
2023-12-06,IGCC,18,268
2023-12-06,IGCC,19,267
2023-12-06,IGCC,20,266
2023-12-06,IGCC,21,264
2023-12-06,IGCC,22,263
2023-12-06,IGCC,23,261
2023-12-06,IGCC,24,262
2023-12-06,바이오중유,1,163
2023-12-06,바이오중유,2,163
2023-12-06,바이오중유,3,163
2023-12-06,바이오중유,4,163
2023-12-06,바이오중유,5,163
2023-12-06,바이오중유,6,163
2023-12-06,바이오중유,7,163
2023-12-06,바이오중유,8,163
2023-12-06,바이오중유,9,163
2023-12-06,바이오중유,10,163
2023-12-06,바이오중유,11,160
2023-12-06,바이오중유,12,155
2023-12-06,바이오중유,13,118
2023-12-06,바이오중유,14,133
2023-12-06,바이오중유,15,163
2023-12-06,바이오중유,16,163
2023-12-06,바이오중유,17,172
2023-12-06,바이오중유,18,187
2023-12-06,바이오중유,19,195
2023-12-06,바이오중유,20,201
2023-12-06,바이오중유,21,172
2023-12-06,바이오중유,22,163
2023-12-06,바이오중유,23,163
2023-12-06,바이오중유,24,163
2023-12-06,바이오기타,1,1
2023-12-06,바이오기타,2,1
2023-12-06,바이오기타,3,1
2023-12-06,바이오기타,4,1
2023-12-06,바이오기타,5,1
2023-12-06,바이오기타,6,1
2023-12-06,바이오기타,7,2
2023-12-06,바이오기타,8,1
2023-12-06,바이오기타,9,0
2023-12-06,바이오기타,10,0
2023-12-06,바이오기타,11,0
2023-12-06,바이오기타,12,0
2023-12-06,바이오기타,13,0
2023-12-06,바이오기타,14,0
2023-12-06,바이오기타,15,0
2023-12-06,바이오기타,16,0
2023-12-06,바이오기타,17,0
2023-12-06,바이오기타,18,0
2023-12-06,바이오기타,19,1
2023-12-06,바이오기타,20,0
2023-12-06,바이오기타,21,0
2023-12-06,바이오기타,22,0
2023-12-06,바이오기타,23,1
2023-12-06,바이오기타,24,2
2023-12-06,기타,1,17
2023-12-06,기타,2,17
2023-12-06,기타,3,17
2023-12-06,기타,4,17
2023-12-06,기타,5,17
2023-12-06,기타,6,17
2023-12-06,기타,7,17
2023-12-06,기타,8,18
2023-12-06,기타,9,17
2023-12-06,기타,10,16
2023-12-06,기타,11,16
2023-12-06,기타,12,16
2023-12-06,기타,13,16
2023-12-06,기타,14,16
2023-12-06,기타,15,16
2023-12-06,기타,16,16
2023-12-06,기타,17,16
2023-12-06,기타,18,16
2023-12-06,기타,19,16
2023-12-06,기타,20,17
2023-12-06,기타,21,17
2023-12-06,기타,22,16
2023-12-06,기타,23,16
2023-12-06,기타,24,16
2023-12-07,원자력,1,20735
2023-12-07,원자력,2,20732
2023-12-07,원자력,3,20732
2023-12-07,원자력,4,20731
2023-12-07,원자력,5,20730
2023-12-07,원자력,6,20729
2023-12-07,원자력,7,20728
2023-12-07,원자력,8,20727
2023-12-07,원자력,9,20727
2023-12-07,원자력,10,20728
2023-12-07,원자력,11,20735
2023-12-07,원자력,12,20726
2023-12-07,원자력,13,20696
2023-12-07,원자력,14,20681
2023-12-07,원자력,15,20706
2023-12-07,원자력,16,20722
2023-12-07,원자력,17,20725
2023-12-07,원자력,18,20725
2023-12-07,원자력,19,20728
2023-12-07,원자력,20,20728
2023-12-07,원자력,21,20727
2023-12-07,원자력,22,20726
2023-12-07,원자력,23,20726
2023-12-07,원자력,24,20726
2023-12-07,유연탄,1,24228
2023-12-07,유연탄,2,23785
2023-12-07,유연탄,3,23747
2023-12-07,유연탄,4,23935
2023-12-07,유연탄,5,24083
2023-12-07,유연탄,6,24656
2023-12-07,유연탄,7,24656
2023-12-07,유연탄,8,24807
2023-12-07,유연탄,9,24759
2023-12-07,유연탄,10,24393
2023-12-07,유연탄,11,23085
2023-12-07,유연탄,12,21679
2023-12-07,유연탄,13,19633
2023-12-07,유연탄,14,21546
2023-12-07,유연탄,15,23172
2023-12-07,유연탄,16,23785
2023-12-07,유연탄,17,24093
2023-12-07,유연탄,18,24728
2023-12-07,유연탄,19,24230
2023-12-07,유연탄,20,24135
2023-12-07,유연탄,21,24028
2023-12-07,유연탄,22,23990
2023-12-07,유연탄,23,24200
2023-12-07,유연탄,24,24273
2023-12-07,무연탄,1,166
2023-12-07,무연탄,2,158
2023-12-07,무연탄,3,157
2023-12-07,무연탄,4,156
2023-12-07,무연탄,5,157
2023-12-07,무연탄,6,162
2023-12-07,무연탄,7,167
2023-12-07,무연탄,8,166
2023-12-07,무연탄,9,166
2023-12-07,무연탄,10,166
2023-12-07,무연탄,11,168
2023-12-07,무연탄,12,167
2023-12-07,무연탄,13,166
2023-12-07,무연탄,14,167
2023-12-07,무연탄,15,169
2023-12-07,무연탄,16,164
2023-12-07,무연탄,17,169
2023-12-07,무연탄,18,165
2023-12-07,무연탄,19,167
2023-12-07,무연탄,20,168
2023-12-07,무연탄,21,168
2023-12-07,무연탄,22,167
2023-12-07,무연탄,23,167
2023-12-07,무연탄,24,168
2023-12-07,바이오가스,1,34
2023-12-07,바이오가스,2,36
2023-12-07,바이오가스,3,36
2023-12-07,바이오가스,4,36
2023-12-07,바이오가스,5,36
2023-12-07,바이오가스,6,35
2023-12-07,바이오가스,7,36
2023-12-07,바이오가스,8,37
2023-12-07,바이오가스,9,37
2023-12-07,바이오가스,10,36
2023-12-07,바이오가스,11,36
2023-12-07,바이오가스,12,35
2023-12-07,바이오가스,13,36
2023-12-07,바이오가스,14,38
2023-12-07,바이오가스,15,37
2023-12-07,바이오가스,16,36
2023-12-07,바이오가스,17,36
2023-12-07,바이오가스,18,36
2023-12-07,바이오가스,19,36
2023-12-07,바이오가스,20,37
2023-12-07,바이오가스,21,37
2023-12-07,바이오가스,22,37
2023-12-07,바이오가스,23,35
2023-12-07,바이오가스,24,35
2023-12-07,부생가스,1,51
2023-12-07,부생가스,2,51
2023-12-07,부생가스,3,51
2023-12-07,부생가스,4,51
2023-12-07,부생가스,5,52
2023-12-07,부생가스,6,52
2023-12-07,부생가스,7,52
2023-12-07,부생가스,8,90
2023-12-07,부생가스,9,144
2023-12-07,부생가스,10,138
2023-12-07,부생가스,11,198
2023-12-07,부생가스,12,161
2023-12-07,부생가스,13,118
2023-12-07,부생가스,14,176
2023-12-07,부생가스,15,177
2023-12-07,부생가스,16,165
2023-12-07,부생가스,17,109
2023-12-07,부생가스,18,82
2023-12-07,부생가스,19,89
2023-12-07,부생가스,20,97
2023-12-07,부생가스,21,71
2023-12-07,부생가스,22,69
2023-12-07,부생가스,23,55
2023-12-07,부생가스,24,54
2023-12-07,수력,1,201
2023-12-07,수력,2,201
2023-12-07,수력,3,116
2023-12-07,수력,4,112
2023-12-07,수력,5,133
2023-12-07,수력,6,118
2023-12-07,수력,7,119
2023-12-07,수력,8,120
2023-12-07,수력,9,440
2023-12-07,수력,10,463
2023-12-07,수력,11,509
2023-12-07,수력,12,487
2023-12-07,수력,13,310
2023-12-07,수력,14,357
2023-12-07,수력,15,353
2023-12-07,수력,16,511
2023-12-07,수력,17,451
2023-12-07,수력,18,480
2023-12-07,수력,19,465
2023-12-07,수력,20,429
2023-12-07,수력,21,330
2023-12-07,수력,22,277
2023-12-07,수력,23,268
2023-12-07,수력,24,123
2023-12-07,양수,1,178
2023-12-07,양수,2,0
2023-12-07,양수,3,0
2023-12-07,양수,4,0
2023-12-07,양수,5,0
2023-12-07,양수,6,0
2023-12-07,양수,7,0
2023-12-07,양수,8,0
2023-12-07,양수,9,0
2023-12-07,양수,10,0
2023-12-07,양수,11,0
2023-12-07,양수,12,0
2023-12-07,양수,13,0
2023-12-07,양수,14,0
2023-12-07,양수,15,0
2023-12-07,양수,16,0
2023-12-07,양수,17,389
2023-12-07,양수,18,849
2023-12-07,양수,19,1543
2023-12-07,양수,20,1873
2023-12-07,양수,21,1708
2023-12-07,양수,22,1050
2023-12-07,양수,23,1093
2023-12-07,양수,24,906
2023-12-07,매립가스,1,13
2023-12-07,매립가스,2,13
2023-12-07,매립가스,3,13
2023-12-07,매립가스,4,13
2023-12-07,매립가스,5,13
2023-12-07,매립가스,6,13
2023-12-07,매립가스,7,13
2023-12-07,매립가스,8,13
2023-12-07,매립가스,9,13
2023-12-07,매립가스,10,13
2023-12-07,매립가스,11,13
2023-12-07,매립가스,12,13
2023-12-07,매립가스,13,13
2023-12-07,매립가스,14,13
2023-12-07,매립가스,15,13
2023-12-07,매립가스,16,13
2023-12-07,매립가스,17,13
2023-12-07,매립가스,18,13
2023-12-07,매립가스,19,13
2023-12-07,매립가스,20,13
2023-12-07,매립가스,21,13
2023-12-07,매립가스,22,13
2023-12-07,매립가스,23,13
2023-12-07,매립가스,24,13
2023-12-07,중유,1,30
2023-12-07,중유,2,30
2023-12-07,중유,3,31
2023-12-07,중유,4,30
2023-12-07,중유,5,31
2023-12-07,중유,6,30
2023-12-07,중유,7,28
2023-12-07,중유,8,29
2023-12-07,중유,9,30
2023-12-07,중유,10,29
2023-12-07,중유,11,30
2023-12-07,중유,12,28
2023-12-07,중유,13,28
2023-12-07,중유,14,29
2023-12-07,중유,15,29
2023-12-07,중유,16,29
2023-12-07,중유,17,29
2023-12-07,중유,18,31
2023-12-07,중유,19,31
2023-12-07,중유,20,33
2023-12-07,중유,21,32
2023-12-07,중유,22,32
2023-12-07,중유,23,32
2023-12-07,중유,24,32
2023-12-07,태양광,1,0
2023-12-07,태양광,2,0
2023-12-07,태양광,3,0
2023-12-07,태양광,4,0
2023-12-07,태양광,5,0
2023-12-07,태양광,6,0
2023-12-07,태양광,7,0
2023-12-07,태양광,8,40
2023-12-07,태양광,9,707
2023-12-07,태양광,10,2035
2023-12-07,태양광,11,3122
2023-12-07,태양광,12,3773
2023-12-07,태양광,13,4006
2023-12-07,태양광,14,3915
2023-12-07,태양광,15,3320
2023-12-07,태양광,16,2054
2023-12-07,태양광,17,1228
2023-12-07,태양광,18,857
2023-12-07,태양광,19,935
2023-12-07,태양광,20,789
2023-12-07,태양광,21,419
2023-12-07,태양광,22,159
2023-12-07,태양광,23,60
2023-12-07,태양광,24,14
2023-12-07,폐기물,1,127
2023-12-07,폐기물,2,127
2023-12-07,폐기물,3,127
2023-12-07,폐기물,4,123
2023-12-07,폐기물,5,122
2023-12-07,폐기물,6,121
2023-12-07,폐기물,7,122
2023-12-07,폐기물,8,121
2023-12-07,폐기물,9,121
2023-12-07,폐기물,10,120
2023-12-07,폐기물,11,120
2023-12-07,폐기물,12,126
2023-12-07,폐기물,13,123
2023-12-07,폐기물,14,123
2023-12-07,폐기물,15,124
2023-12-07,폐기물,16,126
2023-12-07,폐기물,17,129
2023-12-07,폐기물,18,130
2023-12-07,폐기물,19,129
2023-12-07,폐기물,20,127
2023-12-07,폐기물,21,128
2023-12-07,폐기물,22,130
2023-12-07,폐기물,23,127
2023-12-07,폐기물,24,126
2023-12-07,풍력,1,1321
2023-12-07,풍력,2,1307
2023-12-07,풍력,3,1331
2023-12-07,풍력,4,1291
2023-12-07,풍력,5,1274
2023-12-07,풍력,6,1167
2023-12-07,풍력,7,994
2023-12-07,풍력,8,860
2023-12-07,풍력,9,710
2023-12-07,풍력,10,710
2023-12-07,풍력,11,635
2023-12-07,풍력,12,610
2023-12-07,풍력,13,592
2023-12-07,풍력,14,574
2023-12-07,풍력,15,548
2023-12-07,풍력,16,520
2023-12-07,풍력,17,551
2023-12-07,풍력,18,552
2023-12-07,풍력,19,544
2023-12-07,풍력,20,563
2023-12-07,풍력,21,624
2023-12-07,풍력,22,642
2023-12-07,풍력,23,660
2023-12-07,풍력,24,726
2023-12-07,LNG,1,12585
2023-12-07,LNG,2,11020
2023-12-07,LNG,3,10810
2023-12-07,LNG,4,10696
2023-12-07,LNG,5,11112
2023-12-07,LNG,6,12251
2023-12-07,LNG,7,15073
2023-12-07,LNG,8,19789
2023-12-07,LNG,9,23926
2023-12-07,LNG,10,22217
2023-12-07,LNG,11,19634
2023-12-07,LNG,12,17888
2023-12-07,LNG,13,16629
2023-12-07,LNG,14,16950
2023-12-07,LNG,15,17599
2023-12-07,LNG,16,19938
2023-12-07,LNG,17,22319
2023-12-07,LNG,18,22458
2023-12-07,LNG,19,21500
2023-12-07,LNG,20,20031
2023-12-07,LNG,21,18226
2023-12-07,LNG,22,17098
2023-12-07,LNG,23,17103
2023-12-07,LNG,24,16649
2023-12-07,연료전지,1,817
2023-12-07,연료전지,2,817
2023-12-07,연료전지,3,817
2023-12-07,연료전지,4,817
2023-12-07,연료전지,5,816
2023-12-07,연료전지,6,816
2023-12-07,연료전지,7,817
2023-12-07,연료전지,8,814
2023-12-07,연료전지,9,814
2023-12-07,연료전지,10,813
2023-12-07,연료전지,11,811
2023-12-07,연료전지,12,811
2023-12-07,연료전지,13,814
2023-12-07,연료전지,14,813
2023-12-07,연료전지,15,814
2023-12-07,연료전지,16,817
2023-12-07,연료전지,17,819
2023-12-07,연료전지,18,820
2023-12-07,연료전지,19,821
2023-12-07,연료전지,20,822
2023-12-07,연료전지,21,823
2023-12-07,연료전지,22,823
2023-12-07,연료전지,23,823
2023-12-07,연료전지,24,824
2023-12-07,경유,1,0
2023-12-07,경유,2,0
2023-12-07,경유,3,0
2023-12-07,경유,4,0
2023-12-07,경유,5,0
2023-12-07,경유,6,0
2023-12-07,경유,7,0
2023-12-07,경유,8,0
2023-12-07,경유,9,0
2023-12-07,경유,10,0
2023-12-07,경유,11,0
2023-12-07,경유,12,0
2023-12-07,경유,13,0
2023-12-07,경유,14,0
2023-12-07,경유,15,0
2023-12-07,경유,16,0
2023-12-07,경유,17,0
2023-12-07,경유,18,0
2023-12-07,경유,19,0
2023-12-07,경유,20,0
2023-12-07,경유,21,0
2023-12-07,경유,22,0
2023-12-07,경유,23,0
2023-12-07,경유,24,0
2023-12-07,해양에너지,1,6
2023-12-07,해양에너지,2,0
2023-12-07,해양에너지,3,0
2023-12-07,해양에너지,4,0
2023-12-07,해양에너지,5,0
2023-12-07,해양에너지,6,0
2023-12-07,해양에너지,7,0
2023-12-07,해양에너지,8,0
2023-12-07,해양에너지,9,0
2023-12-07,해양에너지,10,0
2023-12-07,해양에너지,11,17
2023-12-07,해양에너지,12,71
2023-12-07,해양에너지,13,69
2023-12-07,해양에너지,14,51
2023-12-07,해양에너지,15,1
2023-12-07,해양에너지,16,0
2023-12-07,해양에너지,17,0
2023-12-07,해양에너지,18,0
2023-12-07,해양에너지,19,0
2023-12-07,해양에너지,20,0
2023-12-07,해양에너지,21,0
2023-12-07,해양에너지,22,0
2023-12-07,해양에너지,23,0
2023-12-07,해양에너지,24,41
2023-12-07,바이오매스,1,922
2023-12-07,바이오매스,2,920
2023-12-07,바이오매스,3,923
2023-12-07,바이오매스,4,920
2023-12-07,바이오매스,5,919
2023-12-07,바이오매스,6,919
2023-12-07,바이오매스,7,916
2023-12-07,바이오매스,8,922
2023-12-07,바이오매스,9,921
2023-12-07,바이오매스,10,921
2023-12-07,바이오매스,11,919
2023-12-07,바이오매스,12,918
2023-12-07,바이오매스,13,918
2023-12-07,바이오매스,14,917
2023-12-07,바이오매스,15,914
2023-12-07,바이오매스,16,914
2023-12-07,바이오매스,17,919
2023-12-07,바이오매스,18,918
2023-12-07,바이오매스,19,916
2023-12-07,바이오매스,20,917
2023-12-07,바이오매스,21,918
2023-12-07,바이오매스,22,919
2023-12-07,바이오매스,23,919
2023-12-07,바이오매스,24,919
2023-12-07,IGCC,1,261
2023-12-07,IGCC,2,261
2023-12-07,IGCC,3,260
2023-12-07,IGCC,4,263
2023-12-07,IGCC,5,264
2023-12-07,IGCC,6,265
2023-12-07,IGCC,7,263
2023-12-07,IGCC,8,264
2023-12-07,IGCC,9,263
2023-12-07,IGCC,10,264
2023-12-07,IGCC,11,264
2023-12-07,IGCC,12,266
2023-12-07,IGCC,13,268
2023-12-07,IGCC,14,268
2023-12-07,IGCC,15,267
2023-12-07,IGCC,16,267
2023-12-07,IGCC,17,267
2023-12-07,IGCC,18,263
2023-12-07,IGCC,19,261
2023-12-07,IGCC,20,260
2023-12-07,IGCC,21,262
2023-12-07,IGCC,22,262
2023-12-07,IGCC,23,261
2023-12-07,IGCC,24,261
2023-12-07,바이오중유,1,163
2023-12-07,바이오중유,2,163
2023-12-07,바이오중유,3,163
2023-12-07,바이오중유,4,163
2023-12-07,바이오중유,5,163
2023-12-07,바이오중유,6,163
2023-12-07,바이오중유,7,163
2023-12-07,바이오중유,8,179
2023-12-07,바이오중유,9,184
2023-12-07,바이오중유,10,163
2023-12-07,바이오중유,11,151
2023-12-07,바이오중유,12,118
2023-12-07,바이오중유,13,105
2023-12-07,바이오중유,14,115
2023-12-07,바이오중유,15,150
2023-12-07,바이오중유,16,181
2023-12-07,바이오중유,17,189
2023-12-07,바이오중유,18,199
2023-12-07,바이오중유,19,185
2023-12-07,바이오중유,20,186
2023-12-07,바이오중유,21,163
2023-12-07,바이오중유,22,163
2023-12-07,바이오중유,23,163
2023-12-07,바이오중유,24,163
2023-12-07,바이오기타,1,2
2023-12-07,바이오기타,2,2
2023-12-07,바이오기타,3,2
2023-12-07,바이오기타,4,2
2023-12-07,바이오기타,5,2
2023-12-07,바이오기타,6,2
2023-12-07,바이오기타,7,3
2023-12-07,바이오기타,8,3
2023-12-07,바이오기타,9,2
2023-12-07,바이오기타,10,1
2023-12-07,바이오기타,11,1
2023-12-07,바이오기타,12,1
2023-12-07,바이오기타,13,1
2023-12-07,바이오기타,14,0
2023-12-07,바이오기타,15,0
2023-12-07,바이오기타,16,0
2023-12-07,바이오기타,17,0
2023-12-07,바이오기타,18,2
2023-12-07,바이오기타,19,2
2023-12-07,바이오기타,20,3
2023-12-07,바이오기타,21,3
2023-12-07,바이오기타,22,2
2023-12-07,바이오기타,23,2
2023-12-07,바이오기타,24,2
2023-12-07,기타,1,16
2023-12-07,기타,2,16
2023-12-07,기타,3,16
2023-12-07,기타,4,16
2023-12-07,기타,5,16
2023-12-07,기타,6,16
2023-12-07,기타,7,17
2023-12-07,기타,8,17
2023-12-07,기타,9,16
2023-12-07,기타,10,16
2023-12-07,기타,11,16
2023-12-07,기타,12,17
2023-12-07,기타,13,16
2023-12-07,기타,14,16
2023-12-07,기타,15,17
2023-12-07,기타,16,17
2023-12-07,기타,17,16
2023-12-07,기타,18,16
2023-12-07,기타,19,17
2023-12-07,기타,20,17
2023-12-07,기타,21,17
2023-12-07,기타,22,17
2023-12-07,기타,23,17
2023-12-07,기타,24,17
2023-12-08,원자력,1,20726
2023-12-08,원자력,2,20725
2023-12-08,원자력,3,20726
2023-12-08,원자력,4,20727
2023-12-08,원자력,5,20728
2023-12-08,원자력,6,20729
2023-12-08,원자력,7,20728
2023-12-08,원자력,8,20726
2023-12-08,원자력,9,20726
2023-12-08,원자력,10,20724
2023-12-08,원자력,11,20721
2023-12-08,원자력,12,20723
2023-12-08,원자력,13,20724
2023-12-08,원자력,14,20724
2023-12-08,원자력,15,20725
2023-12-08,원자력,16,20730
2023-12-08,원자력,17,20731
2023-12-08,원자력,18,20731
2023-12-08,원자력,19,20732
2023-12-08,원자력,20,20732
2023-12-08,원자력,21,20733
2023-12-08,원자력,22,20734
2023-12-08,원자력,23,20735
2023-12-08,원자력,24,20731
2023-12-08,유연탄,1,23989
2023-12-08,유연탄,2,23942
2023-12-08,유연탄,3,23737
2023-12-08,유연탄,4,23581
2023-12-08,유연탄,5,23616
2023-12-08,유연탄,6,23522
2023-12-08,유연탄,7,23636
2023-12-08,유연탄,8,24007
2023-12-08,유연탄,9,23913
2023-12-08,유연탄,10,23626
2023-12-08,유연탄,11,22135
2023-12-08,유연탄,12,20423
2023-12-08,유연탄,13,18826
2023-12-08,유연탄,14,19875
2023-12-08,유연탄,15,21074
2023-12-08,유연탄,16,22341
2023-12-08,유연탄,17,22361
2023-12-08,유연탄,18,22289
2023-12-08,유연탄,19,22369
2023-12-08,유연탄,20,22725
2023-12-08,유연탄,21,22778
2023-12-08,유연탄,22,22747
2023-12-08,유연탄,23,22982
2023-12-08,유연탄,24,23020
2023-12-08,무연탄,1,168
2023-12-08,무연탄,2,167
2023-12-08,무연탄,3,168
2023-12-08,무연탄,4,168
2023-12-08,무연탄,5,168
2023-12-08,무연탄,6,167
2023-12-08,무연탄,7,167
2023-12-08,무연탄,8,167
2023-12-08,무연탄,9,169
2023-12-08,무연탄,10,167
2023-12-08,무연탄,11,167
2023-12-08,무연탄,12,167
2023-12-08,무연탄,13,162
2023-12-08,무연탄,14,155
2023-12-08,무연탄,15,157
2023-12-08,무연탄,16,163
2023-12-08,무연탄,17,168
2023-12-08,무연탄,18,168
2023-12-08,무연탄,19,167
2023-12-08,무연탄,20,167
2023-12-08,무연탄,21,167
2023-12-08,무연탄,22,167
2023-12-08,무연탄,23,166
2023-12-08,무연탄,24,167
2023-12-08,바이오가스,1,35
2023-12-08,바이오가스,2,36
2023-12-08,바이오가스,3,36
2023-12-08,바이오가스,4,36
2023-12-08,바이오가스,5,36
2023-12-08,바이오가스,6,36
2023-12-08,바이오가스,7,36
2023-12-08,바이오가스,8,36
2023-12-08,바이오가스,9,36
2023-12-08,바이오가스,10,36
2023-12-08,바이오가스,11,37
2023-12-08,바이오가스,12,39
2023-12-08,바이오가스,13,38
2023-12-08,바이오가스,14,36
2023-12-08,바이오가스,15,39
2023-12-08,바이오가스,16,39
2023-12-08,바이오가스,17,39
2023-12-08,바이오가스,18,39
2023-12-08,바이오가스,19,38
2023-12-08,바이오가스,20,37
2023-12-08,바이오가스,21,37
2023-12-08,바이오가스,22,38
2023-12-08,바이오가스,23,38
2023-12-08,바이오가스,24,39
2023-12-08,부생가스,1,55
2023-12-08,부생가스,2,55
2023-12-08,부생가스,3,55
2023-12-08,부생가스,4,55
2023-12-08,부생가스,5,53
2023-12-08,부생가스,6,53
2023-12-08,부생가스,7,53
2023-12-08,부생가스,8,54
2023-12-08,부생가스,9,56
2023-12-08,부생가스,10,71
2023-12-08,부생가스,11,108
2023-12-08,부생가스,12,95
2023-12-08,부생가스,13,89
2023-12-08,부생가스,14,107
2023-12-08,부생가스,15,89
2023-12-08,부생가스,16,80
2023-12-08,부생가스,17,83
2023-12-08,부생가스,18,106
2023-12-08,부생가스,19,124
2023-12-08,부생가스,20,126
2023-12-08,부생가스,21,77
2023-12-08,부생가스,22,82
2023-12-08,부생가스,23,52
2023-12-08,부생가스,24,46
2023-12-08,수력,1,118
2023-12-08,수력,2,119
2023-12-08,수력,3,119
2023-12-08,수력,4,119
2023-12-08,수력,5,120
2023-12-08,수력,6,122
2023-12-08,수력,7,127
2023-12-08,수력,8,133
2023-12-08,수력,9,486
2023-12-08,수력,10,509
2023-12-08,수력,11,557
2023-12-08,수력,12,455
2023-12-08,수력,13,224
2023-12-08,수력,14,372
2023-12-08,수력,15,366
2023-12-08,수력,16,504
2023-12-08,수력,17,425
2023-12-08,수력,18,465
2023-12-08,수력,19,514
2023-12-08,수력,20,484
2023-12-08,수력,21,359
2023-12-08,수력,22,323
2023-12-08,수력,23,306
2023-12-08,수력,24,270
2023-12-08,양수,1,33
2023-12-08,양수,2,0
2023-12-08,양수,3,0
2023-12-08,양수,4,0
2023-12-08,양수,5,0
2023-12-08,양수,6,0
2023-12-08,양수,7,0
2023-12-08,양수,8,0
2023-12-08,양수,9,0
2023-12-08,양수,10,0
2023-12-08,양수,11,1
2023-12-08,양수,12,0
2023-12-08,양수,13,0
2023-12-08,양수,14,0
2023-12-08,양수,15,190
2023-12-08,양수,16,303
2023-12-08,양수,17,620
2023-12-08,양수,18,1312
2023-12-08,양수,19,1238
2023-12-08,양수,20,1280
2023-12-08,양수,21,732
2023-12-08,양수,22,452
2023-12-08,양수,23,607
2023-12-08,양수,24,616
2023-12-08,매립가스,1,13
2023-12-08,매립가스,2,13
2023-12-08,매립가스,3,13
2023-12-08,매립가스,4,13
2023-12-08,매립가스,5,13
2023-12-08,매립가스,6,13
2023-12-08,매립가스,7,13
2023-12-08,매립가스,8,13
2023-12-08,매립가스,9,13
2023-12-08,매립가스,10,13
2023-12-08,매립가스,11,13
2023-12-08,매립가스,12,13
2023-12-08,매립가스,13,13
2023-12-08,매립가스,14,13
2023-12-08,매립가스,15,12
2023-12-08,매립가스,16,13
2023-12-08,매립가스,17,13
2023-12-08,매립가스,18,13
2023-12-08,매립가스,19,13
2023-12-08,매립가스,20,13
2023-12-08,매립가스,21,13
2023-12-08,매립가스,22,13
2023-12-08,매립가스,23,13
2023-12-08,매립가스,24,13
2023-12-08,중유,1,32
2023-12-08,중유,2,32
2023-12-08,중유,3,32
2023-12-08,중유,4,32
2023-12-08,중유,5,31
2023-12-08,중유,6,32
2023-12-08,중유,7,32
2023-12-08,중유,8,32
2023-12-08,중유,9,32
2023-12-08,중유,10,32
2023-12-08,중유,11,31
2023-12-08,중유,12,30
2023-12-08,중유,13,30
2023-12-08,중유,14,30
2023-12-08,중유,15,30
2023-12-08,중유,16,30
2023-12-08,중유,17,29
2023-12-08,중유,18,30
2023-12-08,중유,19,31
2023-12-08,중유,20,31
2023-12-08,중유,21,31
2023-12-08,중유,22,32
2023-12-08,중유,23,32
2023-12-08,중유,24,32
2023-12-08,태양광,1,3
2023-12-08,태양광,2,1
2023-12-08,태양광,3,0
2023-12-08,태양광,4,0
2023-12-08,태양광,5,0
2023-12-08,태양광,6,0
2023-12-08,태양광,7,0
2023-12-08,태양광,8,30
2023-12-08,태양광,9,601
2023-12-08,태양광,10,1806
2023-12-08,태양광,11,2841
2023-12-08,태양광,12,3455
2023-12-08,태양광,13,3674
2023-12-08,태양광,14,3568
2023-12-08,태양광,15,3007
2023-12-08,태양광,16,1869
2023-12-08,태양광,17,1178
2023-12-08,태양광,18,855
2023-12-08,태양광,19,919
2023-12-08,태양광,20,757
2023-12-08,태양광,21,364
2023-12-08,태양광,22,143
2023-12-08,태양광,23,52
2023-12-08,태양광,24,12
2023-12-08,폐기물,1,128
2023-12-08,폐기물,2,130
2023-12-08,폐기물,3,127
2023-12-08,폐기물,4,129
2023-12-08,폐기물,5,129
2023-12-08,폐기물,6,128
2023-12-08,폐기물,7,124
2023-12-08,폐기물,8,121
2023-12-08,폐기물,9,123
2023-12-08,폐기물,10,125
2023-12-08,폐기물,11,125
2023-12-08,폐기물,12,130
2023-12-08,폐기물,13,132
2023-12-08,폐기물,14,130
2023-12-08,폐기물,15,127
2023-12-08,폐기물,16,126
2023-12-08,폐기물,17,131
2023-12-08,폐기물,18,131
2023-12-08,폐기물,19,129
2023-12-08,폐기물,20,131
2023-12-08,폐기물,21,131
2023-12-08,폐기물,22,133
2023-12-08,폐기물,23,130
2023-12-08,폐기물,24,132
2023-12-08,풍력,1,781
2023-12-08,풍력,2,830
2023-12-08,풍력,3,824
2023-12-08,풍력,4,833
2023-12-08,풍력,5,851
2023-12-08,풍력,6,941
2023-12-08,풍력,7,986
2023-12-08,풍력,8,1039
2023-12-08,풍력,9,1057
2023-12-08,풍력,10,1127
2023-12-08,풍력,11,1119
2023-12-08,풍력,12,1043
2023-12-08,풍력,13,963
2023-12-08,풍력,14,937
2023-12-08,풍력,15,952
2023-12-08,풍력,16,969
2023-12-08,풍력,17,939
2023-12-08,풍력,18,920
2023-12-08,풍력,19,1002
2023-12-08,풍력,20,1038
2023-12-08,풍력,21,1023
2023-12-08,풍력,22,946
2023-12-08,풍력,23,920
2023-12-08,풍력,24,927
2023-12-08,LNG,1,14147
2023-12-08,LNG,2,11670
2023-12-08,LNG,3,10795
2023-12-08,LNG,4,10521
2023-12-08,LNG,5,11143
2023-12-08,LNG,6,12688
2023-12-08,LNG,7,15610
2023-12-08,LNG,8,19836
2023-12-08,LNG,9,22707
2023-12-08,LNG,10,20514
2023-12-08,LNG,11,17728
2023-12-08,LNG,12,16471
2023-12-08,LNG,13,15431
2023-12-08,LNG,14,15679
2023-12-08,LNG,15,15868
2023-12-08,LNG,16,17438
2023-12-08,LNG,17,19571
2023-12-08,LNG,18,19457
2023-12-08,LNG,19,18123
2023-12-08,LNG,20,16673
2023-12-08,LNG,21,16080
2023-12-08,LNG,22,14970
2023-12-08,LNG,23,15045
2023-12-08,LNG,24,14529
2023-12-08,연료전지,1,827
2023-12-08,연료전지,2,828
2023-12-08,연료전지,3,829
2023-12-08,연료전지,4,829
2023-12-08,연료전지,5,829
2023-12-08,연료전지,6,829
2023-12-08,연료전지,7,828
2023-12-08,연료전지,8,828
2023-12-08,연료전지,9,829
2023-12-08,연료전지,10,829
2023-12-08,연료전지,11,830
2023-12-08,연료전지,12,829
2023-12-08,연료전지,13,829
2023-12-08,연료전지,14,828
2023-12-08,연료전지,15,829
2023-12-08,연료전지,16,830
2023-12-08,연료전지,17,831
2023-12-08,연료전지,18,831
2023-12-08,연료전지,19,830
2023-12-08,연료전지,20,831
2023-12-08,연료전지,21,832
2023-12-08,연료전지,22,832
2023-12-08,연료전지,23,832
2023-12-08,연료전지,24,833
2023-12-08,경유,1,0
2023-12-08,경유,2,0
2023-12-08,경유,3,0
2023-12-08,경유,4,0
2023-12-08,경유,5,0
2023-12-08,경유,6,0
2023-12-08,경유,7,0
2023-12-08,경유,8,0
2023-12-08,경유,9,0
2023-12-08,경유,10,0
2023-12-08,경유,11,0
2023-12-08,경유,12,0
2023-12-08,경유,13,0
2023-12-08,경유,14,0
2023-12-08,경유,15,0
2023-12-08,경유,16,0
2023-12-08,경유,17,0
2023-12-08,경유,18,0
2023-12-08,경유,19,0
2023-12-08,경유,20,0
2023-12-08,경유,21,0
2023-12-08,경유,22,0
2023-12-08,경유,23,0
2023-12-08,경유,24,0
2023-12-08,해양에너지,1,46
2023-12-08,해양에너지,2,27
2023-12-08,해양에너지,3,0
2023-12-08,해양에너지,4,0
2023-12-08,해양에너지,5,0
2023-12-08,해양에너지,6,0
2023-12-08,해양에너지,7,0
2023-12-08,해양에너지,8,0
2023-12-08,해양에너지,9,0
2023-12-08,해양에너지,10,0
2023-12-08,해양에너지,11,0
2023-12-08,해양에너지,12,14
2023-12-08,해양에너지,13,66
2023-12-08,해양에너지,14,61
2023-12-08,해양에너지,15,0
2023-12-08,해양에너지,16,0
2023-12-08,해양에너지,17,0
2023-12-08,해양에너지,18,0
2023-12-08,해양에너지,19,0
2023-12-08,해양에너지,20,0
2023-12-08,해양에너지,21,0
2023-12-08,해양에너지,22,0
2023-12-08,해양에너지,23,0
2023-12-08,해양에너지,24,0
2023-12-08,바이오매스,1,921
2023-12-08,바이오매스,2,919
2023-12-08,바이오매스,3,917
2023-12-08,바이오매스,4,916
2023-12-08,바이오매스,5,917
2023-12-08,바이오매스,6,917
2023-12-08,바이오매스,7,916
2023-12-08,바이오매스,8,915
2023-12-08,바이오매스,9,917
2023-12-08,바이오매스,10,914
2023-12-08,바이오매스,11,915
2023-12-08,바이오매스,12,911
2023-12-08,바이오매스,13,912
2023-12-08,바이오매스,14,915
2023-12-08,바이오매스,15,916
2023-12-08,바이오매스,16,914
2023-12-08,바이오매스,17,918
2023-12-08,바이오매스,18,916
2023-12-08,바이오매스,19,917
2023-12-08,바이오매스,20,918
2023-12-08,바이오매스,21,917
2023-12-08,바이오매스,22,917
2023-12-08,바이오매스,23,917
2023-12-08,바이오매스,24,919
2023-12-08,IGCC,1,261
2023-12-08,IGCC,2,260
2023-12-08,IGCC,3,259
2023-12-08,IGCC,4,262
2023-12-08,IGCC,5,263
2023-12-08,IGCC,6,264
2023-12-08,IGCC,7,263
2023-12-08,IGCC,8,264
2023-12-08,IGCC,9,265
2023-12-08,IGCC,10,267
2023-12-08,IGCC,11,266
2023-12-08,IGCC,12,267
2023-12-08,IGCC,13,265
2023-12-08,IGCC,14,263
2023-12-08,IGCC,15,261
2023-12-08,IGCC,16,263
2023-12-08,IGCC,17,263
2023-12-08,IGCC,18,264
2023-12-08,IGCC,19,264
2023-12-08,IGCC,20,265
2023-12-08,IGCC,21,265
2023-12-08,IGCC,22,264
2023-12-08,IGCC,23,264
2023-12-08,IGCC,24,265
2023-12-08,바이오중유,1,163
2023-12-08,바이오중유,2,163
2023-12-08,바이오중유,3,163
2023-12-08,바이오중유,4,163
2023-12-08,바이오중유,5,163
2023-12-08,바이오중유,6,163
2023-12-08,바이오중유,7,163
2023-12-08,바이오중유,8,163
2023-12-08,바이오중유,9,163
2023-12-08,바이오중유,10,136
2023-12-08,바이오중유,11,133
2023-12-08,바이오중유,12,119
2023-12-08,바이오중유,13,104
2023-12-08,바이오중유,14,104
2023-12-08,바이오중유,15,123
2023-12-08,바이오중유,16,128
2023-12-08,바이오중유,17,186
2023-12-08,바이오중유,18,197
2023-12-08,바이오중유,19,194
2023-12-08,바이오중유,20,184
2023-12-08,바이오중유,21,162
2023-12-08,바이오중유,22,162
2023-12-08,바이오중유,23,162
2023-12-08,바이오중유,24,162
2023-12-08,바이오기타,1,2
2023-12-08,바이오기타,2,2
2023-12-08,바이오기타,3,2
2023-12-08,바이오기타,4,3
2023-12-08,바이오기타,5,2
2023-12-08,바이오기타,6,1
2023-12-08,바이오기타,7,1
2023-12-08,바이오기타,8,2
2023-12-08,바이오기타,9,2
2023-12-08,바이오기타,10,2
2023-12-08,바이오기타,11,2
2023-12-08,바이오기타,12,2
2023-12-08,바이오기타,13,2
2023-12-08,바이오기타,14,3
2023-12-08,바이오기타,15,2
2023-12-08,바이오기타,16,3
2023-12-08,바이오기타,17,3
2023-12-08,바이오기타,18,3
2023-12-08,바이오기타,19,3
2023-12-08,바이오기타,20,3
2023-12-08,바이오기타,21,3
2023-12-08,바이오기타,22,2
2023-12-08,바이오기타,23,1
2023-12-08,바이오기타,24,1
2023-12-08,기타,1,17
2023-12-08,기타,2,17
2023-12-08,기타,3,17
2023-12-08,기타,4,17
2023-12-08,기타,5,17
2023-12-08,기타,6,17
2023-12-08,기타,7,16
2023-12-08,기타,8,16
2023-12-08,기타,9,17
2023-12-08,기타,10,17
2023-12-08,기타,11,16
2023-12-08,기타,12,18
2023-12-08,기타,13,17
2023-12-08,기타,14,17
2023-12-08,기타,15,17
2023-12-08,기타,16,18
2023-12-08,기타,17,17
2023-12-08,기타,18,16
2023-12-08,기타,19,16
2023-12-08,기타,20,16
2023-12-08,기타,21,15
2023-12-08,기타,22,16
2023-12-08,기타,23,16
2023-12-08,기타,24,15
2023-12-09,원자력,1,20733
2023-12-09,원자력,2,20732
2023-12-09,원자력,3,20733
2023-12-09,원자력,4,20733
2023-12-09,원자력,5,20735
2023-12-09,원자력,6,20735
2023-12-09,원자력,7,20735
2023-12-09,원자력,8,20733
2023-12-09,원자력,9,20735
2023-12-09,원자력,10,20736
2023-12-09,원자력,11,20735
2023-12-09,원자력,12,20738
2023-12-09,원자력,13,20740
2023-12-09,원자력,14,20739
2023-12-09,원자력,15,20740
2023-12-09,원자력,16,20740
2023-12-09,원자력,17,20739
2023-12-09,원자력,18,20737
2023-12-09,원자력,19,20736
2023-12-09,원자력,20,20735
2023-12-09,원자력,21,20735
2023-12-09,원자력,22,20736
2023-12-09,원자력,23,20735
2023-12-09,원자력,24,20731
2023-12-09,유연탄,1,22608
2023-12-09,유연탄,2,22492
2023-12-09,유연탄,3,22374
2023-12-09,유연탄,4,22275
2023-12-09,유연탄,5,22106
2023-12-09,유연탄,6,21411
2023-12-09,유연탄,7,20734
2023-12-09,유연탄,8,19630
2023-12-09,유연탄,9,18618
2023-12-09,유연탄,10,17859
2023-12-09,유연탄,11,17448
2023-12-09,유연탄,12,16637
2023-12-09,유연탄,13,15866
2023-12-09,유연탄,14,16321
2023-12-09,유연탄,15,16567
2023-12-09,유연탄,16,16694
2023-12-09,유연탄,17,16695
2023-12-09,유연탄,18,16600
2023-12-09,유연탄,19,16424
2023-12-09,유연탄,20,16527
2023-12-09,유연탄,21,16465
2023-12-09,유연탄,22,15994
2023-12-09,유연탄,23,16508
2023-12-09,유연탄,24,16593
2023-12-09,무연탄,1,169
2023-12-09,무연탄,2,167
2023-12-09,무연탄,3,168
2023-12-09,무연탄,4,168
2023-12-09,무연탄,5,168
2023-12-09,무연탄,6,168
2023-12-09,무연탄,7,168
2023-12-09,무연탄,8,168
2023-12-09,무연탄,9,167
2023-12-09,무연탄,10,167
2023-12-09,무연탄,11,168
2023-12-09,무연탄,12,168
2023-12-09,무연탄,13,168
2023-12-09,무연탄,14,168
2023-12-09,무연탄,15,168
2023-12-09,무연탄,16,168
2023-12-09,무연탄,17,168
2023-12-09,무연탄,18,168
2023-12-09,무연탄,19,168
2023-12-09,무연탄,20,167
2023-12-09,무연탄,21,167
2023-12-09,무연탄,22,167
2023-12-09,무연탄,23,167
2023-12-09,무연탄,24,168
2023-12-09,바이오가스,1,38
2023-12-09,바이오가스,2,38
2023-12-09,바이오가스,3,38
2023-12-09,바이오가스,4,37
2023-12-09,바이오가스,5,38
2023-12-09,바이오가스,6,38
2023-12-09,바이오가스,7,37
2023-12-09,바이오가스,8,37
2023-12-09,바이오가스,9,37
2023-12-09,바이오가스,10,38
2023-12-09,바이오가스,11,37
2023-12-09,바이오가스,12,38
2023-12-09,바이오가스,13,38
2023-12-09,바이오가스,14,38
2023-12-09,바이오가스,15,38
2023-12-09,바이오가스,16,37
2023-12-09,바이오가스,17,38
2023-12-09,바이오가스,18,38
2023-12-09,바이오가스,19,37
2023-12-09,바이오가스,20,37
2023-12-09,바이오가스,21,38
2023-12-09,바이오가스,22,38
2023-12-09,바이오가스,23,36
2023-12-09,바이오가스,24,35
2023-12-09,부생가스,1,46
2023-12-09,부생가스,2,46
2023-12-09,부생가스,3,47
2023-12-09,부생가스,4,47
2023-12-09,부생가스,5,48
2023-12-09,부생가스,6,48
2023-12-09,부생가스,7,48
2023-12-09,부생가스,8,50
2023-12-09,부생가스,9,49
2023-12-09,부생가스,10,51
2023-12-09,부생가스,11,47
2023-12-09,부생가스,12,47
2023-12-09,부생가스,13,47
2023-12-09,부생가스,14,47
2023-12-09,부생가스,15,47
2023-12-09,부생가스,16,47
2023-12-09,부생가스,17,47
2023-12-09,부생가스,18,49
2023-12-09,부생가스,19,48
2023-12-09,부생가스,20,47
2023-12-09,부생가스,21,48
2023-12-09,부생가스,22,48
2023-12-09,부생가스,23,48
2023-12-09,부생가스,24,49
2023-12-09,수력,1,291
2023-12-09,수력,2,297
2023-12-09,수력,3,198
2023-12-09,수력,4,105
2023-12-09,수력,5,107
2023-12-09,수력,6,110
2023-12-09,수력,7,113
2023-12-09,수력,8,120
2023-12-09,수력,9,520
2023-12-09,수력,10,526
2023-12-09,수력,11,571
2023-12-09,수력,12,525
2023-12-09,수력,13,326
2023-12-09,수력,14,348
2023-12-09,수력,15,341
2023-12-09,수력,16,394
2023-12-09,수력,17,461
2023-12-09,수력,18,434
2023-12-09,수력,19,364
2023-12-09,수력,20,353
2023-12-09,수력,21,298
2023-12-09,수력,22,294
2023-12-09,수력,23,243
2023-12-09,수력,24,195
2023-12-09,양수,1,120
2023-12-09,양수,2,0
2023-12-09,양수,3,0
2023-12-09,양수,4,0
2023-12-09,양수,5,0
2023-12-09,양수,6,0
2023-12-09,양수,7,0
2023-12-09,양수,8,0
2023-12-09,양수,9,0
2023-12-09,양수,10,0
2023-12-09,양수,11,0
2023-12-09,양수,12,0
2023-12-09,양수,13,0
2023-12-09,양수,14,0
2023-12-09,양수,15,235
2023-12-09,양수,16,103
2023-12-09,양수,17,0
2023-12-09,양수,18,455
2023-12-09,양수,19,1537
2023-12-09,양수,20,1975
2023-12-09,양수,21,1712
2023-12-09,양수,22,1476
2023-12-09,양수,23,1085
2023-12-09,양수,24,892
2023-12-09,매립가스,1,13
2023-12-09,매립가스,2,13
2023-12-09,매립가스,3,13
2023-12-09,매립가스,4,13
2023-12-09,매립가스,5,13
2023-12-09,매립가스,6,12
2023-12-09,매립가스,7,12
2023-12-09,매립가스,8,12
2023-12-09,매립가스,9,12
2023-12-09,매립가스,10,12
2023-12-09,매립가스,11,12
2023-12-09,매립가스,12,12
2023-12-09,매립가스,13,13
2023-12-09,매립가스,14,13
2023-12-09,매립가스,15,13
2023-12-09,매립가스,16,13
2023-12-09,매립가스,17,13
2023-12-09,매립가스,18,12
2023-12-09,매립가스,19,9
2023-12-09,매립가스,20,13
2023-12-09,매립가스,21,14
2023-12-09,매립가스,22,14
2023-12-09,매립가스,23,13
2023-12-09,매립가스,24,13
2023-12-09,중유,1,31
2023-12-09,중유,2,31
2023-12-09,중유,3,31
2023-12-09,중유,4,31
2023-12-09,중유,5,31
2023-12-09,중유,6,30
2023-12-09,중유,7,30
2023-12-09,중유,8,31
2023-12-09,중유,9,32
2023-12-09,중유,10,31
2023-12-09,중유,11,32
2023-12-09,중유,12,31
2023-12-09,중유,13,31
2023-12-09,중유,14,31
2023-12-09,중유,15,31
2023-12-09,중유,16,30
2023-12-09,중유,17,30
2023-12-09,중유,18,30
2023-12-09,중유,19,30
2023-12-09,중유,20,30
2023-12-09,중유,21,30
2023-12-09,중유,22,31
2023-12-09,중유,23,30
2023-12-09,중유,24,30
2023-12-09,태양광,1,3
2023-12-09,태양광,2,1
2023-12-09,태양광,3,0
2023-12-09,태양광,4,0
2023-12-09,태양광,5,0
2023-12-09,태양광,6,0
2023-12-09,태양광,7,0
2023-12-09,태양광,8,20
2023-12-09,태양광,9,445
2023-12-09,태양광,10,1232
2023-12-09,태양광,11,1921
2023-12-09,태양광,12,2317
2023-12-09,태양광,13,2505
2023-12-09,태양광,14,2386
2023-12-09,태양광,15,2033
2023-12-09,태양광,16,1513
2023-12-09,태양광,17,1156
2023-12-09,태양광,18,806
2023-12-09,태양광,19,690
2023-12-09,태양광,20,310
2023-12-09,태양광,21,141
2023-12-09,태양광,22,57
2023-12-09,태양광,23,20
2023-12-09,태양광,24,4
2023-12-09,폐기물,1,132
2023-12-09,폐기물,2,131
2023-12-09,폐기물,3,128
2023-12-09,폐기물,4,128
2023-12-09,폐기물,5,126
2023-12-09,폐기물,6,126
2023-12-09,폐기물,7,128
2023-12-09,폐기물,8,126
2023-12-09,폐기물,9,122
2023-12-09,폐기물,10,122
2023-12-09,폐기물,11,122
2023-12-09,폐기물,12,121
2023-12-09,폐기물,13,125
2023-12-09,폐기물,14,129
2023-12-09,폐기물,15,130
2023-12-09,폐기물,16,131
2023-12-09,폐기물,17,133
2023-12-09,폐기물,18,133
2023-12-09,폐기물,19,134
2023-12-09,폐기물,20,135
2023-12-09,폐기물,21,137
2023-12-09,폐기물,22,136
2023-12-09,폐기물,23,134
2023-12-09,폐기물,24,134
2023-12-09,풍력,1,930
2023-12-09,풍력,2,941
2023-12-09,풍력,3,854
2023-12-09,풍력,4,862
2023-12-09,풍력,5,803
2023-12-09,풍력,6,731
2023-12-09,풍력,7,690
2023-12-09,풍력,8,664
2023-12-09,풍력,9,662
2023-12-09,풍력,10,797
2023-12-09,풍력,11,789
2023-12-09,풍력,12,660
2023-12-09,풍력,13,598
2023-12-09,풍력,14,546
2023-12-09,풍력,15,459
2023-12-09,풍력,16,411
2023-12-09,풍력,17,373
2023-12-09,풍력,18,339
2023-12-09,풍력,19,224
2023-12-09,풍력,20,174
2023-12-09,풍력,21,169
2023-12-09,풍력,22,157
2023-12-09,풍력,23,152
2023-12-09,풍력,24,140
2023-12-09,LNG,1,11966
2023-12-09,LNG,2,9685
2023-12-09,LNG,3,8613
2023-12-09,LNG,4,8159
2023-12-09,LNG,5,8418
2023-12-09,LNG,6,9961
2023-12-09,LNG,7,12014
2023-12-09,LNG,8,14037
2023-12-09,LNG,9,14513
2023-12-09,LNG,10,13994
2023-12-09,LNG,11,12385
2023-12-09,LNG,12,11546
2023-12-09,LNG,13,11504
2023-12-09,LNG,14,11508
2023-12-09,LNG,15,11825
2023-12-09,LNG,16,13457
2023-12-09,LNG,17,15335
2023-12-09,LNG,18,17393
2023-12-09,LNG,19,17219
2023-12-09,LNG,20,16680
2023-12-09,LNG,21,16534
2023-12-09,LNG,22,16314
2023-12-09,LNG,23,17046
2023-12-09,LNG,24,16588
2023-12-09,연료전지,1,819
2023-12-09,연료전지,2,817
2023-12-09,연료전지,3,817
2023-12-09,연료전지,4,816
2023-12-09,연료전지,5,816
2023-12-09,연료전지,6,817
2023-12-09,연료전지,7,817
2023-12-09,연료전지,8,818
2023-12-09,연료전지,9,820
2023-12-09,연료전지,10,822
2023-12-09,연료전지,11,823
2023-12-09,연료전지,12,825
2023-12-09,연료전지,13,825
2023-12-09,연료전지,14,825
2023-12-09,연료전지,15,824
2023-12-09,연료전지,16,826
2023-12-09,연료전지,17,827
2023-12-09,연료전지,18,828
2023-12-09,연료전지,19,829
2023-12-09,연료전지,20,830
2023-12-09,연료전지,21,831
2023-12-09,연료전지,22,832
2023-12-09,연료전지,23,832
2023-12-09,연료전지,24,833
2023-12-09,경유,1,0
2023-12-09,경유,2,0
2023-12-09,경유,3,0
2023-12-09,경유,4,0
2023-12-09,경유,5,0
2023-12-09,경유,6,0
2023-12-09,경유,7,0
2023-12-09,경유,8,0
2023-12-09,경유,9,0
2023-12-09,경유,10,0
2023-12-09,경유,11,0
2023-12-09,경유,12,0
2023-12-09,경유,13,0
2023-12-09,경유,14,0
2023-12-09,경유,15,0
2023-12-09,경유,16,0
2023-12-09,경유,17,0
2023-12-09,경유,18,0
2023-12-09,경유,19,0
2023-12-09,경유,20,0
2023-12-09,경유,21,0
2023-12-09,경유,22,0
2023-12-09,경유,23,0
2023-12-09,경유,24,0
2023-12-09,해양에너지,1,46
2023-12-09,해양에너지,2,81
2023-12-09,해양에너지,3,0
2023-12-09,해양에너지,4,0
2023-12-09,해양에너지,5,0
2023-12-09,해양에너지,6,0
2023-12-09,해양에너지,7,0
2023-12-09,해양에너지,8,0
2023-12-09,해양에너지,9,0
2023-12-09,해양에너지,10,0
2023-12-09,해양에너지,11,0
2023-12-09,해양에너지,12,0
2023-12-09,해양에너지,13,64
2023-12-09,해양에너지,14,114
2023-12-09,해양에너지,15,108
2023-12-09,해양에너지,16,83
2023-12-09,해양에너지,17,27
2023-12-09,해양에너지,18,0
2023-12-09,해양에너지,19,0
2023-12-09,해양에너지,20,0
2023-12-09,해양에너지,21,0
2023-12-09,해양에너지,22,0
2023-12-09,해양에너지,23,0
2023-12-09,해양에너지,24,0
2023-12-09,바이오매스,1,919
2023-12-09,바이오매스,2,918
2023-12-09,바이오매스,3,919
2023-12-09,바이오매스,4,919
2023-12-09,바이오매스,5,919
2023-12-09,바이오매스,6,918
2023-12-09,바이오매스,7,918
2023-12-09,바이오매스,8,922
2023-12-09,바이오매스,9,920
2023-12-09,바이오매스,10,917
2023-12-09,바이오매스,11,915
2023-12-09,바이오매스,12,913
2023-12-09,바이오매스,13,913
2023-12-09,바이오매스,14,918
2023-12-09,바이오매스,15,916
2023-12-09,바이오매스,16,919
2023-12-09,바이오매스,17,919
2023-12-09,바이오매스,18,919
2023-12-09,바이오매스,19,917
2023-12-09,바이오매스,20,914
2023-12-09,바이오매스,21,916
2023-12-09,바이오매스,22,919
2023-12-09,바이오매스,23,918
2023-12-09,바이오매스,24,922
2023-12-09,IGCC,1,265
2023-12-09,IGCC,2,264
2023-12-09,IGCC,3,263
2023-12-09,IGCC,4,266
2023-12-09,IGCC,5,266
2023-12-09,IGCC,6,267
2023-12-09,IGCC,7,266
2023-12-09,IGCC,8,267
2023-12-09,IGCC,9,268
2023-12-09,IGCC,10,265
2023-12-09,IGCC,11,262
2023-12-09,IGCC,12,263
2023-12-09,IGCC,13,265
2023-12-09,IGCC,14,265
2023-12-09,IGCC,15,264
2023-12-09,IGCC,16,264
2023-12-09,IGCC,17,266
2023-12-09,IGCC,18,266
2023-12-09,IGCC,19,265
2023-12-09,IGCC,20,265
2023-12-09,IGCC,21,266
2023-12-09,IGCC,22,265
2023-12-09,IGCC,23,265
2023-12-09,IGCC,24,267
2023-12-09,바이오중유,1,162
2023-12-09,바이오중유,2,162
2023-12-09,바이오중유,3,162
2023-12-09,바이오중유,4,162
2023-12-09,바이오중유,5,162
2023-12-09,바이오중유,6,162
2023-12-09,바이오중유,7,162
2023-12-09,바이오중유,8,162
2023-12-09,바이오중유,9,162
2023-12-09,바이오중유,10,162
2023-12-09,바이오중유,11,162
2023-12-09,바이오중유,12,160
2023-12-09,바이오중유,13,145
2023-12-09,바이오중유,14,162
2023-12-09,바이오중유,15,162
2023-12-09,바이오중유,16,162
2023-12-09,바이오중유,17,162
2023-12-09,바이오중유,18,162
2023-12-09,바이오중유,19,162
2023-12-09,바이오중유,20,162
2023-12-09,바이오중유,21,162
2023-12-09,바이오중유,22,162
2023-12-09,바이오중유,23,162
2023-12-09,바이오중유,24,162
2023-12-09,바이오기타,1,1
2023-12-09,바이오기타,2,1
2023-12-09,바이오기타,3,1
2023-12-09,바이오기타,4,1
2023-12-09,바이오기타,5,1
2023-12-09,바이오기타,6,1
2023-12-09,바이오기타,7,1
2023-12-09,바이오기타,8,0
2023-12-09,바이오기타,9,0
2023-12-09,바이오기타,10,1
2023-12-09,바이오기타,11,3
2023-12-09,바이오기타,12,2
2023-12-09,바이오기타,13,3
2023-12-09,바이오기타,14,2
2023-12-09,바이오기타,15,2
2023-12-09,바이오기타,16,2
2023-12-09,바이오기타,17,2
2023-12-09,바이오기타,18,1
2023-12-09,바이오기타,19,1
2023-12-09,바이오기타,20,1
2023-12-09,바이오기타,21,1
2023-12-09,바이오기타,22,1
2023-12-09,바이오기타,23,1
2023-12-09,바이오기타,24,1
2023-12-09,기타,1,16
2023-12-09,기타,2,15
2023-12-09,기타,3,16
2023-12-09,기타,4,15
2023-12-09,기타,5,15
2023-12-09,기타,6,16
2023-12-09,기타,7,16
2023-12-09,기타,8,15
2023-12-09,기타,9,15
2023-12-09,기타,10,15
2023-12-09,기타,11,16
2023-12-09,기타,12,16
2023-12-09,기타,13,16
2023-12-09,기타,14,16
2023-12-09,기타,15,15
2023-12-09,기타,16,15
2023-12-09,기타,17,16
2023-12-09,기타,18,16
2023-12-09,기타,19,15
2023-12-09,기타,20,14
2023-12-09,기타,21,14
2023-12-09,기타,22,14
2023-12-09,기타,23,14
2023-12-09,기타,24,14
2023-12-10,원자력,1,20731
2023-12-10,원자력,2,20730
2023-12-10,원자력,3,20732
2023-12-10,원자력,4,20732
2023-12-10,원자력,5,20731
2023-12-10,원자력,6,20730
2023-12-10,원자력,7,20729
2023-12-10,원자력,8,20729
2023-12-10,원자력,9,20729
2023-12-10,원자력,10,20729
2023-12-10,원자력,11,20730
2023-12-10,원자력,12,20731
2023-12-10,원자력,13,20732
2023-12-10,원자력,14,20730
2023-12-10,원자력,15,20728
2023-12-10,원자력,16,20728
2023-12-10,원자력,17,20728
2023-12-10,원자력,18,20725
2023-12-10,원자력,19,20723
2023-12-10,원자력,20,20721
2023-12-10,원자력,21,20720
2023-12-10,원자력,22,20720
2023-12-10,원자력,23,20721
2023-12-10,원자력,24,20720
2023-12-10,유연탄,1,16479
2023-12-10,유연탄,2,16374
2023-12-10,유연탄,3,16172
2023-12-10,유연탄,4,16182
2023-12-10,유연탄,5,16097
2023-12-10,유연탄,6,16149
2023-12-10,유연탄,7,16151
2023-12-10,유연탄,8,16292
2023-12-10,유연탄,9,16313
2023-12-10,유연탄,10,16026
2023-12-10,유연탄,11,15770
2023-12-10,유연탄,12,15453
2023-12-10,유연탄,13,15268
2023-12-10,유연탄,14,15039
2023-12-10,유연탄,15,16136
2023-12-10,유연탄,16,17020
2023-12-10,유연탄,17,17567
2023-12-10,유연탄,18,18081
2023-12-10,유연탄,19,17645
2023-12-10,유연탄,20,17694
2023-12-10,유연탄,21,17801
2023-12-10,유연탄,22,17308
2023-12-10,유연탄,23,17469
2023-12-10,유연탄,24,18263
2023-12-10,무연탄,1,168
2023-12-10,무연탄,2,168
2023-12-10,무연탄,3,168
2023-12-10,무연탄,4,168
2023-12-10,무연탄,5,168
2023-12-10,무연탄,6,167
2023-12-10,무연탄,7,168
2023-12-10,무연탄,8,167
2023-12-10,무연탄,9,165
2023-12-10,무연탄,10,166
2023-12-10,무연탄,11,168
2023-12-10,무연탄,12,168
2023-12-10,무연탄,13,168
2023-12-10,무연탄,14,168
2023-12-10,무연탄,15,168
2023-12-10,무연탄,16,167
2023-12-10,무연탄,17,168
2023-12-10,무연탄,18,168
2023-12-10,무연탄,19,167
2023-12-10,무연탄,20,167
2023-12-10,무연탄,21,167
2023-12-10,무연탄,22,167
2023-12-10,무연탄,23,167
2023-12-10,무연탄,24,167
2023-12-10,바이오가스,1,37
2023-12-10,바이오가스,2,36
2023-12-10,바이오가스,3,36
2023-12-10,바이오가스,4,35
2023-12-10,바이오가스,5,35
2023-12-10,바이오가스,6,35
2023-12-10,바이오가스,7,36
2023-12-10,바이오가스,8,37
2023-12-10,바이오가스,9,38
2023-12-10,바이오가스,10,39
2023-12-10,바이오가스,11,39
2023-12-10,바이오가스,12,38
2023-12-10,바이오가스,13,36
2023-12-10,바이오가스,14,37
2023-12-10,바이오가스,15,39
2023-12-10,바이오가스,16,40
2023-12-10,바이오가스,17,40
2023-12-10,바이오가스,18,39
2023-12-10,바이오가스,19,39
2023-12-10,바이오가스,20,40
2023-12-10,바이오가스,21,39
2023-12-10,바이오가스,22,37
2023-12-10,바이오가스,23,38
2023-12-10,바이오가스,24,39
2023-12-10,부생가스,1,49
2023-12-10,부생가스,2,50
2023-12-10,부생가스,3,50
2023-12-10,부생가스,4,50
2023-12-10,부생가스,5,50
2023-12-10,부생가스,6,50
2023-12-10,부생가스,7,50
2023-12-10,부생가스,8,50
2023-12-10,부생가스,9,51
2023-12-10,부생가스,10,50
2023-12-10,부생가스,11,48
2023-12-10,부생가스,12,47
2023-12-10,부생가스,13,47
2023-12-10,부생가스,14,47
2023-12-10,부생가스,15,46
2023-12-10,부생가스,16,47
2023-12-10,부생가스,17,46
2023-12-10,부생가스,18,46
2023-12-10,부생가스,19,46
2023-12-10,부생가스,20,47
2023-12-10,부생가스,21,47
2023-12-10,부생가스,22,47
2023-12-10,부생가스,23,48
2023-12-10,부생가스,24,48
2023-12-10,수력,1,187
2023-12-10,수력,2,180
2023-12-10,수력,3,179
2023-12-10,수력,4,170
2023-12-10,수력,5,169
2023-12-10,수력,6,169
2023-12-10,수력,7,174
2023-12-10,수력,8,185
2023-12-10,수력,9,479
2023-12-10,수력,10,498
2023-12-10,수력,11,560
2023-12-10,수력,12,469
2023-12-10,수력,13,336
2023-12-10,수력,14,360
2023-12-10,수력,15,359
2023-12-10,수력,16,513
2023-12-10,수력,17,491
2023-12-10,수력,18,472
2023-12-10,수력,19,395
2023-12-10,수력,20,346
2023-12-10,수력,21,253
2023-12-10,수력,22,249
2023-12-10,수력,23,246
2023-12-10,수력,24,242
2023-12-10,양수,1,102
2023-12-10,양수,2,0
2023-12-10,양수,3,0
2023-12-10,양수,4,0
2023-12-10,양수,5,0
2023-12-10,양수,6,0
2023-12-10,양수,7,0
2023-12-10,양수,8,0
2023-12-10,양수,9,0
2023-12-10,양수,10,0
2023-12-10,양수,11,0
2023-12-10,양수,12,0
2023-12-10,양수,13,0
2023-12-10,양수,14,0
2023-12-10,양수,15,1
2023-12-10,양수,16,103
2023-12-10,양수,17,0
2023-12-10,양수,18,477
2023-12-10,양수,19,1199
2023-12-10,양수,20,1499
2023-12-10,양수,21,1844
2023-12-10,양수,22,2091
2023-12-10,양수,23,2147
2023-12-10,양수,24,1209
2023-12-10,매립가스,1,13
2023-12-10,매립가스,2,13
2023-12-10,매립가스,3,13
2023-12-10,매립가스,4,13
2023-12-10,매립가스,5,13
2023-12-10,매립가스,6,12
2023-12-10,매립가스,7,12
2023-12-10,매립가스,8,12
2023-12-10,매립가스,9,12
2023-12-10,매립가스,10,13
2023-12-10,매립가스,11,13
2023-12-10,매립가스,12,13
2023-12-10,매립가스,13,13
2023-12-10,매립가스,14,13
2023-12-10,매립가스,15,13
2023-12-10,매립가스,16,13
2023-12-10,매립가스,17,13
2023-12-10,매립가스,18,13
2023-12-10,매립가스,19,13
2023-12-10,매립가스,20,13
2023-12-10,매립가스,21,13
2023-12-10,매립가스,22,13
2023-12-10,매립가스,23,13
2023-12-10,매립가스,24,13
2023-12-10,중유,1,29
2023-12-10,중유,2,29
2023-12-10,중유,3,30
2023-12-10,중유,4,30
2023-12-10,중유,5,30
2023-12-10,중유,6,30
2023-12-10,중유,7,29
2023-12-10,중유,8,30
2023-12-10,중유,9,30
2023-12-10,중유,10,30
2023-12-10,중유,11,30
2023-12-10,중유,12,31
2023-12-10,중유,13,30
2023-12-10,중유,14,30
2023-12-10,중유,15,30
2023-12-10,중유,16,30
2023-12-10,중유,17,30
2023-12-10,중유,18,31
2023-12-10,중유,19,31
2023-12-10,중유,20,31
2023-12-10,중유,21,30
2023-12-10,중유,22,30
2023-12-10,중유,23,30
2023-12-10,중유,24,30
2023-12-10,태양광,1,1
2023-12-10,태양광,2,0
2023-12-10,태양광,3,0
2023-12-10,태양광,4,0
2023-12-10,태양광,5,0
2023-12-10,태양광,6,0
2023-12-10,태양광,7,0
2023-12-10,태양광,8,16
2023-12-10,태양광,9,373
2023-12-10,태양광,10,1130
2023-12-10,태양광,11,1793
2023-12-10,태양광,12,2155
2023-12-10,태양광,13,2419
2023-12-10,태양광,14,2579
2023-12-10,태양광,15,1775
2023-12-10,태양광,16,868
2023-12-10,태양광,17,925
2023-12-10,태양광,18,663
2023-12-10,태양광,19,472
2023-12-10,태양광,20,248
2023-12-10,태양광,21,124
2023-12-10,태양광,22,54
2023-12-10,태양광,23,17
2023-12-10,태양광,24,4
2023-12-10,폐기물,1,132
2023-12-10,폐기물,2,135
2023-12-10,폐기물,3,137
2023-12-10,폐기물,4,136
2023-12-10,폐기물,5,137
2023-12-10,폐기물,6,139
2023-12-10,폐기물,7,137
2023-12-10,폐기물,8,135
2023-12-10,폐기물,9,134
2023-12-10,폐기물,10,135
2023-12-10,폐기물,11,136
2023-12-10,폐기물,12,136
2023-12-10,폐기물,13,139
2023-12-10,폐기물,14,139
2023-12-10,폐기물,15,137
2023-12-10,폐기물,16,134
2023-12-10,폐기물,17,135
2023-12-10,폐기물,18,136
2023-12-10,폐기물,19,135
2023-12-10,폐기물,20,138
2023-12-10,폐기물,21,137
2023-12-10,폐기물,22,138
2023-12-10,폐기물,23,136
2023-12-10,폐기물,24,139
2023-12-10,풍력,1,106
2023-12-10,풍력,2,107
2023-12-10,풍력,3,98
2023-12-10,풍력,4,81
2023-12-10,풍력,5,81
2023-12-10,풍력,6,90
2023-12-10,풍력,7,122
2023-12-10,풍력,8,140
2023-12-10,풍력,9,145
2023-12-10,풍력,10,162
2023-12-10,풍력,11,132
2023-12-10,풍력,12,94
2023-12-10,풍력,13,69
2023-12-10,풍력,14,89
2023-12-10,풍력,15,111
2023-12-10,풍력,16,146
2023-12-10,풍력,17,167
2023-12-10,풍력,18,250
2023-12-10,풍력,19,334
2023-12-10,풍력,20,418
2023-12-10,풍력,21,443
2023-12-10,풍력,22,506
2023-12-10,풍력,23,486
2023-12-10,풍력,24,499
2023-12-10,LNG,1,14441
2023-12-10,LNG,2,12263
2023-12-10,LNG,3,11356
2023-12-10,LNG,4,11314
2023-12-10,LNG,5,11749
2023-12-10,LNG,6,12489
2023-12-10,LNG,7,12925
2023-12-10,LNG,8,13039
2023-12-10,LNG,9,12449
2023-12-10,LNG,10,11425
2023-12-10,LNG,11,9897
2023-12-10,LNG,12,9503
2023-12-10,LNG,13,9705
2023-12-10,LNG,14,9580
2023-12-10,LNG,15,9785
2023-12-10,LNG,16,11400
2023-12-10,LNG,17,12978
2023-12-10,LNG,18,14575
2023-12-10,LNG,19,15295
2023-12-10,LNG,20,14609
2023-12-10,LNG,21,13697
2023-12-10,LNG,22,13196
2023-12-10,LNG,23,12677
2023-12-10,LNG,24,12050
2023-12-10,연료전지,1,834
2023-12-10,연료전지,2,834
2023-12-10,연료전지,3,834
2023-12-10,연료전지,4,834
2023-12-10,연료전지,5,834
2023-12-10,연료전지,6,834
2023-12-10,연료전지,7,834
2023-12-10,연료전지,8,834
2023-12-10,연료전지,9,834
2023-12-10,연료전지,10,834
2023-12-10,연료전지,11,834
2023-12-10,연료전지,12,834
2023-12-10,연료전지,13,834
2023-12-10,연료전지,14,834
2023-12-10,연료전지,15,834
2023-12-10,연료전지,16,834
2023-12-10,연료전지,17,834
2023-12-10,연료전지,18,834
2023-12-10,연료전지,19,834
2023-12-10,연료전지,20,833
2023-12-10,연료전지,21,832
2023-12-10,연료전지,22,833
2023-12-10,연료전지,23,833
2023-12-10,연료전지,24,833
2023-12-10,경유,1,0
2023-12-10,경유,2,0
2023-12-10,경유,3,0
2023-12-10,경유,4,0
2023-12-10,경유,5,0
2023-12-10,경유,6,0
2023-12-10,경유,7,0
2023-12-10,경유,8,0
2023-12-10,경유,9,0
2023-12-10,경유,10,0
2023-12-10,경유,11,0
2023-12-10,경유,12,0
2023-12-10,경유,13,0
2023-12-10,경유,14,0
2023-12-10,경유,15,0
2023-12-10,경유,16,0
2023-12-10,경유,17,0
2023-12-10,경유,18,0
2023-12-10,경유,19,0
2023-12-10,경유,20,0
2023-12-10,경유,21,0
2023-12-10,경유,22,0
2023-12-10,경유,23,0
2023-12-10,경유,24,0
2023-12-10,해양에너지,1,30
2023-12-10,해양에너지,2,106
2023-12-10,해양에너지,3,104
2023-12-10,해양에너지,4,76
2023-12-10,해양에너지,5,15
2023-12-10,해양에너지,6,0
2023-12-10,해양에너지,7,0
2023-12-10,해양에너지,8,0
2023-12-10,해양에너지,9,0
2023-12-10,해양에너지,10,0
2023-12-10,해양에너지,11,0
2023-12-10,해양에너지,12,0
2023-12-10,해양에너지,13,57
2023-12-10,해양에너지,14,137
2023-12-10,해양에너지,15,154
2023-12-10,해양에너지,16,143
2023-12-10,해양에너지,17,104
2023-12-10,해양에너지,18,46
2023-12-10,해양에너지,19,2
2023-12-10,해양에너지,20,0
2023-12-10,해양에너지,21,0
2023-12-10,해양에너지,22,0
2023-12-10,해양에너지,23,0
2023-12-10,해양에너지,24,0
2023-12-10,바이오매스,1,922
2023-12-10,바이오매스,2,923
2023-12-10,바이오매스,3,923
2023-12-10,바이오매스,4,921
2023-12-10,바이오매스,5,919
2023-12-10,바이오매스,6,924
2023-12-10,바이오매스,7,920
2023-12-10,바이오매스,8,920
2023-12-10,바이오매스,9,922
2023-12-10,바이오매스,10,920
2023-12-10,바이오매스,11,918
2023-12-10,바이오매스,12,919
2023-12-10,바이오매스,13,921
2023-12-10,바이오매스,14,917
2023-12-10,바이오매스,15,917
2023-12-10,바이오매스,16,918
2023-12-10,바이오매스,17,917
2023-12-10,바이오매스,18,919
2023-12-10,바이오매스,19,918
2023-12-10,바이오매스,20,920
2023-12-10,바이오매스,21,918
2023-12-10,바이오매스,22,915
2023-12-10,바이오매스,23,916
2023-12-10,바이오매스,24,917
2023-12-10,IGCC,1,267
2023-12-10,IGCC,2,268
2023-12-10,IGCC,3,265
2023-12-10,IGCC,4,265
2023-12-10,IGCC,5,267
2023-12-10,IGCC,6,267
2023-12-10,IGCC,7,267
2023-12-10,IGCC,8,267
2023-12-10,IGCC,9,265
2023-12-10,IGCC,10,263
2023-12-10,IGCC,11,261
2023-12-10,IGCC,12,262
2023-12-10,IGCC,13,264
2023-12-10,IGCC,14,266
2023-12-10,IGCC,15,265
2023-12-10,IGCC,16,265
2023-12-10,IGCC,17,265
2023-12-10,IGCC,18,266
2023-12-10,IGCC,19,266
2023-12-10,IGCC,20,268
2023-12-10,IGCC,21,269
2023-12-10,IGCC,22,267
2023-12-10,IGCC,23,266
2023-12-10,IGCC,24,267
2023-12-10,바이오중유,1,162
2023-12-10,바이오중유,2,162
2023-12-10,바이오중유,3,162
2023-12-10,바이오중유,4,162
2023-12-10,바이오중유,5,162
2023-12-10,바이오중유,6,162
2023-12-10,바이오중유,7,162
2023-12-10,바이오중유,8,162
2023-12-10,바이오중유,9,162
2023-12-10,바이오중유,10,162
2023-12-10,바이오중유,11,162
2023-12-10,바이오중유,12,125
2023-12-10,바이오중유,13,107
2023-12-10,바이오중유,14,135
2023-12-10,바이오중유,15,162
2023-12-10,바이오중유,16,162
2023-12-10,바이오중유,17,162
2023-12-10,바이오중유,18,162
2023-12-10,바이오중유,19,162
2023-12-10,바이오중유,20,163
2023-12-10,바이오중유,21,163
2023-12-10,바이오중유,22,163
2023-12-10,바이오중유,23,163
2023-12-10,바이오중유,24,163
2023-12-10,바이오기타,1,1
2023-12-10,바이오기타,2,1
2023-12-10,바이오기타,3,1
2023-12-10,바이오기타,4,0
2023-12-10,바이오기타,5,0
2023-12-10,바이오기타,6,0
2023-12-10,바이오기타,7,1
2023-12-10,바이오기타,8,1
2023-12-10,바이오기타,9,1
2023-12-10,바이오기타,10,1
2023-12-10,바이오기타,11,1
2023-12-10,바이오기타,12,1
2023-12-10,바이오기타,13,1
2023-12-10,바이오기타,14,1
2023-12-10,바이오기타,15,1
2023-12-10,바이오기타,16,1
2023-12-10,바이오기타,17,0
2023-12-10,바이오기타,18,0
2023-12-10,바이오기타,19,0
2023-12-10,바이오기타,20,0
2023-12-10,바이오기타,21,1
2023-12-10,바이오기타,22,1
2023-12-10,바이오기타,23,1
2023-12-10,바이오기타,24,1
2023-12-10,기타,1,14
2023-12-10,기타,2,14
2023-12-10,기타,3,14
2023-12-10,기타,4,14
2023-12-10,기타,5,14
2023-12-10,기타,6,14
2023-12-10,기타,7,16
2023-12-10,기타,8,16
2023-12-10,기타,9,16
2023-12-10,기타,10,16
2023-12-10,기타,11,15
2023-12-10,기타,12,16
2023-12-10,기타,13,16
2023-12-10,기타,14,15
2023-12-10,기타,15,32
2023-12-10,기타,16,28
2023-12-10,기타,17,29
2023-12-10,기타,18,29
2023-12-10,기타,19,29
2023-12-10,기타,20,29
2023-12-10,기타,21,29
2023-12-10,기타,22,31
2023-12-10,기타,23,31
2023-12-10,기타,24,29
2023-12-11,원자력,1,20720
2023-12-11,원자력,2,20720
2023-12-11,원자력,3,20722
2023-12-11,원자력,4,20723
2023-12-11,원자력,5,20723
2023-12-11,원자력,6,20722
2023-12-11,원자력,7,20721
2023-12-11,원자력,8,20720
2023-12-11,원자력,9,20718
2023-12-11,원자력,10,20713
2023-12-11,원자력,11,20711
2023-12-11,원자력,12,20712
2023-12-11,원자력,13,20713
2023-12-11,원자력,14,20708
2023-12-11,원자력,15,20706
2023-12-11,원자력,16,20707
2023-12-11,원자력,17,20708
2023-12-11,원자력,18,20708
2023-12-11,원자력,19,20709
2023-12-11,원자력,20,20710
2023-12-11,원자력,21,20710
2023-12-11,원자력,22,20709
2023-12-11,원자력,23,20709
2023-12-11,원자력,24,20706
2023-12-11,유연탄,1,18381
2023-12-11,유연탄,2,17496
2023-12-11,유연탄,3,17854
2023-12-11,유연탄,4,17978
2023-12-11,유연탄,5,18233
2023-12-11,유연탄,6,19375
2023-12-11,유연탄,7,20720
2023-12-11,유연탄,8,22350
2023-12-11,유연탄,9,24099
2023-12-11,유연탄,10,25187
2023-12-11,유연탄,11,26196
2023-12-11,유연탄,12,26569
2023-12-11,유연탄,13,26415
2023-12-11,유연탄,14,26714
2023-12-11,유연탄,15,26688
2023-12-11,유연탄,16,26745
2023-12-11,유연탄,17,26692
2023-12-11,유연탄,18,26535
2023-12-11,유연탄,19,26195
2023-12-11,유연탄,20,25950
2023-12-11,유연탄,21,24876
2023-12-11,유연탄,22,24465
2023-12-11,유연탄,23,24595
2023-12-11,유연탄,24,24556
2023-12-11,무연탄,1,167
2023-12-11,무연탄,2,168
2023-12-11,무연탄,3,168
2023-12-11,무연탄,4,168
2023-12-11,무연탄,5,167
2023-12-11,무연탄,6,167
2023-12-11,무연탄,7,167
2023-12-11,무연탄,8,166
2023-12-11,무연탄,9,167
2023-12-11,무연탄,10,167
2023-12-11,무연탄,11,167
2023-12-11,무연탄,12,167
2023-12-11,무연탄,13,167
2023-12-11,무연탄,14,167
2023-12-11,무연탄,15,167
2023-12-11,무연탄,16,167
2023-12-11,무연탄,17,167
2023-12-11,무연탄,18,167
2023-12-11,무연탄,19,168
2023-12-11,무연탄,20,168
2023-12-11,무연탄,21,168
2023-12-11,무연탄,22,167
2023-12-11,무연탄,23,167
2023-12-11,무연탄,24,169
2023-12-11,바이오가스,1,39
2023-12-11,바이오가스,2,38
2023-12-11,바이오가스,3,37
2023-12-11,바이오가스,4,36
2023-12-11,바이오가스,5,38
2023-12-11,바이오가스,6,39
2023-12-11,바이오가스,7,39
2023-12-11,바이오가스,8,38
2023-12-11,바이오가스,9,37
2023-12-11,바이오가스,10,37
2023-12-11,바이오가스,11,36
2023-12-11,바이오가스,12,37
2023-12-11,바이오가스,13,38
2023-12-11,바이오가스,14,39
2023-12-11,바이오가스,15,38
2023-12-11,바이오가스,16,38
2023-12-11,바이오가스,17,40
2023-12-11,바이오가스,18,41
2023-12-11,바이오가스,19,41
2023-12-11,바이오가스,20,39
2023-12-11,바이오가스,21,39
2023-12-11,바이오가스,22,39
2023-12-11,바이오가스,23,38
2023-12-11,바이오가스,24,37
2023-12-11,부생가스,1,48
2023-12-11,부생가스,2,48
2023-12-11,부생가스,3,48
2023-12-11,부생가스,4,47
2023-12-11,부생가스,5,47
2023-12-11,부생가스,6,47
2023-12-11,부생가스,7,47
2023-12-11,부생가스,8,89
2023-12-11,부생가스,9,251
2023-12-11,부생가스,10,253
2023-12-11,부생가스,11,218
2023-12-11,부생가스,12,235
2023-12-11,부생가스,13,213
2023-12-11,부생가스,14,203
2023-12-11,부생가스,15,194
2023-12-11,부생가스,16,273
2023-12-11,부생가스,17,253
2023-12-11,부생가스,18,280
2023-12-11,부생가스,19,307
2023-12-11,부생가스,20,265
2023-12-11,부생가스,21,210
2023-12-11,부생가스,22,160
2023-12-11,부생가스,23,57
2023-12-11,부생가스,24,47
2023-12-11,수력,1,217
2023-12-11,수력,2,215
2023-12-11,수력,3,213
2023-12-11,수력,4,115
2023-12-11,수력,5,116
2023-12-11,수력,6,118
2023-12-11,수력,7,123
2023-12-11,수력,8,166
2023-12-11,수력,9,454
2023-12-11,수력,10,495
2023-12-11,수력,11,610
2023-12-11,수력,12,586
2023-12-11,수력,13,374
2023-12-11,수력,14,409
2023-12-11,수력,15,409
2023-12-11,수력,16,457
2023-12-11,수력,17,446
2023-12-11,수력,18,547
2023-12-11,수력,19,509
2023-12-11,수력,20,462
2023-12-11,수력,21,343
2023-12-11,수력,22,272
2023-12-11,수력,23,252
2023-12-11,수력,24,238
2023-12-11,양수,1,53
2023-12-11,양수,2,0
2023-12-11,양수,3,0
2023-12-11,양수,4,0
2023-12-11,양수,5,0
2023-12-11,양수,6,0
2023-12-11,양수,7,0
2023-12-11,양수,8,0
2023-12-11,양수,9,0
2023-12-11,양수,10,0
2023-12-11,양수,11,0
2023-12-11,양수,12,0
2023-12-11,양수,13,0
2023-12-11,양수,14,380
2023-12-11,양수,15,981
2023-12-11,양수,16,1136
2023-12-11,양수,17,970
2023-12-11,양수,18,898
2023-12-11,양수,19,1012
2023-12-11,양수,20,1084
2023-12-11,양수,21,899
2023-12-11,양수,22,926
2023-12-11,양수,23,974
2023-12-11,양수,24,625
2023-12-11,매립가스,1,13
2023-12-11,매립가스,2,13
2023-12-11,매립가스,3,13
2023-12-11,매립가스,4,13
2023-12-11,매립가스,5,13
2023-12-11,매립가스,6,13
2023-12-11,매립가스,7,13
2023-12-11,매립가스,8,12
2023-12-11,매립가스,9,12
2023-12-11,매립가스,10,12
2023-12-11,매립가스,11,12
2023-12-11,매립가스,12,13
2023-12-11,매립가스,13,13
2023-12-11,매립가스,14,13
2023-12-11,매립가스,15,13
2023-12-11,매립가스,16,13
2023-12-11,매립가스,17,13
2023-12-11,매립가스,18,13
2023-12-11,매립가스,19,13
2023-12-11,매립가스,20,13
2023-12-11,매립가스,21,13
2023-12-11,매립가스,22,13
2023-12-11,매립가스,23,13
2023-12-11,매립가스,24,13
2023-12-11,중유,1,30
2023-12-11,중유,2,30
2023-12-11,중유,3,31
2023-12-11,중유,4,30
2023-12-11,중유,5,30
2023-12-11,중유,6,30
2023-12-11,중유,7,30
2023-12-11,중유,8,31
2023-12-11,중유,9,31
2023-12-11,중유,10,32
2023-12-11,중유,11,33
2023-12-11,중유,12,32
2023-12-11,중유,13,32
2023-12-11,중유,14,31
2023-12-11,중유,15,32
2023-12-11,중유,16,33
2023-12-11,중유,17,33
2023-12-11,중유,18,33
2023-12-11,중유,19,33
2023-12-11,중유,20,33
2023-12-11,중유,21,33
2023-12-11,중유,22,33
2023-12-11,중유,23,33
2023-12-11,중유,24,32
2023-12-11,태양광,1,1
2023-12-11,태양광,2,0
2023-12-11,태양광,3,0
2023-12-11,태양광,4,0
2023-12-11,태양광,5,0
2023-12-11,태양광,6,0
2023-12-11,태양광,7,0
2023-12-11,태양광,8,1
2023-12-11,태양광,9,58
2023-12-11,태양광,10,181
2023-12-11,태양광,11,239
2023-12-11,태양광,12,258
2023-12-11,태양광,13,245
2023-12-11,태양광,14,241
2023-12-11,태양광,15,200
2023-12-11,태양광,16,120
2023-12-11,태양광,17,108
2023-12-11,태양광,18,13
2023-12-11,태양광,19,9
2023-12-11,태양광,20,3
2023-12-11,태양광,21,1
2023-12-11,태양광,22,0
2023-12-11,태양광,23,0
2023-12-11,태양광,24,0
2023-12-11,폐기물,1,138
2023-12-11,폐기물,2,139
2023-12-11,폐기물,3,138
2023-12-11,폐기물,4,140
2023-12-11,폐기물,5,139
2023-12-11,폐기물,6,138
2023-12-11,폐기물,7,136
2023-12-11,폐기물,8,134
2023-12-11,폐기물,9,135
2023-12-11,폐기물,10,132
2023-12-11,폐기물,11,133
2023-12-11,폐기물,12,134
2023-12-11,폐기물,13,132
2023-12-11,폐기물,14,132
2023-12-11,폐기물,15,132
2023-12-11,폐기물,16,126
2023-12-11,폐기물,17,127
2023-12-11,폐기물,18,130
2023-12-11,폐기물,19,132
2023-12-11,폐기물,20,133
2023-12-11,폐기물,21,135
2023-12-11,폐기물,22,136
2023-12-11,폐기물,23,122
2023-12-11,폐기물,24,123
2023-12-11,풍력,1,505
2023-12-11,풍력,2,522
2023-12-11,풍력,3,585
2023-12-11,풍력,4,671
2023-12-11,풍력,5,712
2023-12-11,풍력,6,750
2023-12-11,풍력,7,798
2023-12-11,풍력,8,889
2023-12-11,풍력,9,899
2023-12-11,풍력,10,1034
2023-12-11,풍력,11,1084
2023-12-11,풍력,12,1037
2023-12-11,풍력,13,947
2023-12-11,풍력,14,903
2023-12-11,풍력,15,948
2023-12-11,풍력,16,942
2023-12-11,풍력,17,934
2023-12-11,풍력,18,941
2023-12-11,풍력,19,897
2023-12-11,풍력,20,840
2023-12-11,풍력,21,887
2023-12-11,풍력,22,956
2023-12-11,풍력,23,1013
2023-12-11,풍력,24,1137
2023-12-11,LNG,1,10376
2023-12-11,LNG,2,9516
2023-12-11,LNG,3,8946
2023-12-11,LNG,4,8907
2023-12-11,LNG,5,9304
2023-12-11,LNG,6,10164
2023-12-11,LNG,7,12694
2023-12-11,LNG,8,16069
2023-12-11,LNG,9,20095
2023-12-11,LNG,10,21721
2023-12-11,LNG,11,21428
2023-12-11,LNG,12,21271
2023-12-11,LNG,13,19982
2023-12-11,LNG,14,21767
2023-12-11,LNG,15,21506
2023-12-11,LNG,16,20832
2023-12-11,LNG,17,20337
2023-12-11,LNG,18,19120
2023-12-11,LNG,19,17651
2023-12-11,LNG,20,16559
2023-12-11,LNG,21,15557
2023-12-11,LNG,22,14077
2023-12-11,LNG,23,13668
2023-12-11,LNG,24,13071
2023-12-11,연료전지,1,833
2023-12-11,연료전지,2,833
2023-12-11,연료전지,3,832
2023-12-11,연료전지,4,832
2023-12-11,연료전지,5,832
2023-12-11,연료전지,6,831
2023-12-11,연료전지,7,832
2023-12-11,연료전지,8,831
2023-12-11,연료전지,9,831
2023-12-11,연료전지,10,831
2023-12-11,연료전지,11,831
2023-12-11,연료전지,12,830
2023-12-11,연료전지,13,830
2023-12-11,연료전지,14,830
2023-12-11,연료전지,15,831
2023-12-11,연료전지,16,832
2023-12-11,연료전지,17,831
2023-12-11,연료전지,18,832
2023-12-11,연료전지,19,833
2023-12-11,연료전지,20,834
2023-12-11,연료전지,21,835
2023-12-11,연료전지,22,836
2023-12-11,연료전지,23,836
2023-12-11,연료전지,24,837
2023-12-11,경유,1,0
2023-12-11,경유,2,0
2023-12-11,경유,3,0
2023-12-11,경유,4,0
2023-12-11,경유,5,0
2023-12-11,경유,6,0
2023-12-11,경유,7,0
2023-12-11,경유,8,0
2023-12-11,경유,9,0
2023-12-11,경유,10,0
2023-12-11,경유,11,0
2023-12-11,경유,12,0
2023-12-11,경유,13,0
2023-12-11,경유,14,0
2023-12-11,경유,15,0
2023-12-11,경유,16,0
2023-12-11,경유,17,0
2023-12-11,경유,18,0
2023-12-11,경유,19,0
2023-12-11,경유,20,0
2023-12-11,경유,21,0
2023-12-11,경유,22,0
2023-12-11,경유,23,0
2023-12-11,경유,24,0
2023-12-11,해양에너지,1,0
2023-12-11,해양에너지,2,90
2023-12-11,해양에너지,3,121
2023-12-11,해양에너지,4,116
2023-12-11,해양에너지,5,83
2023-12-11,해양에너지,6,20
2023-12-11,해양에너지,7,0
2023-12-11,해양에너지,8,0
2023-12-11,해양에너지,9,0
2023-12-11,해양에너지,10,0
2023-12-11,해양에너지,11,0
2023-12-11,해양에너지,12,0
2023-12-11,해양에너지,13,19
2023-12-11,해양에너지,14,132
2023-12-11,해양에너지,15,172
2023-12-11,해양에너지,16,183
2023-12-11,해양에너지,17,162
2023-12-11,해양에너지,18,111
2023-12-11,해양에너지,19,37
2023-12-11,해양에너지,20,0
2023-12-11,해양에너지,21,0
2023-12-11,해양에너지,22,0
2023-12-11,해양에너지,23,0
2023-12-11,해양에너지,24,0
2023-12-11,바이오매스,1,918
2023-12-11,바이오매스,2,919
2023-12-11,바이오매스,3,917
2023-12-11,바이오매스,4,920
2023-12-11,바이오매스,5,914
2023-12-11,바이오매스,6,912
2023-12-11,바이오매스,7,913
2023-12-11,바이오매스,8,913
2023-12-11,바이오매스,9,912
2023-12-11,바이오매스,10,915
2023-12-11,바이오매스,11,913
2023-12-11,바이오매스,12,911
2023-12-11,바이오매스,13,914
2023-12-11,바이오매스,14,912
2023-12-11,바이오매스,15,911
2023-12-11,바이오매스,16,910
2023-12-11,바이오매스,17,907
2023-12-11,바이오매스,18,906
2023-12-11,바이오매스,19,907
2023-12-11,바이오매스,20,905
2023-12-11,바이오매스,21,906
2023-12-11,바이오매스,22,904
2023-12-11,바이오매스,23,906
2023-12-11,바이오매스,24,906
2023-12-11,IGCC,1,268
2023-12-11,IGCC,2,267
2023-12-11,IGCC,3,265
2023-12-11,IGCC,4,264
2023-12-11,IGCC,5,265
2023-12-11,IGCC,6,264
2023-12-11,IGCC,7,263
2023-12-11,IGCC,8,264
2023-12-11,IGCC,9,265
2023-12-11,IGCC,10,266
2023-12-11,IGCC,11,267
2023-12-11,IGCC,12,269
2023-12-11,IGCC,13,270
2023-12-11,IGCC,14,269
2023-12-11,IGCC,15,266
2023-12-11,IGCC,16,265
2023-12-11,IGCC,17,263
2023-12-11,IGCC,18,264
2023-12-11,IGCC,19,262
2023-12-11,IGCC,20,262
2023-12-11,IGCC,21,262
2023-12-11,IGCC,22,260
2023-12-11,IGCC,23,257
2023-12-11,IGCC,24,258
2023-12-11,바이오중유,1,163
2023-12-11,바이오중유,2,163
2023-12-11,바이오중유,3,163
2023-12-11,바이오중유,4,163
2023-12-11,바이오중유,5,163
2023-12-11,바이오중유,6,163
2023-12-11,바이오중유,7,163
2023-12-11,바이오중유,8,163
2023-12-11,바이오중유,9,163
2023-12-11,바이오중유,10,163
2023-12-11,바이오중유,11,163
2023-12-11,바이오중유,12,163
2023-12-11,바이오중유,13,163
2023-12-11,바이오중유,14,163
2023-12-11,바이오중유,15,162
2023-12-11,바이오중유,16,162
2023-12-11,바이오중유,17,162
2023-12-11,바이오중유,18,162
2023-12-11,바이오중유,19,162
2023-12-11,바이오중유,20,162
2023-12-11,바이오중유,21,163
2023-12-11,바이오중유,22,163
2023-12-11,바이오중유,23,163
2023-12-11,바이오중유,24,163
2023-12-11,바이오기타,1,1
2023-12-11,바이오기타,2,1
2023-12-11,바이오기타,3,1
2023-12-11,바이오기타,4,1
2023-12-11,바이오기타,5,1
2023-12-11,바이오기타,6,1
2023-12-11,바이오기타,7,2
2023-12-11,바이오기타,8,2
2023-12-11,바이오기타,9,2
2023-12-11,바이오기타,10,2
2023-12-11,바이오기타,11,4
2023-12-11,바이오기타,12,4
2023-12-11,바이오기타,13,4
2023-12-11,바이오기타,14,4
2023-12-11,바이오기타,15,4
2023-12-11,바이오기타,16,3
2023-12-11,바이오기타,17,2
2023-12-11,바이오기타,18,1
2023-12-11,바이오기타,19,2
2023-12-11,바이오기타,20,2
2023-12-11,바이오기타,21,2
2023-12-11,바이오기타,22,2
2023-12-11,바이오기타,23,2
2023-12-11,바이오기타,24,2
2023-12-11,기타,1,27
2023-12-11,기타,2,26
2023-12-11,기타,3,26
2023-12-11,기타,4,28
2023-12-11,기타,5,30
2023-12-11,기타,6,29
2023-12-11,기타,7,28
2023-12-11,기타,8,29
2023-12-11,기타,9,26
2023-12-11,기타,10,26
2023-12-11,기타,11,26
2023-12-11,기타,12,26
2023-12-11,기타,13,26
2023-12-11,기타,14,28
2023-12-11,기타,15,28
2023-12-11,기타,16,29
2023-12-11,기타,17,29
2023-12-11,기타,18,29
2023-12-11,기타,19,27
2023-12-11,기타,20,27
2023-12-11,기타,21,28
2023-12-11,기타,22,27
2023-12-11,기타,23,27
2023-12-11,기타,24,27
2023-12-12,원자력,1,20706
2023-12-12,원자력,2,20706
2023-12-12,원자력,3,20706
2023-12-12,원자력,4,20707
2023-12-12,원자력,5,20707
2023-12-12,원자력,6,20707
2023-12-12,원자력,7,20706
2023-12-12,원자력,8,20707
2023-12-12,원자력,9,20705
2023-12-12,원자력,10,20704
2023-12-12,원자력,11,20718
2023-12-12,원자력,12,20720
2023-12-12,원자력,13,20679
2023-12-12,원자력,14,20661
2023-12-12,원자력,15,20689
2023-12-12,원자력,16,20704
2023-12-12,원자력,17,20707
2023-12-12,원자력,18,20710
2023-12-12,원자력,19,20710
2023-12-12,원자력,20,20709
2023-12-12,원자력,21,20709
2023-12-12,원자력,22,20709
2023-12-12,원자력,23,20710
2023-12-12,원자력,24,20706
2023-12-12,유연탄,1,23672
2023-12-12,유연탄,2,23210
2023-12-12,유연탄,3,23134
2023-12-12,유연탄,4,23165
2023-12-12,유연탄,5,23451
2023-12-12,유연탄,6,23282
2023-12-12,유연탄,7,23219
2023-12-12,유연탄,8,23315
2023-12-12,유연탄,9,23459
2023-12-12,유연탄,10,23325
2023-12-12,유연탄,11,23534
2023-12-12,유연탄,12,23374
2023-12-12,유연탄,13,22821
2023-12-12,유연탄,14,23102
2023-12-12,유연탄,15,23221
2023-12-12,유연탄,16,23508
2023-12-12,유연탄,17,23681
2023-12-12,유연탄,18,23633
2023-12-12,유연탄,19,23572
2023-12-12,유연탄,20,23595
2023-12-12,유연탄,21,23622
2023-12-12,유연탄,22,23495
2023-12-12,유연탄,23,23586
2023-12-12,유연탄,24,23722
2023-12-12,무연탄,1,169
2023-12-12,무연탄,2,168
2023-12-12,무연탄,3,168
2023-12-12,무연탄,4,168
2023-12-12,무연탄,5,168
2023-12-12,무연탄,6,167
2023-12-12,무연탄,7,167
2023-12-12,무연탄,8,167
2023-12-12,무연탄,9,167
2023-12-12,무연탄,10,166
2023-12-12,무연탄,11,167
2023-12-12,무연탄,12,167
2023-12-12,무연탄,13,167
2023-12-12,무연탄,14,167
2023-12-12,무연탄,15,168
2023-12-12,무연탄,16,167
2023-12-12,무연탄,17,168
2023-12-12,무연탄,18,167
2023-12-12,무연탄,19,166
2023-12-12,무연탄,20,166
2023-12-12,무연탄,21,167
2023-12-12,무연탄,22,166
2023-12-12,무연탄,23,166
2023-12-12,무연탄,24,167
2023-12-12,바이오가스,1,36
2023-12-12,바이오가스,2,37
2023-12-12,바이오가스,3,37
2023-12-12,바이오가스,4,36
2023-12-12,바이오가스,5,36
2023-12-12,바이오가스,6,35
2023-12-12,바이오가스,7,36
2023-12-12,바이오가스,8,37
2023-12-12,바이오가스,9,36
2023-12-12,바이오가스,10,35
2023-12-12,바이오가스,11,36
2023-12-12,바이오가스,12,37
2023-12-12,바이오가스,13,35
2023-12-12,바이오가스,14,35
2023-12-12,바이오가스,15,36
2023-12-12,바이오가스,16,35
2023-12-12,바이오가스,17,35
2023-12-12,바이오가스,18,37
2023-12-12,바이오가스,19,38
2023-12-12,바이오가스,20,37
2023-12-12,바이오가스,21,38
2023-12-12,바이오가스,22,39
2023-12-12,바이오가스,23,39
2023-12-12,바이오가스,24,38
2023-12-12,부생가스,1,47
2023-12-12,부생가스,2,47
2023-12-12,부생가스,3,48
2023-12-12,부생가스,4,48
2023-12-12,부생가스,5,48
2023-12-12,부생가스,6,48
2023-12-12,부생가스,7,48
2023-12-12,부생가스,8,80
2023-12-12,부생가스,9,204
2023-12-12,부생가스,10,200
2023-12-12,부생가스,11,227
2023-12-12,부생가스,12,257
2023-12-12,부생가스,13,285
2023-12-12,부생가스,14,397
2023-12-12,부생가스,15,417
2023-12-12,부생가스,16,475
2023-12-12,부생가스,17,400
2023-12-12,부생가스,18,366
2023-12-12,부생가스,19,230
2023-12-12,부생가스,20,176
2023-12-12,부생가스,21,175
2023-12-12,부생가스,22,230
2023-12-12,부생가스,23,90
2023-12-12,부생가스,24,52
2023-12-12,수력,1,242
2023-12-12,수력,2,250
2023-12-12,수력,3,250
2023-12-12,수력,4,230
2023-12-12,수력,5,249
2023-12-12,수력,6,246
2023-12-12,수력,7,251
2023-12-12,수력,8,277
2023-12-12,수력,9,502
2023-12-12,수력,10,534
2023-12-12,수력,11,576
2023-12-12,수력,12,480
2023-12-12,수력,13,368
2023-12-12,수력,14,381
2023-12-12,수력,15,352
2023-12-12,수력,16,376
2023-12-12,수력,17,448
2023-12-12,수력,18,517
2023-12-12,수력,19,538
2023-12-12,수력,20,440
2023-12-12,수력,21,397
2023-12-12,수력,22,400
2023-12-12,수력,23,336
2023-12-12,수력,24,290
2023-12-12,양수,1,220
2023-12-12,양수,2,0
2023-12-12,양수,3,0
2023-12-12,양수,4,0
2023-12-12,양수,5,0
2023-12-12,양수,6,0
2023-12-12,양수,7,143
2023-12-12,양수,8,6
2023-12-12,양수,9,0
2023-12-12,양수,10,670
2023-12-12,양수,11,689
2023-12-12,양수,12,665
2023-12-12,양수,13,0
2023-12-12,양수,14,610
2023-12-12,양수,15,381
2023-12-12,양수,16,0
2023-12-12,양수,17,0
2023-12-12,양수,18,399
2023-12-12,양수,19,1345
2023-12-12,양수,20,933
2023-12-12,양수,21,706
2023-12-12,양수,22,391
2023-12-12,양수,23,383
2023-12-12,양수,24,1219
2023-12-12,매립가스,1,13
2023-12-12,매립가스,2,13
2023-12-12,매립가스,3,13
2023-12-12,매립가스,4,13
2023-12-12,매립가스,5,13
2023-12-12,매립가스,6,13
2023-12-12,매립가스,7,13
2023-12-12,매립가스,8,13
2023-12-12,매립가스,9,13
2023-12-12,매립가스,10,13
2023-12-12,매립가스,11,13
2023-12-12,매립가스,12,13
2023-12-12,매립가스,13,13
2023-12-12,매립가스,14,13
2023-12-12,매립가스,15,13
2023-12-12,매립가스,16,13
2023-12-12,매립가스,17,13
2023-12-12,매립가스,18,13
2023-12-12,매립가스,19,13
2023-12-12,매립가스,20,13
2023-12-12,매립가스,21,13
2023-12-12,매립가스,22,13
2023-12-12,매립가스,23,13
2023-12-12,매립가스,24,13
2023-12-12,중유,1,30
2023-12-12,중유,2,28
2023-12-12,중유,3,28
2023-12-12,중유,4,28
2023-12-12,중유,5,31
2023-12-12,중유,6,31
2023-12-12,중유,7,31
2023-12-12,중유,8,32
2023-12-12,중유,9,31
2023-12-12,중유,10,31
2023-12-12,중유,11,29
2023-12-12,중유,12,30
2023-12-12,중유,13,32
2023-12-12,중유,14,31
2023-12-12,중유,15,31
2023-12-12,중유,16,32
2023-12-12,중유,17,32
2023-12-12,중유,18,32
2023-12-12,중유,19,32
2023-12-12,중유,20,32
2023-12-12,중유,21,32
2023-12-12,중유,22,31
2023-12-12,중유,23,32
2023-12-12,중유,24,31
2023-12-12,태양광,1,0
2023-12-12,태양광,2,0
2023-12-12,태양광,3,0
2023-12-12,태양광,4,0
2023-12-12,태양광,5,0
2023-12-12,태양광,6,0
2023-12-12,태양광,7,0
2023-12-12,태양광,8,2
2023-12-12,태양광,9,140
2023-12-12,태양광,10,458
2023-12-12,태양광,11,733
2023-12-12,태양광,12,872
2023-12-12,태양광,13,889
2023-12-12,태양광,14,1011
2023-12-12,태양광,15,1054
2023-12-12,태양광,16,820
2023-12-12,태양광,17,608
2023-12-12,태양광,18,184
2023-12-12,태양광,19,102
2023-12-12,태양광,20,49
2023-12-12,태양광,21,24
2023-12-12,태양광,22,7
2023-12-12,태양광,23,1
2023-12-12,태양광,24,1
2023-12-12,폐기물,1,122
2023-12-12,폐기물,2,122
2023-12-12,폐기물,3,123
2023-12-12,폐기물,4,124
2023-12-12,폐기물,5,123
2023-12-12,폐기물,6,126
2023-12-12,폐기물,7,123
2023-12-12,폐기물,8,119
2023-12-12,폐기물,9,116
2023-12-12,폐기물,10,113
2023-12-12,폐기물,11,106
2023-12-12,폐기물,12,105
2023-12-12,폐기물,13,110
2023-12-12,폐기물,14,111
2023-12-12,폐기물,15,108
2023-12-12,폐기물,16,102
2023-12-12,폐기물,17,98
2023-12-12,폐기물,18,97
2023-12-12,폐기물,19,101
2023-12-12,폐기물,20,102
2023-12-12,폐기물,21,102
2023-12-12,폐기물,22,104
2023-12-12,폐기물,23,104
2023-12-12,폐기물,24,109
2023-12-12,풍력,1,1106
2023-12-12,풍력,2,1080
2023-12-12,풍력,3,1057
2023-12-12,풍력,4,1038
2023-12-12,풍력,5,965
2023-12-12,풍력,6,881
2023-12-12,풍력,7,839
2023-12-12,풍력,8,720
2023-12-12,풍력,9,728
2023-12-12,풍력,10,718
2023-12-12,풍력,11,634
2023-12-12,풍력,12,551
2023-12-12,풍력,13,488
2023-12-12,풍력,14,422
2023-12-12,풍력,15,361
2023-12-12,풍력,16,345
2023-12-12,풍력,17,345
2023-12-12,풍력,18,277
2023-12-12,풍력,19,228
2023-12-12,풍력,20,176
2023-12-12,풍력,21,147
2023-12-12,풍력,22,129
2023-12-12,풍력,23,117
2023-12-12,풍력,24,106
2023-12-12,LNG,1,10790
2023-12-12,LNG,2,9052
2023-12-12,LNG,3,8699
2023-12-12,LNG,4,8748
2023-12-12,LNG,5,9095
2023-12-12,LNG,6,9890
2023-12-12,LNG,7,13212
2023-12-12,LNG,8,18147
2023-12-12,LNG,9,23809
2023-12-12,LNG,10,25081
2023-12-12,LNG,11,24506
2023-12-12,LNG,12,23803
2023-12-12,LNG,13,22276
2023-12-12,LNG,14,23232
2023-12-12,LNG,15,22663
2023-12-12,LNG,16,22815
2023-12-12,LNG,17,23691
2023-12-12,LNG,18,23775
2023-12-12,LNG,19,21900
2023-12-12,LNG,20,21054
2023-12-12,LNG,21,19246
2023-12-12,LNG,22,17659
2023-12-12,LNG,23,17603
2023-12-12,LNG,24,15931
2023-12-12,연료전지,1,837
2023-12-12,연료전지,2,836
2023-12-12,연료전지,3,836
2023-12-12,연료전지,4,836
2023-12-12,연료전지,5,835
2023-12-12,연료전지,6,835
2023-12-12,연료전지,7,835
2023-12-12,연료전지,8,834
2023-12-12,연료전지,9,832
2023-12-12,연료전지,10,832
2023-12-12,연료전지,11,832
2023-12-12,연료전지,12,832
2023-12-12,연료전지,13,831
2023-12-12,연료전지,14,831
2023-12-12,연료전지,15,831
2023-12-12,연료전지,16,832
2023-12-12,연료전지,17,832
2023-12-12,연료전지,18,833
2023-12-12,연료전지,19,834
2023-12-12,연료전지,20,834
2023-12-12,연료전지,21,834
2023-12-12,연료전지,22,834
2023-12-12,연료전지,23,834
2023-12-12,연료전지,24,835
2023-12-12,경유,1,0
2023-12-12,경유,2,0
2023-12-12,경유,3,0
2023-12-12,경유,4,0
2023-12-12,경유,5,0
2023-12-12,경유,6,0
2023-12-12,경유,7,0
2023-12-12,경유,8,0
2023-12-12,경유,9,0
2023-12-12,경유,10,0
2023-12-12,경유,11,0
2023-12-12,경유,12,0
2023-12-12,경유,13,0
2023-12-12,경유,14,0
2023-12-12,경유,15,0
2023-12-12,경유,16,0
2023-12-12,경유,17,0
2023-12-12,경유,18,0
2023-12-12,경유,19,0
2023-12-12,경유,20,0
2023-12-12,경유,21,0
2023-12-12,경유,22,0
2023-12-12,경유,23,0
2023-12-12,경유,24,0
2023-12-12,해양에너지,1,0
2023-12-12,해양에너지,2,56
2023-12-12,해양에너지,3,106
2023-12-12,해양에너지,4,119
2023-12-12,해양에너지,5,99
2023-12-12,해양에너지,6,53
2023-12-12,해양에너지,7,6
2023-12-12,해양에너지,8,0
2023-12-12,해양에너지,9,0
2023-12-12,해양에너지,10,0
2023-12-12,해양에너지,11,0
2023-12-12,해양에너지,12,0
2023-12-12,해양에너지,13,2
2023-12-12,해양에너지,14,113
2023-12-12,해양에너지,15,173
2023-12-12,해양에너지,16,207
2023-12-12,해양에너지,17,206
2023-12-12,해양에너지,18,166
2023-12-12,해양에너지,19,97
2023-12-12,해양에너지,20,29
2023-12-12,해양에너지,21,0
2023-12-12,해양에너지,22,0
2023-12-12,해양에너지,23,0
2023-12-12,해양에너지,24,0
2023-12-12,바이오매스,1,909
2023-12-12,바이오매스,2,910
2023-12-12,바이오매스,3,908
2023-12-12,바이오매스,4,908
2023-12-12,바이오매스,5,906
2023-12-12,바이오매스,6,905
2023-12-12,바이오매스,7,902
2023-12-12,바이오매스,8,909
2023-12-12,바이오매스,9,910
2023-12-12,바이오매스,10,913
2023-12-12,바이오매스,11,914
2023-12-12,바이오매스,12,914
2023-12-12,바이오매스,13,914
2023-12-12,바이오매스,14,912
2023-12-12,바이오매스,15,913
2023-12-12,바이오매스,16,905
2023-12-12,바이오매스,17,907
2023-12-12,바이오매스,18,912
2023-12-12,바이오매스,19,912
2023-12-12,바이오매스,20,915
2023-12-12,바이오매스,21,916
2023-12-12,바이오매스,22,913
2023-12-12,바이오매스,23,916
2023-12-12,바이오매스,24,916
2023-12-12,IGCC,1,259
2023-12-12,IGCC,2,260
2023-12-12,IGCC,3,258
2023-12-12,IGCC,4,263
2023-12-12,IGCC,5,264
2023-12-12,IGCC,6,265
2023-12-12,IGCC,7,265
2023-12-12,IGCC,8,267
2023-12-12,IGCC,9,267
2023-12-12,IGCC,10,276
2023-12-12,IGCC,11,225
2023-12-12,IGCC,12,257
2023-12-12,IGCC,13,249
2023-12-12,IGCC,14,273
2023-12-12,IGCC,15,269
2023-12-12,IGCC,16,271
2023-12-12,IGCC,17,270
2023-12-12,IGCC,18,267
2023-12-12,IGCC,19,266
2023-12-12,IGCC,20,267
2023-12-12,IGCC,21,269
2023-12-12,IGCC,22,269
2023-12-12,IGCC,23,269
2023-12-12,IGCC,24,269
2023-12-12,바이오중유,1,163
2023-12-12,바이오중유,2,159
2023-12-12,바이오중유,3,143
2023-12-12,바이오중유,4,143
2023-12-12,바이오중유,5,143
2023-12-12,바이오중유,6,149
2023-12-12,바이오중유,7,162
2023-12-12,바이오중유,8,162
2023-12-12,바이오중유,9,162
2023-12-12,바이오중유,10,163
2023-12-12,바이오중유,11,164
2023-12-12,바이오중유,12,163
2023-12-12,바이오중유,13,156
2023-12-12,바이오중유,14,149
2023-12-12,바이오중유,15,176
2023-12-12,바이오중유,16,182
2023-12-12,바이오중유,17,193
2023-12-12,바이오중유,18,195
2023-12-12,바이오중유,19,201
2023-12-12,바이오중유,20,172
2023-12-12,바이오중유,21,163
2023-12-12,바이오중유,22,163
2023-12-12,바이오중유,23,163
2023-12-12,바이오중유,24,163
2023-12-12,바이오기타,1,2
2023-12-12,바이오기타,2,2
2023-12-12,바이오기타,3,2
2023-12-12,바이오기타,4,3
2023-12-12,바이오기타,5,3
2023-12-12,바이오기타,6,3
2023-12-12,바이오기타,7,3
2023-12-12,바이오기타,8,3
2023-12-12,바이오기타,9,3
2023-12-12,바이오기타,10,3
2023-12-12,바이오기타,11,3
2023-12-12,바이오기타,12,3
2023-12-12,바이오기타,13,2
2023-12-12,바이오기타,14,2
2023-12-12,바이오기타,15,2
2023-12-12,바이오기타,16,2
2023-12-12,바이오기타,17,2
2023-12-12,바이오기타,18,3
2023-12-12,바이오기타,19,3
2023-12-12,바이오기타,20,3
2023-12-12,바이오기타,21,3
2023-12-12,바이오기타,22,3
2023-12-12,바이오기타,23,3
2023-12-12,바이오기타,24,3
2023-12-12,기타,1,27
2023-12-12,기타,2,27
2023-12-12,기타,3,27
2023-12-12,기타,4,28
2023-12-12,기타,5,27
2023-12-12,기타,6,26
2023-12-12,기타,7,26
2023-12-12,기타,8,27
2023-12-12,기타,9,30
2023-12-12,기타,10,27
2023-12-12,기타,11,27
2023-12-12,기타,12,27
2023-12-12,기타,13,26
2023-12-12,기타,14,26
2023-12-12,기타,15,28
2023-12-12,기타,16,28
2023-12-12,기타,17,28
2023-12-12,기타,18,29
2023-12-12,기타,19,30
2023-12-12,기타,20,29
2023-12-12,기타,21,31
2023-12-12,기타,22,29
2023-12-12,기타,23,28
2023-12-12,기타,24,28
2023-12-13,원자력,1,20706
2023-12-13,원자력,2,20705
2023-12-13,원자력,3,20705
2023-12-13,원자력,4,20707
2023-12-13,원자력,5,20707
2023-12-13,원자력,6,20707
2023-12-13,원자력,7,20705
2023-12-13,원자력,8,20705
2023-12-13,원자력,9,20705
2023-12-13,원자력,10,20703
2023-12-13,원자력,11,20710
2023-12-13,원자력,12,20716
2023-12-13,원자력,13,20713
2023-12-13,원자력,14,20712
2023-12-13,원자력,15,20714
2023-12-13,원자력,16,20715
2023-12-13,원자력,17,20714
2023-12-13,원자력,18,20714
2023-12-13,원자력,19,20714
2023-12-13,원자력,20,20715
2023-12-13,원자력,21,20714
2023-12-13,원자력,22,20714
2023-12-13,원자력,23,20713
2023-12-13,원자력,24,20711
2023-12-13,유연탄,1,23832
2023-12-13,유연탄,2,23632
2023-12-13,유연탄,3,23623
2023-12-13,유연탄,4,23561
2023-12-13,유연탄,5,23625
2023-12-13,유연탄,6,23493
2023-12-13,유연탄,7,23139
2023-12-13,유연탄,8,23643
2023-12-13,유연탄,9,23426
2023-12-13,유연탄,10,21859
2023-12-13,유연탄,11,20214
2023-12-13,유연탄,12,19594
2023-12-13,유연탄,13,19006
2023-12-13,유연탄,14,19263
2023-12-13,유연탄,15,20644
2023-12-13,유연탄,16,21279
2023-12-13,유연탄,17,21327
2023-12-13,유연탄,18,21270
2023-12-13,유연탄,19,21209
2023-12-13,유연탄,20,21184
2023-12-13,유연탄,21,21143
2023-12-13,유연탄,22,20981
2023-12-13,유연탄,23,21191
2023-12-13,유연탄,24,21247
2023-12-13,무연탄,1,168
2023-12-13,무연탄,2,168
2023-12-13,무연탄,3,168
2023-12-13,무연탄,4,167
2023-12-13,무연탄,5,167
2023-12-13,무연탄,6,166
2023-12-13,무연탄,7,167
2023-12-13,무연탄,8,166
2023-12-13,무연탄,9,166
2023-12-13,무연탄,10,167
2023-12-13,무연탄,11,167
2023-12-13,무연탄,12,168
2023-12-13,무연탄,13,167
2023-12-13,무연탄,14,167
2023-12-13,무연탄,15,167
2023-12-13,무연탄,16,168
2023-12-13,무연탄,17,167
2023-12-13,무연탄,18,167
2023-12-13,무연탄,19,166
2023-12-13,무연탄,20,166
2023-12-13,무연탄,21,166
2023-12-13,무연탄,22,166
2023-12-13,무연탄,23,167
2023-12-13,무연탄,24,167
2023-12-13,바이오가스,1,38
2023-12-13,바이오가스,2,38
2023-12-13,바이오가스,3,39
2023-12-13,바이오가스,4,40
2023-12-13,바이오가스,5,40
2023-12-13,바이오가스,6,39
2023-12-13,바이오가스,7,40
2023-12-13,바이오가스,8,39
2023-12-13,바이오가스,9,40
2023-12-13,바이오가스,10,39
2023-12-13,바이오가스,11,40
2023-12-13,바이오가스,12,40
2023-12-13,바이오가스,13,38
2023-12-13,바이오가스,14,37
2023-12-13,바이오가스,15,35
2023-12-13,바이오가스,16,36
2023-12-13,바이오가스,17,36
2023-12-13,바이오가스,18,36
2023-12-13,바이오가스,19,36
2023-12-13,바이오가스,20,36
2023-12-13,바이오가스,21,36
2023-12-13,바이오가스,22,37
2023-12-13,바이오가스,23,37
2023-12-13,바이오가스,24,38
2023-12-13,부생가스,1,52
2023-12-13,부생가스,2,52
2023-12-13,부생가스,3,52
2023-12-13,부생가스,4,53
2023-12-13,부생가스,5,52
2023-12-13,부생가스,6,52
2023-12-13,부생가스,7,53
2023-12-13,부생가스,8,53
2023-12-13,부생가스,9,57
2023-12-13,부생가스,10,97
2023-12-13,부생가스,11,293
2023-12-13,부생가스,12,316
2023-12-13,부생가스,13,275
2023-12-13,부생가스,14,254
2023-12-13,부생가스,15,272
2023-12-13,부생가스,16,286
2023-12-13,부생가스,17,265
2023-12-13,부생가스,18,253
2023-12-13,부생가스,19,187
2023-12-13,부생가스,20,149
2023-12-13,부생가스,21,133
2023-12-13,부생가스,22,59
2023-12-13,부생가스,23,52
2023-12-13,부생가스,24,51
2023-12-13,수력,1,304
2023-12-13,수력,2,302
2023-12-13,수력,3,293
2023-12-13,수력,4,293
2023-12-13,수력,5,284
2023-12-13,수력,6,296
2023-12-13,수력,7,327
2023-12-13,수력,8,350
2023-12-13,수력,9,495
2023-12-13,수력,10,449
2023-12-13,수력,11,347
2023-12-13,수력,12,360
2023-12-13,수력,13,292
2023-12-13,수력,14,320
2023-12-13,수력,15,353
2023-12-13,수력,16,415
2023-12-13,수력,17,462
2023-12-13,수력,18,476
2023-12-13,수력,19,461
2023-12-13,수력,20,386
2023-12-13,수력,21,374
2023-12-13,수력,22,363
2023-12-13,수력,23,306
2023-12-13,수력,24,277
2023-12-13,양수,1,489
2023-12-13,양수,2,3
2023-12-13,양수,3,0
2023-12-13,양수,4,0
2023-12-13,양수,5,0
2023-12-13,양수,6,0
2023-12-13,양수,7,0
2023-12-13,양수,8,0
2023-12-13,양수,9,300
2023-12-13,양수,10,748
2023-12-13,양수,11,191
2023-12-13,양수,12,0
2023-12-13,양수,13,0
2023-12-13,양수,14,0
2023-12-13,양수,15,0
2023-12-13,양수,16,0
2023-12-13,양수,17,0
2023-12-13,양수,18,86
2023-12-13,양수,19,399
2023-12-13,양수,20,396
2023-12-13,양수,21,394
2023-12-13,양수,22,377
2023-12-13,양수,23,370
2023-12-13,양수,24,392
2023-12-13,매립가스,1,13
2023-12-13,매립가스,2,13
2023-12-13,매립가스,3,13
2023-12-13,매립가스,4,13
2023-12-13,매립가스,5,13
2023-12-13,매립가스,6,13
2023-12-13,매립가스,7,13
2023-12-13,매립가스,8,13
2023-12-13,매립가스,9,13
2023-12-13,매립가스,10,13
2023-12-13,매립가스,11,13
2023-12-13,매립가스,12,13
2023-12-13,매립가스,13,13
2023-12-13,매립가스,14,13
2023-12-13,매립가스,15,13
2023-12-13,매립가스,16,13
2023-12-13,매립가스,17,13
2023-12-13,매립가스,18,13
2023-12-13,매립가스,19,13
2023-12-13,매립가스,20,13
2023-12-13,매립가스,21,13
2023-12-13,매립가스,22,13
2023-12-13,매립가스,23,13
2023-12-13,매립가스,24,13
2023-12-13,중유,1,32
2023-12-13,중유,2,32
2023-12-13,중유,3,32
2023-12-13,중유,4,31
2023-12-13,중유,5,30
2023-12-13,중유,6,30
2023-12-13,중유,7,31
2023-12-13,중유,8,31
2023-12-13,중유,9,31
2023-12-13,중유,10,31
2023-12-13,중유,11,32
2023-12-13,중유,12,32
2023-12-13,중유,13,32
2023-12-13,중유,14,31
2023-12-13,중유,15,31
2023-12-13,중유,16,10
2023-12-13,중유,17,9
2023-12-13,중유,18,9
2023-12-13,중유,19,9
2023-12-13,중유,20,12
2023-12-13,중유,21,20
2023-12-13,중유,22,26
2023-12-13,중유,23,31
2023-12-13,중유,24,30
2023-12-13,태양광,1,0
2023-12-13,태양광,2,0
2023-12-13,태양광,3,0
2023-12-13,태양광,4,0
2023-12-13,태양광,5,0
2023-12-13,태양광,6,0
2023-12-13,태양광,7,0
2023-12-13,태양광,8,15
2023-12-13,태양광,9,435
2023-12-13,태양광,10,1374
2023-12-13,태양광,11,2295
2023-12-13,태양광,12,2678
2023-12-13,태양광,13,2932
2023-12-13,태양광,14,2673
2023-12-13,태양광,15,1838
2023-12-13,태양광,16,1140
2023-12-13,태양광,17,990
2023-12-13,태양광,18,804
2023-12-13,태양광,19,708
2023-12-13,태양광,20,389
2023-12-13,태양광,21,171
2023-12-13,태양광,22,76
2023-12-13,태양광,23,24
2023-12-13,태양광,24,5
2023-12-13,폐기물,1,112
2023-12-13,폐기물,2,119
2023-12-13,폐기물,3,120
2023-12-13,폐기물,4,122
2023-12-13,폐기물,5,123
2023-12-13,폐기물,6,123
2023-12-13,폐기물,7,121
2023-12-13,폐기물,8,119
2023-12-13,폐기물,9,115
2023-12-13,폐기물,10,112
2023-12-13,폐기물,11,118
2023-12-13,폐기물,12,119
2023-12-13,폐기물,13,121
2023-12-13,폐기물,14,121
2023-12-13,폐기물,15,124
2023-12-13,폐기물,16,121
2023-12-13,폐기물,17,121
2023-12-13,폐기물,18,123
2023-12-13,폐기물,19,123
2023-12-13,폐기물,20,122
2023-12-13,폐기물,21,117
2023-12-13,폐기물,22,115
2023-12-13,폐기물,23,118
2023-12-13,폐기물,24,121
2023-12-13,풍력,1,101
2023-12-13,풍력,2,113
2023-12-13,풍력,3,119
2023-12-13,풍력,4,136
2023-12-13,풍력,5,171
2023-12-13,풍력,6,199
2023-12-13,풍력,7,181
2023-12-13,풍력,8,165
2023-12-13,풍력,9,136
2023-12-13,풍력,10,127
2023-12-13,풍력,11,91
2023-12-13,풍력,12,70
2023-12-13,풍력,13,57
2023-12-13,풍력,14,68
2023-12-13,풍력,15,66
2023-12-13,풍력,16,75
2023-12-13,풍력,17,63
2023-12-13,풍력,18,99
2023-12-13,풍력,19,171
2023-12-13,풍력,20,218
2023-12-13,풍력,21,290
2023-12-13,풍력,22,282
2023-12-13,풍력,23,297
2023-12-13,풍력,24,379
2023-12-13,LNG,1,12843
2023-12-13,LNG,2,11020
2023-12-13,LNG,3,9876
2023-12-13,LNG,4,9691
2023-12-13,LNG,5,10403
2023-12-13,LNG,6,12160
2023-12-13,LNG,7,15576
2023-12-13,LNG,8,19431
2023-12-13,LNG,9,24189
2023-12-13,LNG,10,23898
2023-12-13,LNG,11,22655
2023-12-13,LNG,12,20791
2023-12-13,LNG,13,20021
2023-12-13,LNG,14,20994
2023-12-13,LNG,15,22573
2023-12-13,LNG,16,23650
2023-12-13,LNG,17,24781
2023-12-13,LNG,18,24908
2023-12-13,LNG,19,23839
2023-12-13,LNG,20,22918
2023-12-13,LNG,21,21061
2023-12-13,LNG,22,19410
2023-12-13,LNG,23,19237
2023-12-13,LNG,24,18206
2023-12-13,연료전지,1,836
2023-12-13,연료전지,2,836
2023-12-13,연료전지,3,836
2023-12-13,연료전지,4,835
2023-12-13,연료전지,5,835
2023-12-13,연료전지,6,835
2023-12-13,연료전지,7,835
2023-12-13,연료전지,8,833
2023-12-13,연료전지,9,833
2023-12-13,연료전지,10,834
2023-12-13,연료전지,11,833
2023-12-13,연료전지,12,833
2023-12-13,연료전지,13,832
2023-12-13,연료전지,14,832
2023-12-13,연료전지,15,831
2023-12-13,연료전지,16,833
2023-12-13,연료전지,17,833
2023-12-13,연료전지,18,834
2023-12-13,연료전지,19,834
2023-12-13,연료전지,20,834
2023-12-13,연료전지,21,834
2023-12-13,연료전지,22,834
2023-12-13,연료전지,23,835
2023-12-13,연료전지,24,836
2023-12-13,경유,1,0
2023-12-13,경유,2,0
2023-12-13,경유,3,0
2023-12-13,경유,4,0
2023-12-13,경유,5,0
2023-12-13,경유,6,0
2023-12-13,경유,7,0
2023-12-13,경유,8,0
2023-12-13,경유,9,0
2023-12-13,경유,10,0
2023-12-13,경유,11,0
2023-12-13,경유,12,0
2023-12-13,경유,13,0
2023-12-13,경유,14,0
2023-12-13,경유,15,0
2023-12-13,경유,16,0
2023-12-13,경유,17,0
2023-12-13,경유,18,0
2023-12-13,경유,19,0
2023-12-13,경유,20,0
2023-12-13,경유,21,0
2023-12-13,경유,22,0
2023-12-13,경유,23,0
2023-12-13,경유,24,0
2023-12-13,해양에너지,1,0
2023-12-13,해양에너지,2,4
2023-12-13,해양에너지,3,103
2023-12-13,해양에너지,4,142
2023-12-13,해양에너지,5,151
2023-12-13,해양에너지,6,120
2023-12-13,해양에너지,7,57
2023-12-13,해양에너지,8,4
2023-12-13,해양에너지,9,0
2023-12-13,해양에너지,10,0
2023-12-13,해양에너지,11,0
2023-12-13,해양에너지,12,0
2023-12-13,해양에너지,13,0
2023-12-13,해양에너지,14,30
2023-12-13,해양에너지,15,139
2023-12-13,해양에너지,16,202
2023-12-13,해양에너지,17,219
2023-12-13,해양에너지,18,208
2023-12-13,해양에너지,19,155
2023-12-13,해양에너지,20,79
2023-12-13,해양에너지,21,13
2023-12-13,해양에너지,22,0
2023-12-13,해양에너지,23,0
2023-12-13,해양에너지,24,0
2023-12-13,바이오매스,1,917
2023-12-13,바이오매스,2,912
2023-12-13,바이오매스,3,914
2023-12-13,바이오매스,4,919
2023-12-13,바이오매스,5,919
2023-12-13,바이오매스,6,918
2023-12-13,바이오매스,7,918
2023-12-13,바이오매스,8,921
2023-12-13,바이오매스,9,917
2023-12-13,바이오매스,10,915
2023-12-13,바이오매스,11,917
2023-12-13,바이오매스,12,918
2023-12-13,바이오매스,13,914
2023-12-13,바이오매스,14,916
2023-12-13,바이오매스,15,917
2023-12-13,바이오매스,16,919
2023-12-13,바이오매스,17,921
2023-12-13,바이오매스,18,919
2023-12-13,바이오매스,19,920
2023-12-13,바이오매스,20,919
2023-12-13,바이오매스,21,920
2023-12-13,바이오매스,22,914
2023-12-13,바이오매스,23,894
2023-12-13,바이오매스,24,892
2023-12-13,IGCC,1,269
2023-12-13,IGCC,2,268
2023-12-13,IGCC,3,266
2023-12-13,IGCC,4,266
2023-12-13,IGCC,5,266
2023-12-13,IGCC,6,266
2023-12-13,IGCC,7,265
2023-12-13,IGCC,8,266
2023-12-13,IGCC,9,268
2023-12-13,IGCC,10,266
2023-12-13,IGCC,11,265
2023-12-13,IGCC,12,266
2023-12-13,IGCC,13,266
2023-12-13,IGCC,14,264
2023-12-13,IGCC,15,262
2023-12-13,IGCC,16,265
2023-12-13,IGCC,17,266
2023-12-13,IGCC,18,263
2023-12-13,IGCC,19,262
2023-12-13,IGCC,20,263
2023-12-13,IGCC,21,264
2023-12-13,IGCC,22,264
2023-12-13,IGCC,23,262
2023-12-13,IGCC,24,263
2023-12-13,바이오중유,1,163
2023-12-13,바이오중유,2,162
2023-12-13,바이오중유,3,162
2023-12-13,바이오중유,4,162
2023-12-13,바이오중유,5,162
2023-12-13,바이오중유,6,162
2023-12-13,바이오중유,7,162
2023-12-13,바이오중유,8,162
2023-12-13,바이오중유,9,162
2023-12-13,바이오중유,10,162
2023-12-13,바이오중유,11,162
2023-12-13,바이오중유,12,162
2023-12-13,바이오중유,13,162
2023-12-13,바이오중유,14,162
2023-12-13,바이오중유,15,162
2023-12-13,바이오중유,16,163
2023-12-13,바이오중유,17,174
2023-12-13,바이오중유,18,176
2023-12-13,바이오중유,19,164
2023-12-13,바이오중유,20,162
2023-12-13,바이오중유,21,162
2023-12-13,바이오중유,22,163
2023-12-13,바이오중유,23,163
2023-12-13,바이오중유,24,163
2023-12-13,바이오기타,1,3
2023-12-13,바이오기타,2,3
2023-12-13,바이오기타,3,3
2023-12-13,바이오기타,4,1
2023-12-13,바이오기타,5,0
2023-12-13,바이오기타,6,0
2023-12-13,바이오기타,7,0
2023-12-13,바이오기타,8,2
2023-12-13,바이오기타,9,3
2023-12-13,바이오기타,10,3
2023-12-13,바이오기타,11,2
2023-12-13,바이오기타,12,2
2023-12-13,바이오기타,13,1
2023-12-13,바이오기타,14,0
2023-12-13,바이오기타,15,0
2023-12-13,바이오기타,16,0
2023-12-13,바이오기타,17,0
2023-12-13,바이오기타,18,0
2023-12-13,바이오기타,19,0
2023-12-13,바이오기타,20,0
2023-12-13,바이오기타,21,0
2023-12-13,바이오기타,22,0
2023-12-13,바이오기타,23,0
2023-12-13,바이오기타,24,0
2023-12-13,기타,1,30
2023-12-13,기타,2,30
2023-12-13,기타,3,29
2023-12-13,기타,4,28
2023-12-13,기타,5,28
2023-12-13,기타,6,29
2023-12-13,기타,7,29
2023-12-13,기타,8,31
2023-12-13,기타,9,30
2023-12-13,기타,10,28
2023-12-13,기타,11,27
2023-12-13,기타,12,26
2023-12-13,기타,13,26
2023-12-13,기타,14,26
2023-12-13,기타,15,27
2023-12-13,기타,16,29
2023-12-13,기타,17,28
2023-12-13,기타,18,28
2023-12-13,기타,19,26
2023-12-13,기타,20,25
2023-12-13,기타,21,26
2023-12-13,기타,22,26
2023-12-13,기타,23,28
2023-12-13,기타,24,29
2023-12-14,원자력,1,20712
2023-12-14,원자력,2,20711
2023-12-14,원자력,3,20714
2023-12-14,원자력,4,20716
2023-12-14,원자력,5,20716
2023-12-14,원자력,6,20716
2023-12-14,원자력,7,20715
2023-12-14,원자력,8,20715
2023-12-14,원자력,9,20714
2023-12-14,원자력,10,20713
2023-12-14,원자력,11,20708
2023-12-14,원자력,12,20718
2023-12-14,원자력,13,20717
2023-12-14,원자력,14,20714
2023-12-14,원자력,15,20713
2023-12-14,원자력,16,20718
2023-12-14,원자력,17,20723
2023-12-14,원자력,18,20724
2023-12-14,원자력,19,20725
2023-12-14,원자력,20,20725
2023-12-14,원자력,21,20726
2023-12-14,원자력,22,20725
2023-12-14,원자력,23,20725
2023-12-14,원자력,24,20719
2023-12-14,유연탄,1,20907
2023-12-14,유연탄,2,20679
2023-12-14,유연탄,3,20562
2023-12-14,유연탄,4,20582
2023-12-14,유연탄,5,20652
2023-12-14,유연탄,6,20660
2023-12-14,유연탄,7,20626
2023-12-14,유연탄,8,20671
2023-12-14,유연탄,9,21206
2023-12-14,유연탄,10,21417
2023-12-14,유연탄,11,21482
2023-12-14,유연탄,12,21464
2023-12-14,유연탄,13,21272
2023-12-14,유연탄,14,21539
2023-12-14,유연탄,15,21548
2023-12-14,유연탄,16,21560
2023-12-14,유연탄,17,21476
2023-12-14,유연탄,18,21387
2023-12-14,유연탄,19,21347
2023-12-14,유연탄,20,21366
2023-12-14,유연탄,21,21248
2023-12-14,유연탄,22,20979
2023-12-14,유연탄,23,21163
2023-12-14,유연탄,24,21199
2023-12-14,무연탄,1,167
2023-12-14,무연탄,2,167
2023-12-14,무연탄,3,167
2023-12-14,무연탄,4,168
2023-12-14,무연탄,5,167
2023-12-14,무연탄,6,167
2023-12-14,무연탄,7,166
2023-12-14,무연탄,8,166
2023-12-14,무연탄,9,167
2023-12-14,무연탄,10,168
2023-12-14,무연탄,11,167
2023-12-14,무연탄,12,167
2023-12-14,무연탄,13,168
2023-12-14,무연탄,14,167
2023-12-14,무연탄,15,168
2023-12-14,무연탄,16,167
2023-12-14,무연탄,17,167
2023-12-14,무연탄,18,167
2023-12-14,무연탄,19,166
2023-12-14,무연탄,20,167
2023-12-14,무연탄,21,168
2023-12-14,무연탄,22,168
2023-12-14,무연탄,23,169
2023-12-14,무연탄,24,169
2023-12-14,바이오가스,1,37
2023-12-14,바이오가스,2,37
2023-12-14,바이오가스,3,36
2023-12-14,바이오가스,4,37
2023-12-14,바이오가스,5,37
2023-12-14,바이오가스,6,37
2023-12-14,바이오가스,7,37
2023-12-14,바이오가스,8,37
2023-12-14,바이오가스,9,37
2023-12-14,바이오가스,10,37
2023-12-14,바이오가스,11,37
2023-12-14,바이오가스,12,39
2023-12-14,바이오가스,13,39
2023-12-14,바이오가스,14,38
2023-12-14,바이오가스,15,38
2023-12-14,바이오가스,16,39
2023-12-14,바이오가스,17,38
2023-12-14,바이오가스,18,38
2023-12-14,바이오가스,19,37
2023-12-14,바이오가스,20,37
2023-12-14,바이오가스,21,38
2023-12-14,바이오가스,22,38
2023-12-14,바이오가스,23,39
2023-12-14,바이오가스,24,39
2023-12-14,부생가스,1,51
2023-12-14,부생가스,2,51
2023-12-14,부생가스,3,51
2023-12-14,부생가스,4,51
2023-12-14,부생가스,5,51
2023-12-14,부생가스,6,50
2023-12-14,부생가스,7,50
2023-12-14,부생가스,8,60
2023-12-14,부생가스,9,174
2023-12-14,부생가스,10,188
2023-12-14,부생가스,11,197
2023-12-14,부생가스,12,232
2023-12-14,부생가스,13,254
2023-12-14,부생가스,14,192
2023-12-14,부생가스,15,240
2023-12-14,부생가스,16,157
2023-12-14,부생가스,17,105
2023-12-14,부생가스,18,124
2023-12-14,부생가스,19,68
2023-12-14,부생가스,20,70
2023-12-14,부생가스,21,64
2023-12-14,부생가스,22,51
2023-12-14,부생가스,23,50
2023-12-14,부생가스,24,50
2023-12-14,수력,1,262
2023-12-14,수력,2,259
2023-12-14,수력,3,256
2023-12-14,수력,4,252
2023-12-14,수력,5,249
2023-12-14,수력,6,232
2023-12-14,수력,7,256
2023-12-14,수력,8,266
2023-12-14,수력,9,539
2023-12-14,수력,10,653
2023-12-14,수력,11,606
2023-12-14,수력,12,586
2023-12-14,수력,13,472
2023-12-14,수력,14,472
2023-12-14,수력,15,468
2023-12-14,수력,16,521
2023-12-14,수력,17,559
2023-12-14,수력,18,580
2023-12-14,수력,19,580
2023-12-14,수력,20,476
2023-12-14,수력,21,437
2023-12-14,수력,22,423
2023-12-14,수력,23,398
2023-12-14,수력,24,384
2023-12-14,양수,1,242
2023-12-14,양수,2,0
2023-12-14,양수,3,0
2023-12-14,양수,4,0
2023-12-14,양수,5,0
2023-12-14,양수,6,0
2023-12-14,양수,7,0
2023-12-14,양수,8,0
2023-12-14,양수,9,0
2023-12-14,양수,10,0
2023-12-14,양수,11,0
2023-12-14,양수,12,0
2023-12-14,양수,13,0
2023-12-14,양수,14,0
2023-12-14,양수,15,0
2023-12-14,양수,16,0
2023-12-14,양수,17,0
2023-12-14,양수,18,214
2023-12-14,양수,19,1235
2023-12-14,양수,20,1481
2023-12-14,양수,21,1555
2023-12-14,양수,22,1285
2023-12-14,양수,23,944
2023-12-14,양수,24,1042
2023-12-14,매립가스,1,13
2023-12-14,매립가스,2,13
2023-12-14,매립가스,3,13
2023-12-14,매립가스,4,13
2023-12-14,매립가스,5,13
2023-12-14,매립가스,6,13
2023-12-14,매립가스,7,13
2023-12-14,매립가스,8,13
2023-12-14,매립가스,9,13
2023-12-14,매립가스,10,13
2023-12-14,매립가스,11,13
2023-12-14,매립가스,12,13
2023-12-14,매립가스,13,13
2023-12-14,매립가스,14,13
2023-12-14,매립가스,15,13
2023-12-14,매립가스,16,13
2023-12-14,매립가스,17,12
2023-12-14,매립가스,18,13
2023-12-14,매립가스,19,13
2023-12-14,매립가스,20,13
2023-12-14,매립가스,21,13
2023-12-14,매립가스,22,13
2023-12-14,매립가스,23,13
2023-12-14,매립가스,24,13
2023-12-14,중유,1,30
2023-12-14,중유,2,30
2023-12-14,중유,3,29
2023-12-14,중유,4,29
2023-12-14,중유,5,29
2023-12-14,중유,6,29
2023-12-14,중유,7,30
2023-12-14,중유,8,30
2023-12-14,중유,9,30
2023-12-14,중유,10,30
2023-12-14,중유,11,31
2023-12-14,중유,12,31
2023-12-14,중유,13,31
2023-12-14,중유,14,32
2023-12-14,중유,15,40
2023-12-14,중유,16,54
2023-12-14,중유,17,57
2023-12-14,중유,18,68
2023-12-14,중유,19,59
2023-12-14,중유,20,31
2023-12-14,중유,21,31
2023-12-14,중유,22,30
2023-12-14,중유,23,30
2023-12-14,중유,24,26
2023-12-14,태양광,1,1
2023-12-14,태양광,2,0
2023-12-14,태양광,3,0
2023-12-14,태양광,4,0
2023-12-14,태양광,5,0
2023-12-14,태양광,6,0
2023-12-14,태양광,7,0
2023-12-14,태양광,8,6
2023-12-14,태양광,9,83
2023-12-14,태양광,10,232
2023-12-14,태양광,11,322
2023-12-14,태양광,12,395
2023-12-14,태양광,13,412
2023-12-14,태양광,14,363
2023-12-14,태양광,15,241
2023-12-14,태양광,16,102
2023-12-14,태양광,17,132
2023-12-14,태양광,18,21
2023-12-14,태양광,19,21
2023-12-14,태양광,20,6
2023-12-14,태양광,21,2
2023-12-14,태양광,22,1
2023-12-14,태양광,23,1
2023-12-14,태양광,24,0
2023-12-14,폐기물,1,123
2023-12-14,폐기물,2,123
2023-12-14,폐기물,3,124
2023-12-14,폐기물,4,124
2023-12-14,폐기물,5,124
2023-12-14,폐기물,6,125
2023-12-14,폐기물,7,122
2023-12-14,폐기물,8,123
2023-12-14,폐기물,9,123
2023-12-14,폐기물,10,124
2023-12-14,폐기물,11,123
2023-12-14,폐기물,12,120
2023-12-14,폐기물,13,123
2023-12-14,폐기물,14,122
2023-12-14,폐기물,15,125
2023-12-14,폐기물,16,124
2023-12-14,폐기물,17,116
2023-12-14,폐기물,18,115
2023-12-14,폐기물,19,115
2023-12-14,폐기물,20,111
2023-12-14,폐기물,21,114
2023-12-14,폐기물,22,115
2023-12-14,폐기물,23,115
2023-12-14,폐기물,24,114
2023-12-14,풍력,1,407
2023-12-14,풍력,2,341
2023-12-14,풍력,3,323
2023-12-14,풍력,4,322
2023-12-14,풍력,5,345
2023-12-14,풍력,6,403
2023-12-14,풍력,7,454
2023-12-14,풍력,8,444
2023-12-14,풍력,9,427
2023-12-14,풍력,10,493
2023-12-14,풍력,11,507
2023-12-14,풍력,12,479
2023-12-14,풍력,13,412
2023-12-14,풍력,14,393
2023-12-14,풍력,15,448
2023-12-14,풍력,16,560
2023-12-14,풍력,17,652
2023-12-14,풍력,18,606
2023-12-14,풍력,19,718
2023-12-14,풍력,20,709
2023-12-14,풍력,21,665
2023-12-14,풍력,22,627
2023-12-14,풍력,23,552
2023-12-14,풍력,24,596
2023-12-14,LNG,1,15008
2023-12-14,LNG,2,12962
2023-12-14,LNG,3,12352
2023-12-14,LNG,4,12920
2023-12-14,LNG,5,13226
2023-12-14,LNG,6,14075
2023-12-14,LNG,7,16534
2023-12-14,LNG,8,20731
2023-12-14,LNG,9,25646
2023-12-14,LNG,10,27885
2023-12-14,LNG,11,28534
2023-12-14,LNG,12,27897
2023-12-14,LNG,13,25527
2023-12-14,LNG,14,28264
2023-12-14,LNG,15,28870
2023-12-14,LNG,16,28432
2023-12-14,LNG,17,27754
2023-12-14,LNG,18,26071
2023-12-14,LNG,19,23484
2023-12-14,LNG,20,21897
2023-12-14,LNG,21,20008
2023-12-14,LNG,22,18605
2023-12-14,LNG,23,18593
2023-12-14,LNG,24,17554
2023-12-14,연료전지,1,836
2023-12-14,연료전지,2,836
2023-12-14,연료전지,3,836
2023-12-14,연료전지,4,836
2023-12-14,연료전지,5,836
2023-12-14,연료전지,6,835
2023-12-14,연료전지,7,835
2023-12-14,연료전지,8,833
2023-12-14,연료전지,9,834
2023-12-14,연료전지,10,834
2023-12-14,연료전지,11,834
2023-12-14,연료전지,12,834
2023-12-14,연료전지,13,835
2023-12-14,연료전지,14,835
2023-12-14,연료전지,15,832
2023-12-14,연료전지,16,831
2023-12-14,연료전지,17,834
2023-12-14,연료전지,18,834
2023-12-14,연료전지,19,834
2023-12-14,연료전지,20,834
2023-12-14,연료전지,21,834
2023-12-14,연료전지,22,834
2023-12-14,연료전지,23,834
2023-12-14,연료전지,24,834
2023-12-14,경유,1,0
2023-12-14,경유,2,0
2023-12-14,경유,3,0
2023-12-14,경유,4,0
2023-12-14,경유,5,0
2023-12-14,경유,6,0
2023-12-14,경유,7,0
2023-12-14,경유,8,0
2023-12-14,경유,9,0
2023-12-14,경유,10,0
2023-12-14,경유,11,0
2023-12-14,경유,12,0
2023-12-14,경유,13,0
2023-12-14,경유,14,0
2023-12-14,경유,15,0
2023-12-14,경유,16,0
2023-12-14,경유,17,0
2023-12-14,경유,18,0
2023-12-14,경유,19,0
2023-12-14,경유,20,0
2023-12-14,경유,21,0
2023-12-14,경유,22,0
2023-12-14,경유,23,0
2023-12-14,경유,24,0
2023-12-14,해양에너지,1,0
2023-12-14,해양에너지,2,0
2023-12-14,해양에너지,3,36
2023-12-14,해양에너지,4,123
2023-12-14,해양에너지,5,157
2023-12-14,해양에너지,6,152
2023-12-14,해양에너지,7,106
2023-12-14,해양에너지,8,34
2023-12-14,해양에너지,9,0
2023-12-14,해양에너지,10,0
2023-12-14,해양에너지,11,0
2023-12-14,해양에너지,12,0
2023-12-14,해양에너지,13,0
2023-12-14,해양에너지,14,1
2023-12-14,해양에너지,15,85
2023-12-14,해양에너지,16,176
2023-12-14,해양에너지,17,231
2023-12-14,해양에너지,18,241
2023-12-14,해양에너지,19,219
2023-12-14,해양에너지,20,145
2023-12-14,해양에너지,21,51
2023-12-14,해양에너지,22,0
2023-12-14,해양에너지,23,0
2023-12-14,해양에너지,24,0
2023-12-14,바이오매스,1,891
2023-12-14,바이오매스,2,892
2023-12-14,바이오매스,3,893
2023-12-14,바이오매스,4,894
2023-12-14,바이오매스,5,892
2023-12-14,바이오매스,6,890
2023-12-14,바이오매스,7,889
2023-12-14,바이오매스,8,893
2023-12-14,바이오매스,9,889
2023-12-14,바이오매스,10,886
2023-12-14,바이오매스,11,884
2023-12-14,바이오매스,12,885
2023-12-14,바이오매스,13,884
2023-12-14,바이오매스,14,888
2023-12-14,바이오매스,15,887
2023-12-14,바이오매스,16,884
2023-12-14,바이오매스,17,889
2023-12-14,바이오매스,18,886
2023-12-14,바이오매스,19,887
2023-12-14,바이오매스,20,887
2023-12-14,바이오매스,21,889
2023-12-14,바이오매스,22,889
2023-12-14,바이오매스,23,888
2023-12-14,바이오매스,24,887
2023-12-14,IGCC,1,265
2023-12-14,IGCC,2,263
2023-12-14,IGCC,3,262
2023-12-14,IGCC,4,264
2023-12-14,IGCC,5,265
2023-12-14,IGCC,6,265
2023-12-14,IGCC,7,263
2023-12-14,IGCC,8,264
2023-12-14,IGCC,9,263
2023-12-14,IGCC,10,262
2023-12-14,IGCC,11,260
2023-12-14,IGCC,12,261
2023-12-14,IGCC,13,261
2023-12-14,IGCC,14,262
2023-12-14,IGCC,15,260
2023-12-14,IGCC,16,261
2023-12-14,IGCC,17,261
2023-12-14,IGCC,18,260
2023-12-14,IGCC,19,259
2023-12-14,IGCC,20,260
2023-12-14,IGCC,21,262
2023-12-14,IGCC,22,261
2023-12-14,IGCC,23,260
2023-12-14,IGCC,24,261
2023-12-14,바이오중유,1,163
2023-12-14,바이오중유,2,163
2023-12-14,바이오중유,3,163
2023-12-14,바이오중유,4,163
2023-12-14,바이오중유,5,163
2023-12-14,바이오중유,6,163
2023-12-14,바이오중유,7,162
2023-12-14,바이오중유,8,163
2023-12-14,바이오중유,9,163
2023-12-14,바이오중유,10,163
2023-12-14,바이오중유,11,163
2023-12-14,바이오중유,12,163
2023-12-14,바이오중유,13,162
2023-12-14,바이오중유,14,162
2023-12-14,바이오중유,15,162
2023-12-14,바이오중유,16,162
2023-12-14,바이오중유,17,162
2023-12-14,바이오중유,18,162
2023-12-14,바이오중유,19,162
2023-12-14,바이오중유,20,162
2023-12-14,바이오중유,21,163
2023-12-14,바이오중유,22,163
2023-12-14,바이오중유,23,163
2023-12-14,바이오중유,24,163
2023-12-14,바이오기타,1,0
2023-12-14,바이오기타,2,0
2023-12-14,바이오기타,3,0
2023-12-14,바이오기타,4,0
2023-12-14,바이오기타,5,0
2023-12-14,바이오기타,6,0
2023-12-14,바이오기타,7,0
2023-12-14,바이오기타,8,0
2023-12-14,바이오기타,9,0
2023-12-14,바이오기타,10,0
2023-12-14,바이오기타,11,0
2023-12-14,바이오기타,12,0
2023-12-14,바이오기타,13,0
2023-12-14,바이오기타,14,0
2023-12-14,바이오기타,15,0
2023-12-14,바이오기타,16,0
2023-12-14,바이오기타,17,0
2023-12-14,바이오기타,18,0
2023-12-14,바이오기타,19,0
2023-12-14,바이오기타,20,0
2023-12-14,바이오기타,21,0
2023-12-14,바이오기타,22,0
2023-12-14,바이오기타,23,0
2023-12-14,바이오기타,24,0
2023-12-14,기타,1,28
2023-12-14,기타,2,28
2023-12-14,기타,3,29
2023-12-14,기타,4,28
2023-12-14,기타,5,29
2023-12-14,기타,6,28
2023-12-14,기타,7,28
2023-12-14,기타,8,28
2023-12-14,기타,9,27
2023-12-14,기타,10,27
2023-12-14,기타,11,28
2023-12-14,기타,12,27
2023-12-14,기타,13,32
2023-12-14,기타,14,32
2023-12-14,기타,15,30
2023-12-14,기타,16,29
2023-12-14,기타,17,29
2023-12-14,기타,18,28
2023-12-14,기타,19,29
2023-12-14,기타,20,29
2023-12-14,기타,21,28
2023-12-14,기타,22,30
2023-12-14,기타,23,29
2023-12-14,기타,24,28
2023-12-15,원자력,1,20718
2023-12-15,원자력,2,20717
2023-12-15,원자력,3,20716
2023-12-15,원자력,4,20716
2023-12-15,원자력,5,20717
2023-12-15,원자력,6,20716
2023-12-15,원자력,7,20716
2023-12-15,원자력,8,20717
2023-12-15,원자력,9,20715
2023-12-15,원자력,10,20714
2023-12-15,원자력,11,20717
2023-12-15,원자력,12,20717
2023-12-15,원자력,13,20720
2023-12-15,원자력,14,20715
2023-12-15,원자력,15,20718
2023-12-15,원자력,16,20719
2023-12-15,원자력,17,20718
2023-12-15,원자력,18,20718
2023-12-15,원자력,19,20719
2023-12-15,원자력,20,20720
2023-12-15,원자력,21,20719
2023-12-15,원자력,22,20720
2023-12-15,원자력,23,20720
2023-12-15,원자력,24,20721
2023-12-15,유연탄,1,20956
2023-12-15,유연탄,2,20805
2023-12-15,유연탄,3,20654
2023-12-15,유연탄,4,20671
2023-12-15,유연탄,5,20633
2023-12-15,유연탄,6,20645
2023-12-15,유연탄,7,20727
2023-12-15,유연탄,8,20977
2023-12-15,유연탄,9,21275
2023-12-15,유연탄,10,21471
2023-12-15,유연탄,11,21479
2023-12-15,유연탄,12,21439
2023-12-15,유연탄,13,21252
2023-12-15,유연탄,14,21500
2023-12-15,유연탄,15,21466
2023-12-15,유연탄,16,21503
2023-12-15,유연탄,17,21334
2023-12-15,유연탄,18,21358
2023-12-15,유연탄,19,21155
2023-12-15,유연탄,20,21312
2023-12-15,유연탄,21,21189
2023-12-15,유연탄,22,21014
2023-12-15,유연탄,23,21006
2023-12-15,유연탄,24,21269
2023-12-15,무연탄,1,169
2023-12-15,무연탄,2,169
2023-12-15,무연탄,3,169
2023-12-15,무연탄,4,168
2023-12-15,무연탄,5,168
2023-12-15,무연탄,6,168
2023-12-15,무연탄,7,168
2023-12-15,무연탄,8,167
2023-12-15,무연탄,9,168
2023-12-15,무연탄,10,168
2023-12-15,무연탄,11,168
2023-12-15,무연탄,12,168
2023-12-15,무연탄,13,168
2023-12-15,무연탄,14,168
2023-12-15,무연탄,15,168
2023-12-15,무연탄,16,168
2023-12-15,무연탄,17,168
2023-12-15,무연탄,18,168
2023-12-15,무연탄,19,168
2023-12-15,무연탄,20,167
2023-12-15,무연탄,21,167
2023-12-15,무연탄,22,168
2023-12-15,무연탄,23,168
2023-12-15,무연탄,24,168
2023-12-15,바이오가스,1,39
2023-12-15,바이오가스,2,39
2023-12-15,바이오가스,3,39
2023-12-15,바이오가스,4,40
2023-12-15,바이오가스,5,39
2023-12-15,바이오가스,6,37
2023-12-15,바이오가스,7,38
2023-12-15,바이오가스,8,38
2023-12-15,바이오가스,9,39
2023-12-15,바이오가스,10,38
2023-12-15,바이오가스,11,38
2023-12-15,바이오가스,12,39
2023-12-15,바이오가스,13,37
2023-12-15,바이오가스,14,38
2023-12-15,바이오가스,15,39
2023-12-15,바이오가스,16,38
2023-12-15,바이오가스,17,38
2023-12-15,바이오가스,18,38
2023-12-15,바이오가스,19,39
2023-12-15,바이오가스,20,38
2023-12-15,바이오가스,21,39
2023-12-15,바이오가스,22,39
2023-12-15,바이오가스,23,37
2023-12-15,바이오가스,24,38
2023-12-15,부생가스,1,49
2023-12-15,부생가스,2,49
2023-12-15,부생가스,3,50
2023-12-15,부생가스,4,50
2023-12-15,부생가스,5,50
2023-12-15,부생가스,6,49
2023-12-15,부생가스,7,48
2023-12-15,부생가스,8,55
2023-12-15,부생가스,9,120
2023-12-15,부생가스,10,118
2023-12-15,부생가스,11,118
2023-12-15,부생가스,12,168
2023-12-15,부생가스,13,180
2023-12-15,부생가스,14,170
2023-12-15,부생가스,15,133
2023-12-15,부생가스,16,115
2023-12-15,부생가스,17,81
2023-12-15,부생가스,18,65
2023-12-15,부생가스,19,77
2023-12-15,부생가스,20,60
2023-12-15,부생가스,21,63
2023-12-15,부생가스,22,62
2023-12-15,부생가스,23,67
2023-12-15,부생가스,24,66
2023-12-15,수력,1,297
2023-12-15,수력,2,295
2023-12-15,수력,3,292
2023-12-15,수력,4,289
2023-12-15,수력,5,287
2023-12-15,수력,6,286
2023-12-15,수력,7,291
2023-12-15,수력,8,368
2023-12-15,수력,9,651
2023-12-15,수력,10,698
2023-12-15,수력,11,754
2023-12-15,수력,12,636
2023-12-15,수력,13,503
2023-12-15,수력,14,518
2023-12-15,수력,15,520
2023-12-15,수력,16,667
2023-12-15,수력,17,644
2023-12-15,수력,18,691
2023-12-15,수력,19,647
2023-12-15,수력,20,621
2023-12-15,수력,21,566
2023-12-15,수력,22,410
2023-12-15,수력,23,410
2023-12-15,수력,24,386
2023-12-15,양수,1,522
2023-12-15,양수,2,332
2023-12-15,양수,3,0
2023-12-15,양수,4,0
2023-12-15,양수,5,0
2023-12-15,양수,6,0
2023-12-15,양수,7,0
2023-12-15,양수,8,0
2023-12-15,양수,9,0
2023-12-15,양수,10,0
2023-12-15,양수,11,0
2023-12-15,양수,12,0
2023-12-15,양수,13,0
2023-12-15,양수,14,0
2023-12-15,양수,15,0
2023-12-15,양수,16,0
2023-12-15,양수,17,249
2023-12-15,양수,18,1031
2023-12-15,양수,19,815
2023-12-15,양수,20,530
2023-12-15,양수,21,243
2023-12-15,양수,22,242
2023-12-15,양수,23,425
2023-12-15,양수,24,634
2023-12-15,매립가스,1,13
2023-12-15,매립가스,2,13
2023-12-15,매립가스,3,13
2023-12-15,매립가스,4,13
2023-12-15,매립가스,5,13
2023-12-15,매립가스,6,13
2023-12-15,매립가스,7,12
2023-12-15,매립가스,8,12
2023-12-15,매립가스,9,12
2023-12-15,매립가스,10,12
2023-12-15,매립가스,11,12
2023-12-15,매립가스,12,16
2023-12-15,매립가스,13,29
2023-12-15,매립가스,14,30
2023-12-15,매립가스,15,30
2023-12-15,매립가스,16,30
2023-12-15,매립가스,17,30
2023-12-15,매립가스,18,30
2023-12-15,매립가스,19,29
2023-12-15,매립가스,20,29
2023-12-15,매립가스,21,29
2023-12-15,매립가스,22,29
2023-12-15,매립가스,23,29
2023-12-15,매립가스,24,29
2023-12-15,중유,1,9
2023-12-15,중유,2,9
2023-12-15,중유,3,8
2023-12-15,중유,4,9
2023-12-15,중유,5,9
2023-12-15,중유,6,8
2023-12-15,중유,7,8
2023-12-15,중유,8,8
2023-12-15,중유,9,9
2023-12-15,중유,10,9
2023-12-15,중유,11,9
2023-12-15,중유,12,9
2023-12-15,중유,13,9
2023-12-15,중유,14,9
2023-12-15,중유,15,8
2023-12-15,중유,16,8
2023-12-15,중유,17,7
2023-12-15,중유,18,8
2023-12-15,중유,19,9
2023-12-15,중유,20,9
2023-12-15,중유,21,9
2023-12-15,중유,22,9
2023-12-15,중유,23,10
2023-12-15,중유,24,9
2023-12-15,태양광,1,0
2023-12-15,태양광,2,0
2023-12-15,태양광,3,0
2023-12-15,태양광,4,0
2023-12-15,태양광,5,0
2023-12-15,태양광,6,0
2023-12-15,태양광,7,0
2023-12-15,태양광,8,0
2023-12-15,태양광,9,18
2023-12-15,태양광,10,95
2023-12-15,태양광,11,168
2023-12-15,태양광,12,244
2023-12-15,태양광,13,294
2023-12-15,태양광,14,278
2023-12-15,태양광,15,327
2023-12-15,태양광,16,338
2023-12-15,태양광,17,160
2023-12-15,태양광,18,13
2023-12-15,태양광,19,8
2023-12-15,태양광,20,2
2023-12-15,태양광,21,0
2023-12-15,태양광,22,0
2023-12-15,태양광,23,0
2023-12-15,태양광,24,0
2023-12-15,폐기물,1,113
2023-12-15,폐기물,2,113
2023-12-15,폐기물,3,106
2023-12-15,폐기물,4,108
2023-12-15,폐기물,5,107
2023-12-15,폐기물,6,104
2023-12-15,폐기물,7,104
2023-12-15,폐기물,8,104
2023-12-15,폐기물,9,105
2023-12-15,폐기물,10,106
2023-12-15,폐기물,11,106
2023-12-15,폐기물,12,112
2023-12-15,폐기물,13,116
2023-12-15,폐기물,14,114
2023-12-15,폐기물,15,116
2023-12-15,폐기물,16,113
2023-12-15,폐기물,17,115
2023-12-15,폐기물,18,119
2023-12-15,폐기물,19,118
2023-12-15,폐기물,20,115
2023-12-15,폐기물,21,118
2023-12-15,폐기물,22,117
2023-12-15,폐기물,23,117
2023-12-15,폐기물,24,121
2023-12-15,풍력,1,564
2023-12-15,풍력,2,531
2023-12-15,풍력,3,456
2023-12-15,풍력,4,462
2023-12-15,풍력,5,467
2023-12-15,풍력,6,511
2023-12-15,풍력,7,447
2023-12-15,풍력,8,422
2023-12-15,풍력,9,366
2023-12-15,풍력,10,482
2023-12-15,풍력,11,525
2023-12-15,풍력,12,528
2023-12-15,풍력,13,529
2023-12-15,풍력,14,609
2023-12-15,풍력,15,604
2023-12-15,풍력,16,569
2023-12-15,풍력,17,518
2023-12-15,풍력,18,657
2023-12-15,풍력,19,696
2023-12-15,풍력,20,719
2023-12-15,풍력,21,669
2023-12-15,풍력,22,619
2023-12-15,풍력,23,594
2023-12-15,풍력,24,648
2023-12-15,LNG,1,14621
2023-12-15,LNG,2,12652
2023-12-15,LNG,3,12062
2023-12-15,LNG,4,12229
2023-12-15,LNG,5,12601
2023-12-15,LNG,6,13985
2023-12-15,LNG,7,16280
2023-12-15,LNG,8,20271
2023-12-15,LNG,9,26091
2023-12-15,LNG,10,28803
2023-12-15,LNG,11,29386
2023-12-15,LNG,12,29112
2023-12-15,LNG,13,26748
2023-12-15,LNG,14,28847
2023-12-15,LNG,15,28971
2023-12-15,LNG,16,27706
2023-12-15,LNG,17,26775
2023-12-15,LNG,18,24288
2023-12-15,LNG,19,22752
2023-12-15,LNG,20,21793
2023-12-15,LNG,21,20594
2023-12-15,LNG,22,19260
2023-12-15,LNG,23,19075
2023-12-15,LNG,24,18142
2023-12-15,연료전지,1,834
2023-12-15,연료전지,2,833
2023-12-15,연료전지,3,832
2023-12-15,연료전지,4,832
2023-12-15,연료전지,5,831
2023-12-15,연료전지,6,831
2023-12-15,연료전지,7,831
2023-12-15,연료전지,8,832
2023-12-15,연료전지,9,832
2023-12-15,연료전지,10,833
2023-12-15,연료전지,11,833
2023-12-15,연료전지,12,833
2023-12-15,연료전지,13,832
2023-12-15,연료전지,14,833
2023-12-15,연료전지,15,834
2023-12-15,연료전지,16,835
2023-12-15,연료전지,17,836
2023-12-15,연료전지,18,836
2023-12-15,연료전지,19,836
2023-12-15,연료전지,20,836
2023-12-15,연료전지,21,837
2023-12-15,연료전지,22,837
2023-12-15,연료전지,23,838
2023-12-15,연료전지,24,838
2023-12-15,경유,1,0
2023-12-15,경유,2,0
2023-12-15,경유,3,0
2023-12-15,경유,4,0
2023-12-15,경유,5,0
2023-12-15,경유,6,0
2023-12-15,경유,7,0
2023-12-15,경유,8,0
2023-12-15,경유,9,0
2023-12-15,경유,10,0
2023-12-15,경유,11,0
2023-12-15,경유,12,0
2023-12-15,경유,13,0
2023-12-15,경유,14,0
2023-12-15,경유,15,0
2023-12-15,경유,16,0
2023-12-15,경유,17,0
2023-12-15,경유,18,0
2023-12-15,경유,19,0
2023-12-15,경유,20,0
2023-12-15,경유,21,0
2023-12-15,경유,22,0
2023-12-15,경유,23,0
2023-12-15,경유,24,0
2023-12-15,해양에너지,1,0
2023-12-15,해양에너지,2,0
2023-12-15,해양에너지,3,0
2023-12-15,해양에너지,4,64
2023-12-15,해양에너지,5,152
2023-12-15,해양에너지,6,173
2023-12-15,해양에너지,7,150
2023-12-15,해양에너지,8,89
2023-12-15,해양에너지,9,9
2023-12-15,해양에너지,10,0
2023-12-15,해양에너지,11,0
2023-12-15,해양에너지,12,0
2023-12-15,해양에너지,13,0
2023-12-15,해양에너지,14,0
2023-12-15,해양에너지,15,0
2023-12-15,해양에너지,16,118
2023-12-15,해양에너지,17,197
2023-12-15,해양에너지,18,236
2023-12-15,해양에너지,19,236
2023-12-15,해양에너지,20,196
2023-12-15,해양에너지,21,118
2023-12-15,해양에너지,22,34
2023-12-15,해양에너지,23,0
2023-12-15,해양에너지,24,0
2023-12-15,바이오매스,1,886
2023-12-15,바이오매스,2,885
2023-12-15,바이오매스,3,885
2023-12-15,바이오매스,4,885
2023-12-15,바이오매스,5,887
2023-12-15,바이오매스,6,882
2023-12-15,바이오매스,7,880
2023-12-15,바이오매스,8,885
2023-12-15,바이오매스,9,890
2023-12-15,바이오매스,10,889
2023-12-15,바이오매스,11,889
2023-12-15,바이오매스,12,887
2023-12-15,바이오매스,13,886
2023-12-15,바이오매스,14,887
2023-12-15,바이오매스,15,888
2023-12-15,바이오매스,16,886
2023-12-15,바이오매스,17,887
2023-12-15,바이오매스,18,890
2023-12-15,바이오매스,19,890
2023-12-15,바이오매스,20,890
2023-12-15,바이오매스,21,889
2023-12-15,바이오매스,22,887
2023-12-15,바이오매스,23,884
2023-12-15,바이오매스,24,887
2023-12-15,IGCC,1,263
2023-12-15,IGCC,2,261
2023-12-15,IGCC,3,261
2023-12-15,IGCC,4,263
2023-12-15,IGCC,5,265
2023-12-15,IGCC,6,264
2023-12-15,IGCC,7,264
2023-12-15,IGCC,8,263
2023-12-15,IGCC,9,264
2023-12-15,IGCC,10,263
2023-12-15,IGCC,11,260
2023-12-15,IGCC,12,261
2023-12-15,IGCC,13,261
2023-12-15,IGCC,14,262
2023-12-15,IGCC,15,261
2023-12-15,IGCC,16,263
2023-12-15,IGCC,17,262
2023-12-15,IGCC,18,261
2023-12-15,IGCC,19,260
2023-12-15,IGCC,20,260
2023-12-15,IGCC,21,260
2023-12-15,IGCC,22,261
2023-12-15,IGCC,23,262
2023-12-15,IGCC,24,262
2023-12-15,바이오중유,1,163
2023-12-15,바이오중유,2,163
2023-12-15,바이오중유,3,163
2023-12-15,바이오중유,4,163
2023-12-15,바이오중유,5,163
2023-12-15,바이오중유,6,162
2023-12-15,바이오중유,7,163
2023-12-15,바이오중유,8,162
2023-12-15,바이오중유,9,163
2023-12-15,바이오중유,10,163
2023-12-15,바이오중유,11,163
2023-12-15,바이오중유,12,167
2023-12-15,바이오중유,13,167
2023-12-15,바이오중유,14,163
2023-12-15,바이오중유,15,163
2023-12-15,바이오중유,16,163
2023-12-15,바이오중유,17,167
2023-12-15,바이오중유,18,184
2023-12-15,바이오중유,19,186
2023-12-15,바이오중유,20,193
2023-12-15,바이오중유,21,201
2023-12-15,바이오중유,22,206
2023-12-15,바이오중유,23,206
2023-12-15,바이오중유,24,206
2023-12-15,바이오기타,1,0
2023-12-15,바이오기타,2,0
2023-12-15,바이오기타,3,0
2023-12-15,바이오기타,4,0
2023-12-15,바이오기타,5,0
2023-12-15,바이오기타,6,0
2023-12-15,바이오기타,7,0
2023-12-15,바이오기타,8,0
2023-12-15,바이오기타,9,0
2023-12-15,바이오기타,10,0
2023-12-15,바이오기타,11,0
2023-12-15,바이오기타,12,0
2023-12-15,바이오기타,13,0
2023-12-15,바이오기타,14,0
2023-12-15,바이오기타,15,0
2023-12-15,바이오기타,16,0
2023-12-15,바이오기타,17,0
2023-12-15,바이오기타,18,0
2023-12-15,바이오기타,19,0
2023-12-15,바이오기타,20,0
2023-12-15,바이오기타,21,0
2023-12-15,바이오기타,22,0
2023-12-15,바이오기타,23,0
2023-12-15,바이오기타,24,0
2023-12-15,기타,1,28
2023-12-15,기타,2,28
2023-12-15,기타,3,31
2023-12-15,기타,4,32
2023-12-15,기타,5,30
2023-12-15,기타,6,30
2023-12-15,기타,7,28
2023-12-15,기타,8,29
2023-12-15,기타,9,28
2023-12-15,기타,10,26
2023-12-15,기타,11,27
2023-12-15,기타,12,29
2023-12-15,기타,13,29
2023-12-15,기타,14,27
2023-12-15,기타,15,29
2023-12-15,기타,16,28
2023-12-15,기타,17,29
2023-12-15,기타,18,29
2023-12-15,기타,19,29
2023-12-15,기타,20,29
2023-12-15,기타,21,29
2023-12-15,기타,22,31
2023-12-15,기타,23,29
2023-12-15,기타,24,26
2023-12-16,원자력,1,20724
2023-12-16,원자력,2,20724
2023-12-16,원자력,3,20732
2023-12-16,원자력,4,20786
2023-12-16,원자력,5,20788
2023-12-16,원자력,6,20788
2023-12-16,원자력,7,20760
2023-12-16,원자력,8,20823
2023-12-16,원자력,9,20854
2023-12-16,원자력,10,20849
2023-12-16,원자력,11,20832
2023-12-16,원자력,12,20827
2023-12-16,원자력,13,20800
2023-12-16,원자력,14,20760
2023-12-16,원자력,15,20736
2023-12-16,원자력,16,20697
2023-12-16,원자력,17,20662
2023-12-16,원자력,18,20625
2023-12-16,원자력,19,20606
2023-12-16,원자력,20,20571
2023-12-16,원자력,21,20530
2023-12-16,원자력,22,20500
2023-12-16,원자력,23,20483
2023-12-16,원자력,24,20450
2023-12-16,유연탄,1,21237
2023-12-16,유연탄,2,21155
2023-12-16,유연탄,3,21002
2023-12-16,유연탄,4,20410
2023-12-16,유연탄,5,20423
2023-12-16,유연탄,6,20002
2023-12-16,유연탄,7,20404
2023-12-16,유연탄,8,20401
2023-12-16,유연탄,9,20645
2023-12-16,유연탄,10,21060
2023-12-16,유연탄,11,21064
2023-12-16,유연탄,12,21006
2023-12-16,유연탄,13,20791
2023-12-16,유연탄,14,20848
2023-12-16,유연탄,15,20915
2023-12-16,유연탄,16,21093
2023-12-16,유연탄,17,21060
2023-12-16,유연탄,18,21126
2023-12-16,유연탄,19,21264
2023-12-16,유연탄,20,21328
2023-12-16,유연탄,21,21243
2023-12-16,유연탄,22,21150
2023-12-16,유연탄,23,21243
2023-12-16,유연탄,24,21304
2023-12-16,무연탄,1,168
2023-12-16,무연탄,2,168
2023-12-16,무연탄,3,168
2023-12-16,무연탄,4,168
2023-12-16,무연탄,5,167
2023-12-16,무연탄,6,167
2023-12-16,무연탄,7,168
2023-12-16,무연탄,8,167
2023-12-16,무연탄,9,166
2023-12-16,무연탄,10,167
2023-12-16,무연탄,11,167
2023-12-16,무연탄,12,168
2023-12-16,무연탄,13,168
2023-12-16,무연탄,14,168
2023-12-16,무연탄,15,168
2023-12-16,무연탄,16,168
2023-12-16,무연탄,17,167
2023-12-16,무연탄,18,168
2023-12-16,무연탄,19,168
2023-12-16,무연탄,20,168
2023-12-16,무연탄,21,168
2023-12-16,무연탄,22,167
2023-12-16,무연탄,23,167
2023-12-16,무연탄,24,167
2023-12-16,바이오가스,1,38
2023-12-16,바이오가스,2,37
2023-12-16,바이오가스,3,37
2023-12-16,바이오가스,4,38
2023-12-16,바이오가스,5,39
2023-12-16,바이오가스,6,37
2023-12-16,바이오가스,7,39
2023-12-16,바이오가스,8,39
2023-12-16,바이오가스,9,37
2023-12-16,바이오가스,10,36
2023-12-16,바이오가스,11,36
2023-12-16,바이오가스,12,35
2023-12-16,바이오가스,13,36
2023-12-16,바이오가스,14,37
2023-12-16,바이오가스,15,38
2023-12-16,바이오가스,16,36
2023-12-16,바이오가스,17,36
2023-12-16,바이오가스,18,37
2023-12-16,바이오가스,19,37
2023-12-16,바이오가스,20,37
2023-12-16,바이오가스,21,39
2023-12-16,바이오가스,22,38
2023-12-16,바이오가스,23,38
2023-12-16,바이오가스,24,39
2023-12-16,부생가스,1,67
2023-12-16,부생가스,2,68
2023-12-16,부생가스,3,69
2023-12-16,부생가스,4,70
2023-12-16,부생가스,5,72
2023-12-16,부생가스,6,75
2023-12-16,부생가스,7,73
2023-12-16,부생가스,8,74
2023-12-16,부생가스,9,76
2023-12-16,부생가스,10,81
2023-12-16,부생가스,11,81
2023-12-16,부생가스,12,90
2023-12-16,부생가스,13,145
2023-12-16,부생가스,14,165
2023-12-16,부생가스,15,95
2023-12-16,부생가스,16,111
2023-12-16,부생가스,17,92
2023-12-16,부생가스,18,84
2023-12-16,부생가스,19,108
2023-12-16,부생가스,20,101
2023-12-16,부생가스,21,96
2023-12-16,부생가스,22,151
2023-12-16,부생가스,23,87
2023-12-16,부생가스,24,86
2023-12-16,수력,1,328
2023-12-16,수력,2,325
2023-12-16,수력,3,324
2023-12-16,수력,4,322
2023-12-16,수력,5,317
2023-12-16,수력,6,339
2023-12-16,수력,7,352
2023-12-16,수력,8,356
2023-12-16,수력,9,794
2023-12-16,수력,10,804
2023-12-16,수력,11,823
2023-12-16,수력,12,698
2023-12-16,수력,13,455
2023-12-16,수력,14,461
2023-12-16,수력,15,635
2023-12-16,수력,16,661
2023-12-16,수력,17,625
2023-12-16,수력,18,701
2023-12-16,수력,19,716
2023-12-16,수력,20,682
2023-12-16,수력,21,573
2023-12-16,수력,22,425
2023-12-16,수력,23,379
2023-12-16,수력,24,375
2023-12-16,양수,1,324
2023-12-16,양수,2,85
2023-12-16,양수,3,0
2023-12-16,양수,4,0
2023-12-16,양수,5,0
2023-12-16,양수,6,0
2023-12-16,양수,7,0
2023-12-16,양수,8,0
2023-12-16,양수,9,0
2023-12-16,양수,10,0
2023-12-16,양수,11,0
2023-12-16,양수,12,0
2023-12-16,양수,13,0
2023-12-16,양수,14,0
2023-12-16,양수,15,0
2023-12-16,양수,16,0
2023-12-16,양수,17,0
2023-12-16,양수,18,859
2023-12-16,양수,19,1049
2023-12-16,양수,20,840
2023-12-16,양수,21,510
2023-12-16,양수,22,267
2023-12-16,양수,23,732
2023-12-16,양수,24,840
2023-12-16,매립가스,1,29
2023-12-16,매립가스,2,29
2023-12-16,매립가스,3,29
2023-12-16,매립가스,4,29
2023-12-16,매립가스,5,29
2023-12-16,매립가스,6,29
2023-12-16,매립가스,7,29
2023-12-16,매립가스,8,29
2023-12-16,매립가스,9,29
2023-12-16,매립가스,10,29
2023-12-16,매립가스,11,29
2023-12-16,매립가스,12,29
2023-12-16,매립가스,13,29
2023-12-16,매립가스,14,29
2023-12-16,매립가스,15,29
2023-12-16,매립가스,16,29
2023-12-16,매립가스,17,29
2023-12-16,매립가스,18,28
2023-12-16,매립가스,19,28
2023-12-16,매립가스,20,28
2023-12-16,매립가스,21,28
2023-12-16,매립가스,22,27
2023-12-16,매립가스,23,27
2023-12-16,매립가스,24,27
2023-12-16,중유,1,9
2023-12-16,중유,2,9
2023-12-16,중유,3,8
2023-12-16,중유,4,8
2023-12-16,중유,5,8
2023-12-16,중유,6,8
2023-12-16,중유,7,8
2023-12-16,중유,8,8
2023-12-16,중유,9,8
2023-12-16,중유,10,8
2023-12-16,중유,11,8
2023-12-16,중유,12,8
2023-12-16,중유,13,8
2023-12-16,중유,14,8
2023-12-16,중유,15,16
2023-12-16,중유,16,28
2023-12-16,중유,17,32
2023-12-16,중유,18,33
2023-12-16,중유,19,33
2023-12-16,중유,20,33
2023-12-16,중유,21,33
2023-12-16,중유,22,33
2023-12-16,중유,23,34
2023-12-16,중유,24,35
2023-12-16,태양광,1,0
2023-12-16,태양광,2,0
2023-12-16,태양광,3,0
2023-12-16,태양광,4,0
2023-12-16,태양광,5,0
2023-12-16,태양광,6,0
2023-12-16,태양광,7,0
2023-12-16,태양광,8,1
2023-12-16,태양광,9,104
2023-12-16,태양광,10,479
2023-12-16,태양광,11,854
2023-12-16,태양광,12,1116
2023-12-16,태양광,13,1216
2023-12-16,태양광,14,1229
2023-12-16,태양광,15,1097
2023-12-16,태양광,16,643
2023-12-16,태양광,17,708
2023-12-16,태양광,18,331
2023-12-16,태양광,19,150
2023-12-16,태양광,20,76
2023-12-16,태양광,21,25
2023-12-16,태양광,22,4
2023-12-16,태양광,23,1
2023-12-16,태양광,24,0
2023-12-16,폐기물,1,123
2023-12-16,폐기물,2,123
2023-12-16,폐기물,3,121
2023-12-16,폐기물,4,120
2023-12-16,폐기물,5,117
2023-12-16,폐기물,6,119
2023-12-16,폐기물,7,120
2023-12-16,폐기물,8,118
2023-12-16,폐기물,9,117
2023-12-16,폐기물,10,109
2023-12-16,폐기물,11,107
2023-12-16,폐기물,12,107
2023-12-16,폐기물,13,118
2023-12-16,폐기물,14,118
2023-12-16,폐기물,15,120
2023-12-16,폐기물,16,118
2023-12-16,폐기물,17,118
2023-12-16,폐기물,18,118
2023-12-16,폐기물,19,117
2023-12-16,폐기물,20,117
2023-12-16,폐기물,21,119
2023-12-16,폐기물,22,117
2023-12-16,폐기물,23,118
2023-12-16,폐기물,24,115
2023-12-16,풍력,1,664
2023-12-16,풍력,2,713
2023-12-16,풍력,3,798
2023-12-16,풍력,4,875
2023-12-16,풍력,5,1015
2023-12-16,풍력,6,1067
2023-12-16,풍력,7,1064
2023-12-16,풍력,8,1118
2023-12-16,풍력,9,1093
2023-12-16,풍력,10,1157
2023-12-16,풍력,11,1159
2023-12-16,풍력,12,1085
2023-12-16,풍력,13,1020
2023-12-16,풍력,14,985
2023-12-16,풍력,15,972
2023-12-16,풍력,16,1004
2023-12-16,풍력,17,1024
2023-12-16,풍력,18,1037
2023-12-16,풍력,19,1068
2023-12-16,풍력,20,1059
2023-12-16,풍력,21,1028
2023-12-16,풍력,22,992
2023-12-16,풍력,23,1010
2023-12-16,풍력,24,1013
2023-12-16,LNG,1,14962
2023-12-16,LNG,2,12676
2023-12-16,LNG,3,11498
2023-12-16,LNG,4,11023
2023-12-16,LNG,5,11072
2023-12-16,LNG,6,12214
2023-12-16,LNG,7,13800
2023-12-16,LNG,8,15327
2023-12-16,LNG,9,16754
2023-12-16,LNG,10,17829
2023-12-16,LNG,11,18202
2023-12-16,LNG,12,17465
2023-12-16,LNG,13,16471
2023-12-16,LNG,14,16851
2023-12-16,LNG,15,17317
2023-12-16,LNG,16,18555
2023-12-16,LNG,17,19230
2023-12-16,LNG,18,19794
2023-12-16,LNG,19,19862
2023-12-16,LNG,20,19373
2023-12-16,LNG,21,18993
2023-12-16,LNG,22,18455
2023-12-16,LNG,23,18476
2023-12-16,LNG,24,18423
2023-12-16,연료전지,1,838
2023-12-16,연료전지,2,838
2023-12-16,연료전지,3,838
2023-12-16,연료전지,4,838
2023-12-16,연료전지,5,837
2023-12-16,연료전지,6,838
2023-12-16,연료전지,7,838
2023-12-16,연료전지,8,838
2023-12-16,연료전지,9,838
2023-12-16,연료전지,10,838
2023-12-16,연료전지,11,838
2023-12-16,연료전지,12,838
2023-12-16,연료전지,13,837
2023-12-16,연료전지,14,837
2023-12-16,연료전지,15,837
2023-12-16,연료전지,16,837
2023-12-16,연료전지,17,836
2023-12-16,연료전지,18,836
2023-12-16,연료전지,19,836
2023-12-16,연료전지,20,835
2023-12-16,연료전지,21,835
2023-12-16,연료전지,22,834
2023-12-16,연료전지,23,834
2023-12-16,연료전지,24,833
2023-12-16,경유,1,0
2023-12-16,경유,2,0
2023-12-16,경유,3,0
2023-12-16,경유,4,0
2023-12-16,경유,5,0
2023-12-16,경유,6,0
2023-12-16,경유,7,0
2023-12-16,경유,8,0
2023-12-16,경유,9,0
2023-12-16,경유,10,0
2023-12-16,경유,11,0
2023-12-16,경유,12,0
2023-12-16,경유,13,0
2023-12-16,경유,14,0
2023-12-16,경유,15,0
2023-12-16,경유,16,0
2023-12-16,경유,17,0
2023-12-16,경유,18,0
2023-12-16,경유,19,0
2023-12-16,경유,20,0
2023-12-16,경유,21,0
2023-12-16,경유,22,0
2023-12-16,경유,23,0
2023-12-16,경유,24,0
2023-12-16,해양에너지,1,0
2023-12-16,해양에너지,2,0
2023-12-16,해양에너지,3,0
2023-12-16,해양에너지,4,0
2023-12-16,해양에너지,5,108
2023-12-16,해양에너지,6,158
2023-12-16,해양에너지,7,172
2023-12-16,해양에너지,8,136
2023-12-16,해양에너지,9,63
2023-12-16,해양에너지,10,5
2023-12-16,해양에너지,11,0
2023-12-16,해양에너지,12,0
2023-12-16,해양에너지,13,0
2023-12-16,해양에너지,14,0
2023-12-16,해양에너지,15,1
2023-12-16,해양에너지,16,25
2023-12-16,해양에너지,17,146
2023-12-16,해양에너지,18,204
2023-12-16,해양에너지,19,222
2023-12-16,해양에너지,20,204
2023-12-16,해양에너지,21,144
2023-12-16,해양에너지,22,65
2023-12-16,해양에너지,23,7
2023-12-16,해양에너지,24,0
2023-12-16,바이오매스,1,889
2023-12-16,바이오매스,2,888
2023-12-16,바이오매스,3,891
2023-12-16,바이오매스,4,891
2023-12-16,바이오매스,5,892
2023-12-16,바이오매스,6,887
2023-12-16,바이오매스,7,885
2023-12-16,바이오매스,8,889
2023-12-16,바이오매스,9,884
2023-12-16,바이오매스,10,887
2023-12-16,바이오매스,11,888
2023-12-16,바이오매스,12,888
2023-12-16,바이오매스,13,888
2023-12-16,바이오매스,14,886
2023-12-16,바이오매스,15,884
2023-12-16,바이오매스,16,885
2023-12-16,바이오매스,17,885
2023-12-16,바이오매스,18,886
2023-12-16,바이오매스,19,882
2023-12-16,바이오매스,20,886
2023-12-16,바이오매스,21,885
2023-12-16,바이오매스,22,886
2023-12-16,바이오매스,23,887
2023-12-16,바이오매스,24,888
2023-12-16,IGCC,1,263
2023-12-16,IGCC,2,263
2023-12-16,IGCC,3,261
2023-12-16,IGCC,4,259
2023-12-16,IGCC,5,259
2023-12-16,IGCC,6,259
2023-12-16,IGCC,7,259
2023-12-16,IGCC,8,259
2023-12-16,IGCC,9,258
2023-12-16,IGCC,10,256
2023-12-16,IGCC,11,256
2023-12-16,IGCC,12,256
2023-12-16,IGCC,13,256
2023-12-16,IGCC,14,256
2023-12-16,IGCC,15,255
2023-12-16,IGCC,16,256
2023-12-16,IGCC,17,256
2023-12-16,IGCC,18,255
2023-12-16,IGCC,19,255
2023-12-16,IGCC,20,255
2023-12-16,IGCC,21,256
2023-12-16,IGCC,22,259
2023-12-16,IGCC,23,260
2023-12-16,IGCC,24,260
2023-12-16,바이오중유,1,206
2023-12-16,바이오중유,2,205
2023-12-16,바이오중유,3,205
2023-12-16,바이오중유,4,205
2023-12-16,바이오중유,5,205
2023-12-16,바이오중유,6,205
2023-12-16,바이오중유,7,205
2023-12-16,바이오중유,8,205
2023-12-16,바이오중유,9,206
2023-12-16,바이오중유,10,206
2023-12-16,바이오중유,11,206
2023-12-16,바이오중유,12,206
2023-12-16,바이오중유,13,206
2023-12-16,바이오중유,14,206
2023-12-16,바이오중유,15,206
2023-12-16,바이오중유,16,206
2023-12-16,바이오중유,17,206
2023-12-16,바이오중유,18,206
2023-12-16,바이오중유,19,206
2023-12-16,바이오중유,20,206
2023-12-16,바이오중유,21,206
2023-12-16,바이오중유,22,206
2023-12-16,바이오중유,23,206
2023-12-16,바이오중유,24,206
2023-12-16,바이오기타,1,0
2023-12-16,바이오기타,2,0
2023-12-16,바이오기타,3,0
2023-12-16,바이오기타,4,0
2023-12-16,바이오기타,5,0
2023-12-16,바이오기타,6,0
2023-12-16,바이오기타,7,0
2023-12-16,바이오기타,8,0
2023-12-16,바이오기타,9,0
2023-12-16,바이오기타,10,0
2023-12-16,바이오기타,11,0
2023-12-16,바이오기타,12,0
2023-12-16,바이오기타,13,0
2023-12-16,바이오기타,14,0
2023-12-16,바이오기타,15,0
2023-12-16,바이오기타,16,0
2023-12-16,바이오기타,17,0
2023-12-16,바이오기타,18,0
2023-12-16,바이오기타,19,0
2023-12-16,바이오기타,20,0
2023-12-16,바이오기타,21,0
2023-12-16,바이오기타,22,0
2023-12-16,바이오기타,23,0
2023-12-16,바이오기타,24,0
2023-12-16,기타,1,27
2023-12-16,기타,2,28
2023-12-16,기타,3,28
2023-12-16,기타,4,29
2023-12-16,기타,5,29
2023-12-16,기타,6,32
2023-12-16,기타,7,34
2023-12-16,기타,8,38
2023-12-16,기타,9,37
2023-12-16,기타,10,40
2023-12-16,기타,11,39
2023-12-16,기타,12,37
2023-12-16,기타,13,38
2023-12-16,기타,14,32
2023-12-16,기타,15,32
2023-12-16,기타,16,33
2023-12-16,기타,17,41
2023-12-16,기타,18,51
2023-12-16,기타,19,57
2023-12-16,기타,20,56
2023-12-16,기타,21,55
2023-12-16,기타,22,56
2023-12-16,기타,23,56
2023-12-16,기타,24,54
2023-12-17,원자력,1,20416
2023-12-17,원자력,2,20384
2023-12-17,원자력,3,20352
2023-12-17,원자력,4,20322
2023-12-17,원자력,5,20291
2023-12-17,원자력,6,20261
2023-12-17,원자력,7,20231
2023-12-17,원자력,8,20206
2023-12-17,원자력,9,20214
2023-12-17,원자력,10,20194
2023-12-17,원자력,11,20152
2023-12-17,원자력,12,20185
2023-12-17,원자력,13,20218
2023-12-17,원자력,14,20254
2023-12-17,원자력,15,20288
2023-12-17,원자력,16,20322
2023-12-17,원자력,17,20350
2023-12-17,원자력,18,20379
2023-12-17,원자력,19,20407
2023-12-17,원자력,20,20438
2023-12-17,원자력,21,20543
2023-12-17,원자력,22,20588
2023-12-17,원자력,23,20633
2023-12-17,원자력,24,20670
2023-12-17,유연탄,1,21213
2023-12-17,유연탄,2,20765
2023-12-17,유연탄,3,20545
2023-12-17,유연탄,4,20344
2023-12-17,유연탄,5,20320
2023-12-17,유연탄,6,20577
2023-12-17,유연탄,7,20601
2023-12-17,유연탄,8,20637
2023-12-17,유연탄,9,20444
2023-12-17,유연탄,10,20342
2023-12-17,유연탄,11,20181
2023-12-17,유연탄,12,19492
2023-12-17,유연탄,13,19223
2023-12-17,유연탄,14,19016
2023-12-17,유연탄,15,19372
2023-12-17,유연탄,16,20154
2023-12-17,유연탄,17,20765
2023-12-17,유연탄,18,21040
2023-12-17,유연탄,19,20914
2023-12-17,유연탄,20,20825
2023-12-17,유연탄,21,20653
2023-12-17,유연탄,22,20576
2023-12-17,유연탄,23,20735
2023-12-17,유연탄,24,20921
2023-12-17,무연탄,1,167
2023-12-17,무연탄,2,167
2023-12-17,무연탄,3,168
2023-12-17,무연탄,4,168
2023-12-17,무연탄,5,167
2023-12-17,무연탄,6,167
2023-12-17,무연탄,7,167
2023-12-17,무연탄,8,167
2023-12-17,무연탄,9,167
2023-12-17,무연탄,10,167
2023-12-17,무연탄,11,167
2023-12-17,무연탄,12,167
2023-12-17,무연탄,13,163
2023-12-17,무연탄,14,165
2023-12-17,무연탄,15,158
2023-12-17,무연탄,16,157
2023-12-17,무연탄,17,160
2023-12-17,무연탄,18,165
2023-12-17,무연탄,19,166
2023-12-17,무연탄,20,165
2023-12-17,무연탄,21,165
2023-12-17,무연탄,22,165
2023-12-17,무연탄,23,165
2023-12-17,무연탄,24,165
2023-12-17,바이오가스,1,38
2023-12-17,바이오가스,2,38
2023-12-17,바이오가스,3,37
2023-12-17,바이오가스,4,37
2023-12-17,바이오가스,5,37
2023-12-17,바이오가스,6,37
2023-12-17,바이오가스,7,38
2023-12-17,바이오가스,8,37
2023-12-17,바이오가스,9,37
2023-12-17,바이오가스,10,36
2023-12-17,바이오가스,11,35
2023-12-17,바이오가스,12,35
2023-12-17,바이오가스,13,35
2023-12-17,바이오가스,14,36
2023-12-17,바이오가스,15,36
2023-12-17,바이오가스,16,36
2023-12-17,바이오가스,17,37
2023-12-17,바이오가스,18,35
2023-12-17,바이오가스,19,35
2023-12-17,바이오가스,20,35
2023-12-17,바이오가스,21,35
2023-12-17,바이오가스,22,36
2023-12-17,바이오가스,23,39
2023-12-17,바이오가스,24,39
2023-12-17,부생가스,1,87
2023-12-17,부생가스,2,84
2023-12-17,부생가스,3,83
2023-12-17,부생가스,4,83
2023-12-17,부생가스,5,83
2023-12-17,부생가스,6,84
2023-12-17,부생가스,7,85
2023-12-17,부생가스,8,86
2023-12-17,부생가스,9,87
2023-12-17,부생가스,10,86
2023-12-17,부생가스,11,88
2023-12-17,부생가스,12,84
2023-12-17,부생가스,13,82
2023-12-17,부생가스,14,81
2023-12-17,부생가스,15,80
2023-12-17,부생가스,16,80
2023-12-17,부생가스,17,80
2023-12-17,부생가스,18,80
2023-12-17,부생가스,19,79
2023-12-17,부생가스,20,80
2023-12-17,부생가스,21,81
2023-12-17,부생가스,22,81
2023-12-17,부생가스,23,81
2023-12-17,부생가스,24,81
2023-12-17,수력,1,362
2023-12-17,수력,2,363
2023-12-17,수력,3,365
2023-12-17,수력,4,367
2023-12-17,수력,5,365
2023-12-17,수력,6,363
2023-12-17,수력,7,364
2023-12-17,수력,8,372
2023-12-17,수력,9,795
2023-12-17,수력,10,805
2023-12-17,수력,11,759
2023-12-17,수력,12,675
2023-12-17,수력,13,472
2023-12-17,수력,14,627
2023-12-17,수력,15,658
2023-12-17,수력,16,802
2023-12-17,수력,17,732
2023-12-17,수력,18,725
2023-12-17,수력,19,637
2023-12-17,수력,20,572
2023-12-17,수력,21,421
2023-12-17,수력,22,318
2023-12-17,수력,23,314
2023-12-17,수력,24,310
2023-12-17,양수,1,5
2023-12-17,양수,2,0
2023-12-17,양수,3,0
2023-12-17,양수,4,0
2023-12-17,양수,5,0
2023-12-17,양수,6,0
2023-12-17,양수,7,0
2023-12-17,양수,8,0
2023-12-17,양수,9,0
2023-12-17,양수,10,0
2023-12-17,양수,11,0
2023-12-17,양수,12,0
2023-12-17,양수,13,0
2023-12-17,양수,14,0
2023-12-17,양수,15,0
2023-12-17,양수,16,0
2023-12-17,양수,17,0
2023-12-17,양수,18,751
2023-12-17,양수,19,1755
2023-12-17,양수,20,1626
2023-12-17,양수,21,1329
2023-12-17,양수,22,751
2023-12-17,양수,23,319
2023-12-17,양수,24,175
2023-12-17,매립가스,1,27
2023-12-17,매립가스,2,27
2023-12-17,매립가스,3,27
2023-12-17,매립가스,4,27
2023-12-17,매립가스,5,27
2023-12-17,매립가스,6,27
2023-12-17,매립가스,7,29
2023-12-17,매립가스,8,29
2023-12-17,매립가스,9,29
2023-12-17,매립가스,10,29
2023-12-17,매립가스,11,28
2023-12-17,매립가스,12,27
2023-12-17,매립가스,13,29
2023-12-17,매립가스,14,29
2023-12-17,매립가스,15,29
2023-12-17,매립가스,16,29
2023-12-17,매립가스,17,29
2023-12-17,매립가스,18,29
2023-12-17,매립가스,19,29
2023-12-17,매립가스,20,28
2023-12-17,매립가스,21,28
2023-12-17,매립가스,22,28
2023-12-17,매립가스,23,28
2023-12-17,매립가스,24,27
2023-12-17,중유,1,36
2023-12-17,중유,2,36
2023-12-17,중유,3,35
2023-12-17,중유,4,35
2023-12-17,중유,5,35
2023-12-17,중유,6,35
2023-12-17,중유,7,36
2023-12-17,중유,8,36
2023-12-17,중유,9,40
2023-12-17,중유,10,47
2023-12-17,중유,11,55
2023-12-17,중유,12,58
2023-12-17,중유,13,59
2023-12-17,중유,14,58
2023-12-17,중유,15,59
2023-12-17,중유,16,58
2023-12-17,중유,17,59
2023-12-17,중유,18,60
2023-12-17,중유,19,60
2023-12-17,중유,20,61
2023-12-17,중유,21,61
2023-12-17,중유,22,60
2023-12-17,중유,23,61
2023-12-17,중유,24,61
2023-12-17,태양광,1,0
2023-12-17,태양광,2,0
2023-12-17,태양광,3,0
2023-12-17,태양광,4,0
2023-12-17,태양광,5,0
2023-12-17,태양광,6,0
2023-12-17,태양광,7,0
2023-12-17,태양광,8,7
2023-12-17,태양광,9,218
2023-12-17,태양광,10,802
2023-12-17,태양광,11,1318
2023-12-17,태양광,12,1685
2023-12-17,태양광,13,1881
2023-12-17,태양광,14,1848
2023-12-17,태양광,15,1548
2023-12-17,태양광,16,1009
2023-12-17,태양광,17,527
2023-12-17,태양광,18,183
2023-12-17,태양광,19,202
2023-12-17,태양광,20,177
2023-12-17,태양광,21,122
2023-12-17,태양광,22,68
2023-12-17,태양광,23,25
2023-12-17,태양광,24,6
2023-12-17,폐기물,1,112
2023-12-17,폐기물,2,112
2023-12-17,폐기물,3,112
2023-12-17,폐기물,4,113
2023-12-17,폐기물,5,111
2023-12-17,폐기물,6,113
2023-12-17,폐기물,7,112
2023-12-17,폐기물,8,111
2023-12-17,폐기물,9,107
2023-12-17,폐기물,10,104
2023-12-17,폐기물,11,110
2023-12-17,폐기물,12,113
2023-12-17,폐기물,13,111
2023-12-17,폐기물,14,114
2023-12-17,폐기물,15,114
2023-12-17,폐기물,16,112
2023-12-17,폐기물,17,114
2023-12-17,폐기물,18,114
2023-12-17,폐기물,19,107
2023-12-17,폐기물,20,107
2023-12-17,폐기물,21,109
2023-12-17,폐기물,22,109
2023-12-17,폐기물,23,108
2023-12-17,폐기물,24,106
2023-12-17,풍력,1,981
2023-12-17,풍력,2,998
2023-12-17,풍력,3,983
2023-12-17,풍력,4,1007
2023-12-17,풍력,5,996
2023-12-17,풍력,6,971
2023-12-17,풍력,7,878
2023-12-17,풍력,8,800
2023-12-17,풍력,9,700
2023-12-17,풍력,10,757
2023-12-17,풍력,11,758
2023-12-17,풍력,12,698
2023-12-17,풍력,13,650
2023-12-17,풍력,14,614
2023-12-17,풍력,15,545
2023-12-17,풍력,16,511
2023-12-17,풍력,17,495
2023-12-17,풍력,18,504
2023-12-17,풍력,19,553
2023-12-17,풍력,20,650
2023-12-17,풍력,21,662
2023-12-17,풍력,22,624
2023-12-17,풍력,23,604
2023-12-17,풍력,24,577
2023-12-17,LNG,1,16501
2023-12-17,LNG,2,14527
2023-12-17,LNG,3,13232
2023-12-17,LNG,4,12450
2023-12-17,LNG,5,12483
2023-12-17,LNG,6,12799
2023-12-17,LNG,7,13959
2023-12-17,LNG,8,14971
2023-12-17,LNG,9,15133
2023-12-17,LNG,10,14605
2023-12-17,LNG,11,14171
2023-12-17,LNG,12,13603
2023-12-17,LNG,13,13572
2023-12-17,LNG,14,13784
2023-12-17,LNG,15,14137
2023-12-17,LNG,16,14973
2023-12-17,LNG,17,17721
2023-12-17,LNG,18,20257
2023-12-17,LNG,19,20370
2023-12-17,LNG,20,19924
2023-12-17,LNG,21,19440
2023-12-17,LNG,22,18882
2023-12-17,LNG,23,18849
2023-12-17,LNG,24,18838
2023-12-17,연료전지,1,833
2023-12-17,연료전지,2,833
2023-12-17,연료전지,3,832
2023-12-17,연료전지,4,831
2023-12-17,연료전지,5,830
2023-12-17,연료전지,6,829
2023-12-17,연료전지,7,828
2023-12-17,연료전지,8,828
2023-12-17,연료전지,9,828
2023-12-17,연료전지,10,826
2023-12-17,연료전지,11,825
2023-12-17,연료전지,12,825
2023-12-17,연료전지,13,825
2023-12-17,연료전지,14,825
2023-12-17,연료전지,15,825
2023-12-17,연료전지,16,825
2023-12-17,연료전지,17,825
2023-12-17,연료전지,18,825
2023-12-17,연료전지,19,826
2023-12-17,연료전지,20,826
2023-12-17,연료전지,21,826
2023-12-17,연료전지,22,826
2023-12-17,연료전지,23,825
2023-12-17,연료전지,24,824
2023-12-17,경유,1,0
2023-12-17,경유,2,0
2023-12-17,경유,3,0
2023-12-17,경유,4,0
2023-12-17,경유,5,0
2023-12-17,경유,6,0
2023-12-17,경유,7,0
2023-12-17,경유,8,0
2023-12-17,경유,9,0
2023-12-17,경유,10,0
2023-12-17,경유,11,0
2023-12-17,경유,12,0
2023-12-17,경유,13,0
2023-12-17,경유,14,0
2023-12-17,경유,15,0
2023-12-17,경유,16,0
2023-12-17,경유,17,0
2023-12-17,경유,18,0
2023-12-17,경유,19,0
2023-12-17,경유,20,0
2023-12-17,경유,21,0
2023-12-17,경유,22,0
2023-12-17,경유,23,0
2023-12-17,경유,24,0
2023-12-17,해양에너지,1,0
2023-12-17,해양에너지,2,0
2023-12-17,해양에너지,3,0
2023-12-17,해양에너지,4,0
2023-12-17,해양에너지,5,30
2023-12-17,해양에너지,6,108
2023-12-17,해양에너지,7,143
2023-12-17,해양에너지,8,143
2023-12-17,해양에너지,9,104
2023-12-17,해양에너지,10,37
2023-12-17,해양에너지,11,0
2023-12-17,해양에너지,12,0
2023-12-17,해양에너지,13,0
2023-12-17,해양에너지,14,0
2023-12-17,해양에너지,15,0
2023-12-17,해양에너지,16,0
2023-12-17,해양에너지,17,37
2023-12-17,해양에너지,18,162
2023-12-17,해양에너지,19,218
2023-12-17,해양에너지,20,233
2023-12-17,해양에너지,21,210
2023-12-17,해양에너지,22,145
2023-12-17,해양에너지,23,64
2023-12-17,해양에너지,24,6
2023-12-17,바이오매스,1,889
2023-12-17,바이오매스,2,885
2023-12-17,바이오매스,3,887
2023-12-17,바이오매스,4,890
2023-12-17,바이오매스,5,887
2023-12-17,바이오매스,6,887
2023-12-17,바이오매스,7,881
2023-12-17,바이오매스,8,881
2023-12-17,바이오매스,9,886
2023-12-17,바이오매스,10,888
2023-12-17,바이오매스,11,886
2023-12-17,바이오매스,12,883
2023-12-17,바이오매스,13,884
2023-12-17,바이오매스,14,886
2023-12-17,바이오매스,15,886
2023-12-17,바이오매스,16,884
2023-12-17,바이오매스,17,879
2023-12-17,바이오매스,18,882
2023-12-17,바이오매스,19,881
2023-12-17,바이오매스,20,868
2023-12-17,바이오매스,21,866
2023-12-17,바이오매스,22,869
2023-12-17,바이오매스,23,866
2023-12-17,바이오매스,24,866
2023-12-17,IGCC,1,259
2023-12-17,IGCC,2,259
2023-12-17,IGCC,3,256
2023-12-17,IGCC,4,257
2023-12-17,IGCC,5,257
2023-12-17,IGCC,6,256
2023-12-17,IGCC,7,255
2023-12-17,IGCC,8,256
2023-12-17,IGCC,9,256
2023-12-17,IGCC,10,256
2023-12-17,IGCC,11,254
2023-12-17,IGCC,12,254
2023-12-17,IGCC,13,256
2023-12-17,IGCC,14,257
2023-12-17,IGCC,15,257
2023-12-17,IGCC,16,259
2023-12-17,IGCC,17,260
2023-12-17,IGCC,18,262
2023-12-17,IGCC,19,262
2023-12-17,IGCC,20,263
2023-12-17,IGCC,21,262
2023-12-17,IGCC,22,260
2023-12-17,IGCC,23,256
2023-12-17,IGCC,24,258
2023-12-17,바이오중유,1,206
2023-12-17,바이오중유,2,206
2023-12-17,바이오중유,3,206
2023-12-17,바이오중유,4,206
2023-12-17,바이오중유,5,206
2023-12-17,바이오중유,6,206
2023-12-17,바이오중유,7,206
2023-12-17,바이오중유,8,206
2023-12-17,바이오중유,9,206
2023-12-17,바이오중유,10,206
2023-12-17,바이오중유,11,205
2023-12-17,바이오중유,12,205
2023-12-17,바이오중유,13,205
2023-12-17,바이오중유,14,205
2023-12-17,바이오중유,15,205
2023-12-17,바이오중유,16,205
2023-12-17,바이오중유,17,205
2023-12-17,바이오중유,18,212
2023-12-17,바이오중유,19,222
2023-12-17,바이오중유,20,214
2023-12-17,바이오중유,21,206
2023-12-17,바이오중유,22,206
2023-12-17,바이오중유,23,206
2023-12-17,바이오중유,24,206
2023-12-17,바이오기타,1,0
2023-12-17,바이오기타,2,0
2023-12-17,바이오기타,3,0
2023-12-17,바이오기타,4,0
2023-12-17,바이오기타,5,0
2023-12-17,바이오기타,6,0
2023-12-17,바이오기타,7,0
2023-12-17,바이오기타,8,0
2023-12-17,바이오기타,9,0
2023-12-17,바이오기타,10,0
2023-12-17,바이오기타,11,0
2023-12-17,바이오기타,12,0
2023-12-17,바이오기타,13,0
2023-12-17,바이오기타,14,0
2023-12-17,바이오기타,15,0
2023-12-17,바이오기타,16,0
2023-12-17,바이오기타,17,0
2023-12-17,바이오기타,18,0
2023-12-17,바이오기타,19,0
2023-12-17,바이오기타,20,0
2023-12-17,바이오기타,21,0
2023-12-17,바이오기타,22,0
2023-12-17,바이오기타,23,0
2023-12-17,바이오기타,24,0
2023-12-17,기타,1,51
2023-12-17,기타,2,51
2023-12-17,기타,3,50
2023-12-17,기타,4,50
2023-12-17,기타,5,51
2023-12-17,기타,6,53
2023-12-17,기타,7,53
2023-12-17,기타,8,49
2023-12-17,기타,9,43
2023-12-17,기타,10,35
2023-12-17,기타,11,29
2023-12-17,기타,12,23
2023-12-17,기타,13,20
2023-12-17,기타,14,18
2023-12-17,기타,15,15
2023-12-17,기타,16,21
2023-12-17,기타,17,28
2023-12-17,기타,18,36
2023-12-17,기타,19,40
2023-12-17,기타,20,42
2023-12-17,기타,21,42
2023-12-17,기타,22,43
2023-12-17,기타,23,50
2023-12-17,기타,24,50
2023-12-18,원자력,1,20703
2023-12-18,원자력,2,20738
2023-12-18,원자력,3,20769
2023-12-18,원자력,4,20709
2023-12-18,원자력,5,20720
2023-12-18,원자력,6,20722
2023-12-18,원자력,7,20722
2023-12-18,원자력,8,20717
2023-12-18,원자력,9,20713
2023-12-18,원자력,10,20712
2023-12-18,원자력,11,20713
2023-12-18,원자력,12,20711
2023-12-18,원자력,13,20718
2023-12-18,원자력,14,20717
2023-12-18,원자력,15,20720
2023-12-18,원자력,16,20722
2023-12-18,원자력,17,20720
2023-12-18,원자력,18,20719
2023-12-18,원자력,19,20735
2023-12-18,원자력,20,20775
2023-12-18,원자력,21,20805
2023-12-18,원자력,22,20854
2023-12-18,원자력,23,20886
2023-12-18,원자력,24,20906
2023-12-18,유연탄,1,20837
2023-12-18,유연탄,2,20414
2023-12-18,유연탄,3,20062
2023-12-18,유연탄,4,20610
2023-12-18,유연탄,5,21178
2023-12-18,유연탄,6,22075
2023-12-18,유연탄,7,23959
2023-12-18,유연탄,8,25748
2023-12-18,유연탄,9,27230
2023-12-18,유연탄,10,27823
2023-12-18,유연탄,11,27909
2023-12-18,유연탄,12,27762
2023-12-18,유연탄,13,27250
2023-12-18,유연탄,14,27827
2023-12-18,유연탄,15,27909
2023-12-18,유연탄,16,27945
2023-12-18,유연탄,17,28075
2023-12-18,유연탄,18,27950
2023-12-18,유연탄,19,27574
2023-12-18,유연탄,20,27157
2023-12-18,유연탄,21,26925
2023-12-18,유연탄,22,26797
2023-12-18,유연탄,23,26924
2023-12-18,유연탄,24,26992
2023-12-18,무연탄,1,167
2023-12-18,무연탄,2,166
2023-12-18,무연탄,3,167
2023-12-18,무연탄,4,166
2023-12-18,무연탄,5,166
2023-12-18,무연탄,6,166
2023-12-18,무연탄,7,166
2023-12-18,무연탄,8,165
2023-12-18,무연탄,9,164
2023-12-18,무연탄,10,167
2023-12-18,무연탄,11,166
2023-12-18,무연탄,12,166
2023-12-18,무연탄,13,167
2023-12-18,무연탄,14,175
2023-12-18,무연탄,15,181
2023-12-18,무연탄,16,181
2023-12-18,무연탄,17,180
2023-12-18,무연탄,18,180
2023-12-18,무연탄,19,171
2023-12-18,무연탄,20,166
2023-12-18,무연탄,21,167
2023-12-18,무연탄,22,168
2023-12-18,무연탄,23,168
2023-12-18,무연탄,24,168
2023-12-18,바이오가스,1,38
2023-12-18,바이오가스,2,37
2023-12-18,바이오가스,3,35
2023-12-18,바이오가스,4,37
2023-12-18,바이오가스,5,38
2023-12-18,바이오가스,6,37
2023-12-18,바이오가스,7,37
2023-12-18,바이오가스,8,36
2023-12-18,바이오가스,9,35
2023-12-18,바이오가스,10,36
2023-12-18,바이오가스,11,35
2023-12-18,바이오가스,12,35
2023-12-18,바이오가스,13,35
2023-12-18,바이오가스,14,35
2023-12-18,바이오가스,15,35
2023-12-18,바이오가스,16,35
2023-12-18,바이오가스,17,36
2023-12-18,바이오가스,18,35
2023-12-18,바이오가스,19,37
2023-12-18,바이오가스,20,37
2023-12-18,바이오가스,21,36
2023-12-18,바이오가스,22,36
2023-12-18,바이오가스,23,39
2023-12-18,바이오가스,24,39
2023-12-18,부생가스,1,81
2023-12-18,부생가스,2,81
2023-12-18,부생가스,3,81
2023-12-18,부생가스,4,81
2023-12-18,부생가스,5,81
2023-12-18,부생가스,6,80
2023-12-18,부생가스,7,80
2023-12-18,부생가스,8,81
2023-12-18,부생가스,9,144
2023-12-18,부생가스,10,244
2023-12-18,부생가스,11,208
2023-12-18,부생가스,12,228
2023-12-18,부생가스,13,188
2023-12-18,부생가스,14,257
2023-12-18,부생가스,15,260
2023-12-18,부생가스,16,285
2023-12-18,부생가스,17,254
2023-12-18,부생가스,18,241
2023-12-18,부생가스,19,258
2023-12-18,부생가스,20,252
2023-12-18,부생가스,21,255
2023-12-18,부생가스,22,265
2023-12-18,부생가스,23,102
2023-12-18,부생가스,24,71
2023-12-18,수력,1,309
2023-12-18,수력,2,319
2023-12-18,수력,3,319
2023-12-18,수력,4,318
2023-12-18,수력,5,318
2023-12-18,수력,6,316
2023-12-18,수력,7,327
2023-12-18,수력,8,344
2023-12-18,수력,9,768
2023-12-18,수력,10,722
2023-12-18,수력,11,674
2023-12-18,수력,12,626
2023-12-18,수력,13,395
2023-12-18,수력,14,463
2023-12-18,수력,15,557
2023-12-18,수력,16,609
2023-12-18,수력,17,629
2023-12-18,수력,18,677
2023-12-18,수력,19,641
2023-12-18,수력,20,593
2023-12-18,수력,21,522
2023-12-18,수력,22,319
2023-12-18,수력,23,311
2023-12-18,수력,24,303
2023-12-18,양수,1,0
2023-12-18,양수,2,0
2023-12-18,양수,3,0
2023-12-18,양수,4,0
2023-12-18,양수,5,0
2023-12-18,양수,6,0
2023-12-18,양수,7,0
2023-12-18,양수,8,0
2023-12-18,양수,9,0
2023-12-18,양수,10,0
2023-12-18,양수,11,0
2023-12-18,양수,12,0
2023-12-18,양수,13,0
2023-12-18,양수,14,0
2023-12-18,양수,15,710
2023-12-18,양수,16,766
2023-12-18,양수,17,765
2023-12-18,양수,18,1077
2023-12-18,양수,19,1391
2023-12-18,양수,20,1346
2023-12-18,양수,21,863
2023-12-18,양수,22,583
2023-12-18,양수,23,321
2023-12-18,양수,24,208
2023-12-18,매립가스,1,27
2023-12-18,매립가스,2,27
2023-12-18,매립가스,3,27
2023-12-18,매립가스,4,27
2023-12-18,매립가스,5,27
2023-12-18,매립가스,6,27
2023-12-18,매립가스,7,27
2023-12-18,매립가스,8,28
2023-12-18,매립가스,9,28
2023-12-18,매립가스,10,20
2023-12-18,매립가스,11,2
2023-12-18,매립가스,12,2
2023-12-18,매립가스,13,2
2023-12-18,매립가스,14,2
2023-12-18,매립가스,15,2
2023-12-18,매립가스,16,2
2023-12-18,매립가스,17,5
2023-12-18,매립가스,18,5
2023-12-18,매립가스,19,7
2023-12-18,매립가스,20,21
2023-12-18,매립가스,21,28
2023-12-18,매립가스,22,28
2023-12-18,매립가스,23,28
2023-12-18,매립가스,24,28
2023-12-18,중유,1,60
2023-12-18,중유,2,60
2023-12-18,중유,3,59
2023-12-18,중유,4,60
2023-12-18,중유,5,61
2023-12-18,중유,6,60
2023-12-18,중유,7,59
2023-12-18,중유,8,59
2023-12-18,중유,9,59
2023-12-18,중유,10,58
2023-12-18,중유,11,58
2023-12-18,중유,12,58
2023-12-18,중유,13,58
2023-12-18,중유,14,57
2023-12-18,중유,15,58
2023-12-18,중유,16,58
2023-12-18,중유,17,59
2023-12-18,중유,18,70
2023-12-18,중유,19,83
2023-12-18,중유,20,85
2023-12-18,중유,21,84
2023-12-18,중유,22,84
2023-12-18,중유,23,85
2023-12-18,중유,24,85
2023-12-18,태양광,1,1
2023-12-18,태양광,2,0
2023-12-18,태양광,3,0
2023-12-18,태양광,4,0
2023-12-18,태양광,5,0
2023-12-18,태양광,6,0
2023-12-18,태양광,7,0
2023-12-18,태양광,8,9
2023-12-18,태양광,9,272
2023-12-18,태양광,10,840
2023-12-18,태양광,11,1176
2023-12-18,태양광,12,1560
2023-12-18,태양광,13,1580
2023-12-18,태양광,14,1427
2023-12-18,태양광,15,944
2023-12-18,태양광,16,538
2023-12-18,태양광,17,482
2023-12-18,태양광,18,233
2023-12-18,태양광,19,192
2023-12-18,태양광,20,143
2023-12-18,태양광,21,85
2023-12-18,태양광,22,39
2023-12-18,태양광,23,10
2023-12-18,태양광,24,1
2023-12-18,폐기물,1,108
2023-12-18,폐기물,2,107
2023-12-18,폐기물,3,105
2023-12-18,폐기물,4,107
2023-12-18,폐기물,5,110
2023-12-18,폐기물,6,107
2023-12-18,폐기물,7,106
2023-12-18,폐기물,8,107
2023-12-18,폐기물,9,103
2023-12-18,폐기물,10,98
2023-12-18,폐기물,11,99
2023-12-18,폐기물,12,97
2023-12-18,폐기물,13,98
2023-12-18,폐기물,14,99
2023-12-18,폐기물,15,99
2023-12-18,폐기물,16,97
2023-12-18,폐기물,17,102
2023-12-18,폐기물,18,101
2023-12-18,폐기물,19,106
2023-12-18,폐기물,20,105
2023-12-18,폐기물,21,107
2023-12-18,폐기물,22,108
2023-12-18,폐기물,23,107
2023-12-18,폐기물,24,106
2023-12-18,풍력,1,577
2023-12-18,풍력,2,562
2023-12-18,풍력,3,524
2023-12-18,풍력,4,561
2023-12-18,풍력,5,597
2023-12-18,풍력,6,596
2023-12-18,풍력,7,508
2023-12-18,풍력,8,396
2023-12-18,풍력,9,391
2023-12-18,풍력,10,413
2023-12-18,풍력,11,388
2023-12-18,풍력,12,335
2023-12-18,풍력,13,240
2023-12-18,풍력,14,216
2023-12-18,풍력,15,175
2023-12-18,풍력,16,200
2023-12-18,풍력,17,202
2023-12-18,풍력,18,215
2023-12-18,풍력,19,221
2023-12-18,풍력,20,208
2023-12-18,풍력,21,235
2023-12-18,풍력,22,244
2023-12-18,풍력,23,232
2023-12-18,풍력,24,204
2023-12-18,LNG,1,16500
2023-12-18,LNG,2,14801
2023-12-18,LNG,3,14030
2023-12-18,LNG,4,13785
2023-12-18,LNG,5,14295
2023-12-18,LNG,6,15392
2023-12-18,LNG,7,17872
2023-12-18,LNG,8,22158
2023-12-18,LNG,9,28983
2023-12-18,LNG,10,31587
2023-12-18,LNG,11,32056
2023-12-18,LNG,12,30227
2023-12-18,LNG,13,27249
2023-12-18,LNG,14,29261
2023-12-18,LNG,15,30740
2023-12-18,LNG,16,31382
2023-12-18,LNG,17,31566
2023-12-18,LNG,18,30164
2023-12-18,LNG,19,26770
2023-12-18,LNG,20,24685
2023-12-18,LNG,21,21985
2023-12-18,LNG,22,19570
2023-12-18,LNG,23,19211
2023-12-18,LNG,24,18618
2023-12-18,연료전지,1,824
2023-12-18,연료전지,2,823
2023-12-18,연료전지,3,823
2023-12-18,연료전지,4,823
2023-12-18,연료전지,5,823
2023-12-18,연료전지,6,823
2023-12-18,연료전지,7,823
2023-12-18,연료전지,8,823
2023-12-18,연료전지,9,822
2023-12-18,연료전지,10,822
2023-12-18,연료전지,11,822
2023-12-18,연료전지,12,821
2023-12-18,연료전지,13,821
2023-12-18,연료전지,14,822
2023-12-18,연료전지,15,822
2023-12-18,연료전지,16,822
2023-12-18,연료전지,17,822
2023-12-18,연료전지,18,823
2023-12-18,연료전지,19,824
2023-12-18,연료전지,20,826
2023-12-18,연료전지,21,827
2023-12-18,연료전지,22,828
2023-12-18,연료전지,23,829
2023-12-18,연료전지,24,829
2023-12-18,경유,1,0
2023-12-18,경유,2,0
2023-12-18,경유,3,0
2023-12-18,경유,4,0
2023-12-18,경유,5,0
2023-12-18,경유,6,0
2023-12-18,경유,7,0
2023-12-18,경유,8,0
2023-12-18,경유,9,0
2023-12-18,경유,10,0
2023-12-18,경유,11,0
2023-12-18,경유,12,0
2023-12-18,경유,13,0
2023-12-18,경유,14,0
2023-12-18,경유,15,0
2023-12-18,경유,16,0
2023-12-18,경유,17,0
2023-12-18,경유,18,0
2023-12-18,경유,19,0
2023-12-18,경유,20,0
2023-12-18,경유,21,0
2023-12-18,경유,22,0
2023-12-18,경유,23,0
2023-12-18,경유,24,0
2023-12-18,해양에너지,1,0
2023-12-18,해양에너지,2,0
2023-12-18,해양에너지,3,0
2023-12-18,해양에너지,4,0
2023-12-18,해양에너지,5,0
2023-12-18,해양에너지,6,5
2023-12-18,해양에너지,7,121
2023-12-18,해양에너지,8,150
2023-12-18,해양에너지,9,143
2023-12-18,해양에너지,10,100
2023-12-18,해양에너지,11,18
2023-12-18,해양에너지,12,0
2023-12-18,해양에너지,13,0
2023-12-18,해양에너지,14,0
2023-12-18,해양에너지,15,0
2023-12-18,해양에너지,16,0
2023-12-18,해양에너지,17,0
2023-12-18,해양에너지,18,20
2023-12-18,해양에너지,19,159
2023-12-18,해양에너지,20,203
2023-12-18,해양에너지,21,210
2023-12-18,해양에너지,22,181
2023-12-18,해양에너지,23,119
2023-12-18,해양에너지,24,39
2023-12-18,바이오매스,1,866
2023-12-18,바이오매스,2,866
2023-12-18,바이오매스,3,868
2023-12-18,바이오매스,4,867
2023-12-18,바이오매스,5,865
2023-12-18,바이오매스,6,863
2023-12-18,바이오매스,7,861
2023-12-18,바이오매스,8,865
2023-12-18,바이오매스,9,866
2023-12-18,바이오매스,10,863
2023-12-18,바이오매스,11,865
2023-12-18,바이오매스,12,862
2023-12-18,바이오매스,13,862
2023-12-18,바이오매스,14,864
2023-12-18,바이오매스,15,867
2023-12-18,바이오매스,16,868
2023-12-18,바이오매스,17,868
2023-12-18,바이오매스,18,867
2023-12-18,바이오매스,19,867
2023-12-18,바이오매스,20,868
2023-12-18,바이오매스,21,869
2023-12-18,바이오매스,22,868
2023-12-18,바이오매스,23,869
2023-12-18,바이오매스,24,868
2023-12-18,IGCC,1,257
2023-12-18,IGCC,2,258
2023-12-18,IGCC,3,257
2023-12-18,IGCC,4,258
2023-12-18,IGCC,5,258
2023-12-18,IGCC,6,257
2023-12-18,IGCC,7,253
2023-12-18,IGCC,8,255
2023-12-18,IGCC,9,256
2023-12-18,IGCC,10,257
2023-12-18,IGCC,11,255
2023-12-18,IGCC,12,256
2023-12-18,IGCC,13,258
2023-12-18,IGCC,14,259
2023-12-18,IGCC,15,258
2023-12-18,IGCC,16,259
2023-12-18,IGCC,17,259
2023-12-18,IGCC,18,259
2023-12-18,IGCC,19,259
2023-12-18,IGCC,20,261
2023-12-18,IGCC,21,262
2023-12-18,IGCC,22,260
2023-12-18,IGCC,23,257
2023-12-18,IGCC,24,257
2023-12-18,바이오중유,1,206
2023-12-18,바이오중유,2,206
2023-12-18,바이오중유,3,206
2023-12-18,바이오중유,4,206
2023-12-18,바이오중유,5,206
2023-12-18,바이오중유,6,206
2023-12-18,바이오중유,7,206
2023-12-18,바이오중유,8,206
2023-12-18,바이오중유,9,206
2023-12-18,바이오중유,10,205
2023-12-18,바이오중유,11,204
2023-12-18,바이오중유,12,204
2023-12-18,바이오중유,13,204
2023-12-18,바이오중유,14,227
2023-12-18,바이오중유,15,227
2023-12-18,바이오중유,16,212
2023-12-18,바이오중유,17,229
2023-12-18,바이오중유,18,208
2023-12-18,바이오중유,19,203
2023-12-18,바이오중유,20,204
2023-12-18,바이오중유,21,204
2023-12-18,바이오중유,22,204
2023-12-18,바이오중유,23,204
2023-12-18,바이오중유,24,204
2023-12-18,바이오기타,1,0
2023-12-18,바이오기타,2,0
2023-12-18,바이오기타,3,0
2023-12-18,바이오기타,4,0
2023-12-18,바이오기타,5,0
2023-12-18,바이오기타,6,0
2023-12-18,바이오기타,7,0
2023-12-18,바이오기타,8,0
2023-12-18,바이오기타,9,0
2023-12-18,바이오기타,10,0
2023-12-18,바이오기타,11,0
2023-12-18,바이오기타,12,0
2023-12-18,바이오기타,13,0
2023-12-18,바이오기타,14,0
2023-12-18,바이오기타,15,0
2023-12-18,바이오기타,16,0
2023-12-18,바이오기타,17,0
2023-12-18,바이오기타,18,0
2023-12-18,바이오기타,19,0
2023-12-18,바이오기타,20,0
2023-12-18,바이오기타,21,0
2023-12-18,바이오기타,22,0
2023-12-18,바이오기타,23,0
2023-12-18,바이오기타,24,0
2023-12-18,기타,1,50
2023-12-18,기타,2,50
2023-12-18,기타,3,50
2023-12-18,기타,4,47
2023-12-18,기타,5,49
2023-12-18,기타,6,53
2023-12-18,기타,7,53
2023-12-18,기타,8,51
2023-12-18,기타,9,48
2023-12-18,기타,10,45
2023-12-18,기타,11,51
2023-12-18,기타,12,51
2023-12-18,기타,13,51
2023-12-18,기타,14,53
2023-12-18,기타,15,51
2023-12-18,기타,16,52
2023-12-18,기타,17,55
2023-12-18,기타,18,58
2023-12-18,기타,19,61
2023-12-18,기타,20,64
2023-12-18,기타,21,68
2023-12-18,기타,22,70
2023-12-18,기타,23,69
2023-12-18,기타,24,68
2023-12-19,원자력,1,20935
2023-12-19,원자력,2,20949
2023-12-19,원자력,3,20951
2023-12-19,원자력,4,20952
2023-12-19,원자력,5,20952
2023-12-19,원자력,6,20953
2023-12-19,원자력,7,20952
2023-12-19,원자력,8,20951
2023-12-19,원자력,9,20950
2023-12-19,원자력,10,20949
2023-12-19,원자력,11,20953
2023-12-19,원자력,12,20961
2023-12-19,원자력,13,20942
2023-12-19,원자력,14,20927
2023-12-19,원자력,15,20952
2023-12-19,원자력,16,20959
2023-12-19,원자력,17,20958
2023-12-19,원자력,18,20955
2023-12-19,원자력,19,20957
2023-12-19,원자력,20,20959
2023-12-19,원자력,21,20957
2023-12-19,원자력,22,20958
2023-12-19,원자력,23,20957
2023-12-19,원자력,24,20955
2023-12-19,유연탄,1,26721
2023-12-19,유연탄,2,26534
2023-12-19,유연탄,3,26402
2023-12-19,유연탄,4,26496
2023-12-19,유연탄,5,26585
2023-12-19,유연탄,6,26573
2023-12-19,유연탄,7,26846
2023-12-19,유연탄,8,27474
2023-12-19,유연탄,9,27816
2023-12-19,유연탄,10,27877
2023-12-19,유연탄,11,27862
2023-12-19,유연탄,12,27886
2023-12-19,유연탄,13,27186
2023-12-19,유연탄,14,27380
2023-12-19,유연탄,15,27169
2023-12-19,유연탄,16,27233
2023-12-19,유연탄,17,27230
2023-12-19,유연탄,18,27336
2023-12-19,유연탄,19,27531
2023-12-19,유연탄,20,27569
2023-12-19,유연탄,21,27177
2023-12-19,유연탄,22,26940
2023-12-19,유연탄,23,27015
2023-12-19,유연탄,24,27101
2023-12-19,무연탄,1,168
2023-12-19,무연탄,2,168
2023-12-19,무연탄,3,168
2023-12-19,무연탄,4,168
2023-12-19,무연탄,5,168
2023-12-19,무연탄,6,167
2023-12-19,무연탄,7,167
2023-12-19,무연탄,8,167
2023-12-19,무연탄,9,167
2023-12-19,무연탄,10,168
2023-12-19,무연탄,11,168
2023-12-19,무연탄,12,168
2023-12-19,무연탄,13,168
2023-12-19,무연탄,14,176
2023-12-19,무연탄,15,181
2023-12-19,무연탄,16,181
2023-12-19,무연탄,17,180
2023-12-19,무연탄,18,180
2023-12-19,무연탄,19,173
2023-12-19,무연탄,20,166
2023-12-19,무연탄,21,167
2023-12-19,무연탄,22,167
2023-12-19,무연탄,23,167
2023-12-19,무연탄,24,168
2023-12-19,바이오가스,1,39
2023-12-19,바이오가스,2,39
2023-12-19,바이오가스,3,38
2023-12-19,바이오가스,4,39
2023-12-19,바이오가스,5,38
2023-12-19,바이오가스,6,39
2023-12-19,바이오가스,7,39
2023-12-19,바이오가스,8,39
2023-12-19,바이오가스,9,38
2023-12-19,바이오가스,10,37
2023-12-19,바이오가스,11,36
2023-12-19,바이오가스,12,36
2023-12-19,바이오가스,13,34
2023-12-19,바이오가스,14,35
2023-12-19,바이오가스,15,35
2023-12-19,바이오가스,16,35
2023-12-19,바이오가스,17,36
2023-12-19,바이오가스,18,33
2023-12-19,바이오가스,19,34
2023-12-19,바이오가스,20,33
2023-12-19,바이오가스,21,33
2023-12-19,바이오가스,22,33
2023-12-19,바이오가스,23,36
2023-12-19,바이오가스,24,35
2023-12-19,부생가스,1,71
2023-12-19,부생가스,2,71
2023-12-19,부생가스,3,70
2023-12-19,부생가스,4,70
2023-12-19,부생가스,5,70
2023-12-19,부생가스,6,69
2023-12-19,부생가스,7,69
2023-12-19,부생가스,8,70
2023-12-19,부생가스,9,224
2023-12-19,부생가스,10,353
2023-12-19,부생가스,11,388
2023-12-19,부생가스,12,338
2023-12-19,부생가스,13,312
2023-12-19,부생가스,14,300
2023-12-19,부생가스,15,256
2023-12-19,부생가스,16,210
2023-12-19,부생가스,17,233
2023-12-19,부생가스,18,205
2023-12-19,부생가스,19,209
2023-12-19,부생가스,20,223
2023-12-19,부생가스,21,224
2023-12-19,부생가스,22,262
2023-12-19,부생가스,23,94
2023-12-19,부생가스,24,66
2023-12-19,수력,1,325
2023-12-19,수력,2,332
2023-12-19,수력,3,334
2023-12-19,수력,4,334
2023-12-19,수력,5,335
2023-12-19,수력,6,335
2023-12-19,수력,7,341
2023-12-19,수력,8,426
2023-12-19,수력,9,769
2023-12-19,수력,10,772
2023-12-19,수력,11,768
2023-12-19,수력,12,681
2023-12-19,수력,13,435
2023-12-19,수력,14,539
2023-12-19,수력,15,540
2023-12-19,수력,16,629
2023-12-19,수력,17,621
2023-12-19,수력,18,654
2023-12-19,수력,19,682
2023-12-19,수력,20,639
2023-12-19,수력,21,558
2023-12-19,수력,22,520
2023-12-19,수력,23,477
2023-12-19,수력,24,302
2023-12-19,양수,1,0
2023-12-19,양수,2,0
2023-12-19,양수,3,0
2023-12-19,양수,4,0
2023-12-19,양수,5,0
2023-12-19,양수,6,0
2023-12-19,양수,7,0
2023-12-19,양수,8,0
2023-12-19,양수,9,0
2023-12-19,양수,10,263
2023-12-19,양수,11,475
2023-12-19,양수,12,361
2023-12-19,양수,13,0
2023-12-19,양수,14,17
2023-12-19,양수,15,526
2023-12-19,양수,16,675
2023-12-19,양수,17,762
2023-12-19,양수,18,953
2023-12-19,양수,19,1006
2023-12-19,양수,20,401
2023-12-19,양수,21,381
2023-12-19,양수,22,311
2023-12-19,양수,23,244
2023-12-19,양수,24,140
2023-12-19,매립가스,1,28
2023-12-19,매립가스,2,28
2023-12-19,매립가스,3,28
2023-12-19,매립가스,4,28
2023-12-19,매립가스,5,28
2023-12-19,매립가스,6,28
2023-12-19,매립가스,7,29
2023-12-19,매립가스,8,29
2023-12-19,매립가스,9,29
2023-12-19,매립가스,10,29
2023-12-19,매립가스,11,29
2023-12-19,매립가스,12,29
2023-12-19,매립가스,13,29
2023-12-19,매립가스,14,29
2023-12-19,매립가스,15,29
2023-12-19,매립가스,16,29
2023-12-19,매립가스,17,29
2023-12-19,매립가스,18,29
2023-12-19,매립가스,19,29
2023-12-19,매립가스,20,29
2023-12-19,매립가스,21,28
2023-12-19,매립가스,22,28
2023-12-19,매립가스,23,28
2023-12-19,매립가스,24,28
2023-12-19,중유,1,85
2023-12-19,중유,2,84
2023-12-19,중유,3,80
2023-12-19,중유,4,58
2023-12-19,중유,5,58
2023-12-19,중유,6,58
2023-12-19,중유,7,58
2023-12-19,중유,8,58
2023-12-19,중유,9,57
2023-12-19,중유,10,59
2023-12-19,중유,11,59
2023-12-19,중유,12,59
2023-12-19,중유,13,58
2023-12-19,중유,14,58
2023-12-19,중유,15,58
2023-12-19,중유,16,59
2023-12-19,중유,17,58
2023-12-19,중유,18,58
2023-12-19,중유,19,69
2023-12-19,중유,20,81
2023-12-19,중유,21,84
2023-12-19,중유,22,79
2023-12-19,중유,23,57
2023-12-19,중유,24,54
2023-12-19,태양광,1,0
2023-12-19,태양광,2,0
2023-12-19,태양광,3,0
2023-12-19,태양광,4,0
2023-12-19,태양광,5,0
2023-12-19,태양광,6,0
2023-12-19,태양광,7,0
2023-12-19,태양광,8,5
2023-12-19,태양광,9,218
2023-12-19,태양광,10,714
2023-12-19,태양광,11,1220
2023-12-19,태양광,12,1583
2023-12-19,태양광,13,1650
2023-12-19,태양광,14,1290
2023-12-19,태양광,15,893
2023-12-19,태양광,16,609
2023-12-19,태양광,17,737
2023-12-19,태양광,18,453
2023-12-19,태양광,19,248
2023-12-19,태양광,20,124
2023-12-19,태양광,21,63
2023-12-19,태양광,22,26
2023-12-19,태양광,23,6
2023-12-19,태양광,24,1
2023-12-19,폐기물,1,103
2023-12-19,폐기물,2,106
2023-12-19,폐기물,3,112
2023-12-19,폐기물,4,113
2023-12-19,폐기물,5,117
2023-12-19,폐기물,6,114
2023-12-19,폐기물,7,116
2023-12-19,폐기물,8,112
2023-12-19,폐기물,9,112
2023-12-19,폐기물,10,112
2023-12-19,폐기물,11,110
2023-12-19,폐기물,12,110
2023-12-19,폐기물,13,112
2023-12-19,폐기물,14,115
2023-12-19,폐기물,15,117
2023-12-19,폐기물,16,122
2023-12-19,폐기물,17,125
2023-12-19,폐기물,18,128
2023-12-19,폐기물,19,128
2023-12-19,폐기물,20,126
2023-12-19,폐기물,21,126
2023-12-19,폐기물,22,128
2023-12-19,폐기물,23,129
2023-12-19,폐기물,24,127
2023-12-19,풍력,1,192
2023-12-19,풍력,2,202
2023-12-19,풍력,3,219
2023-12-19,풍력,4,274
2023-12-19,풍력,5,280
2023-12-19,풍력,6,220
2023-12-19,풍력,7,189
2023-12-19,풍력,8,139
2023-12-19,풍력,9,113
2023-12-19,풍력,10,149
2023-12-19,풍력,11,140
2023-12-19,풍력,12,125
2023-12-19,풍력,13,118
2023-12-19,풍력,14,133
2023-12-19,풍력,15,181
2023-12-19,풍력,16,175
2023-12-19,풍력,17,170
2023-12-19,풍력,18,178
2023-12-19,풍력,19,218
2023-12-19,풍력,20,248
2023-12-19,풍력,21,328
2023-12-19,풍력,22,416
2023-12-19,풍력,23,505
2023-12-19,풍력,24,614
2023-12-19,LNG,1,15569
2023-12-19,LNG,2,13503
2023-12-19,LNG,3,12962
2023-12-19,LNG,4,13070
2023-12-19,LNG,5,13365
2023-12-19,LNG,6,14122
2023-12-19,LNG,7,16961
2023-12-19,LNG,8,22337
2023-12-19,LNG,9,29408
2023-12-19,LNG,10,31640
2023-12-19,LNG,11,30205
2023-12-19,LNG,12,28223
2023-12-19,LNG,13,25785
2023-12-19,LNG,14,28783
2023-12-19,LNG,15,30079
2023-12-19,LNG,16,30306
2023-12-19,LNG,17,30012
2023-12-19,LNG,18,28670
2023-12-19,LNG,19,25787
2023-12-19,LNG,20,24322
2023-12-19,LNG,21,21727
2023-12-19,LNG,22,19251
2023-12-19,LNG,23,18676
2023-12-19,LNG,24,18128
2023-12-19,연료전지,1,830
2023-12-19,연료전지,2,830
2023-12-19,연료전지,3,830
2023-12-19,연료전지,4,830
2023-12-19,연료전지,5,830
2023-12-19,연료전지,6,830
2023-12-19,연료전지,7,829
2023-12-19,연료전지,8,828
2023-12-19,연료전지,9,828
2023-12-19,연료전지,10,829
2023-12-19,연료전지,11,828
2023-12-19,연료전지,12,828
2023-12-19,연료전지,13,826
2023-12-19,연료전지,14,814
2023-12-19,연료전지,15,814
2023-12-19,연료전지,16,819
2023-12-19,연료전지,17,829
2023-12-19,연료전지,18,829
2023-12-19,연료전지,19,830
2023-12-19,연료전지,20,830
2023-12-19,연료전지,21,830
2023-12-19,연료전지,22,831
2023-12-19,연료전지,23,831
2023-12-19,연료전지,24,832
2023-12-19,경유,1,0
2023-12-19,경유,2,0
2023-12-19,경유,3,0
2023-12-19,경유,4,0
2023-12-19,경유,5,0
2023-12-19,경유,6,0
2023-12-19,경유,7,0
2023-12-19,경유,8,0
2023-12-19,경유,9,0
2023-12-19,경유,10,0
2023-12-19,경유,11,0
2023-12-19,경유,12,0
2023-12-19,경유,13,0
2023-12-19,경유,14,0
2023-12-19,경유,15,0
2023-12-19,경유,16,0
2023-12-19,경유,17,0
2023-12-19,경유,18,0
2023-12-19,경유,19,0
2023-12-19,경유,20,0
2023-12-19,경유,21,0
2023-12-19,경유,22,0
2023-12-19,경유,23,0
2023-12-19,경유,24,0
2023-12-19,해양에너지,1,0
2023-12-19,해양에너지,2,0
2023-12-19,해양에너지,3,0
2023-12-19,해양에너지,4,0
2023-12-19,해양에너지,5,0
2023-12-19,해양에너지,6,0
2023-12-19,해양에너지,7,0
2023-12-19,해양에너지,8,102
2023-12-19,해양에너지,9,134
2023-12-19,해양에너지,10,124
2023-12-19,해양에너지,11,81
2023-12-19,해양에너지,12,12
2023-12-19,해양에너지,13,0
2023-12-19,해양에너지,14,0
2023-12-19,해양에너지,15,0
2023-12-19,해양에너지,16,0
2023-12-19,해양에너지,17,0
2023-12-19,해양에너지,18,0
2023-12-19,해양에너지,19,0
2023-12-19,해양에너지,20,123
2023-12-19,해양에너지,21,170
2023-12-19,해양에너지,22,169
2023-12-19,해양에너지,23,138
2023-12-19,해양에너지,24,87
2023-12-19,바이오매스,1,868
2023-12-19,바이오매스,2,869
2023-12-19,바이오매스,3,869
2023-12-19,바이오매스,4,869
2023-12-19,바이오매스,5,869
2023-12-19,바이오매스,6,868
2023-12-19,바이오매스,7,867
2023-12-19,바이오매스,8,865
2023-12-19,바이오매스,9,866
2023-12-19,바이오매스,10,868
2023-12-19,바이오매스,11,867
2023-12-19,바이오매스,12,865
2023-12-19,바이오매스,13,869
2023-12-19,바이오매스,14,868
2023-12-19,바이오매스,15,865
2023-12-19,바이오매스,16,866
2023-12-19,바이오매스,17,867
2023-12-19,바이오매스,18,872
2023-12-19,바이오매스,19,869
2023-12-19,바이오매스,20,867
2023-12-19,바이오매스,21,869
2023-12-19,바이오매스,22,869
2023-12-19,바이오매스,23,871
2023-12-19,바이오매스,24,870
2023-12-19,IGCC,1,258
2023-12-19,IGCC,2,258
2023-12-19,IGCC,3,257
2023-12-19,IGCC,4,257
2023-12-19,IGCC,5,259
2023-12-19,IGCC,6,258
2023-12-19,IGCC,7,256
2023-12-19,IGCC,8,257
2023-12-19,IGCC,9,260
2023-12-19,IGCC,10,262
2023-12-19,IGCC,11,262
2023-12-19,IGCC,12,264
2023-12-19,IGCC,13,265
2023-12-19,IGCC,14,266
2023-12-19,IGCC,15,263
2023-12-19,IGCC,16,264
2023-12-19,IGCC,17,264
2023-12-19,IGCC,18,263
2023-12-19,IGCC,19,261
2023-12-19,IGCC,20,261
2023-12-19,IGCC,21,262
2023-12-19,IGCC,22,263
2023-12-19,IGCC,23,263
2023-12-19,IGCC,24,264
2023-12-19,바이오중유,1,204
2023-12-19,바이오중유,2,204
2023-12-19,바이오중유,3,204
2023-12-19,바이오중유,4,203
2023-12-19,바이오중유,5,204
2023-12-19,바이오중유,6,204
2023-12-19,바이오중유,7,203
2023-12-19,바이오중유,8,206
2023-12-19,바이오중유,9,247
2023-12-19,바이오중유,10,258
2023-12-19,바이오중유,11,210
2023-12-19,바이오중유,12,204
2023-12-19,바이오중유,13,203
2023-12-19,바이오중유,14,203
2023-12-19,바이오중유,15,212
2023-12-19,바이오중유,16,228
2023-12-19,바이오중유,17,230
2023-12-19,바이오중유,18,239
2023-12-19,바이오중유,19,230
2023-12-19,바이오중유,20,225
2023-12-19,바이오중유,21,210
2023-12-19,바이오중유,22,204
2023-12-19,바이오중유,23,203
2023-12-19,바이오중유,24,204
2023-12-19,바이오기타,1,0
2023-12-19,바이오기타,2,0
2023-12-19,바이오기타,3,0
2023-12-19,바이오기타,4,0
2023-12-19,바이오기타,5,0
2023-12-19,바이오기타,6,0
2023-12-19,바이오기타,7,0
2023-12-19,바이오기타,8,0
2023-12-19,바이오기타,9,0
2023-12-19,바이오기타,10,0
2023-12-19,바이오기타,11,0
2023-12-19,바이오기타,12,0
2023-12-19,바이오기타,13,0
2023-12-19,바이오기타,14,0
2023-12-19,바이오기타,15,0
2023-12-19,바이오기타,16,0
2023-12-19,바이오기타,17,0
2023-12-19,바이오기타,18,0
2023-12-19,바이오기타,19,0
2023-12-19,바이오기타,20,0
2023-12-19,바이오기타,21,0
2023-12-19,바이오기타,22,0
2023-12-19,바이오기타,23,0
2023-12-19,바이오기타,24,0
2023-12-19,기타,1,63
2023-12-19,기타,2,64
2023-12-19,기타,3,62
2023-12-19,기타,4,59
2023-12-19,기타,5,59
2023-12-19,기타,6,62
2023-12-19,기타,7,62
2023-12-19,기타,8,61
2023-12-19,기타,9,56
2023-12-19,기타,10,52
2023-12-19,기타,11,53
2023-12-19,기타,12,60
2023-12-19,기타,13,63
2023-12-19,기타,14,64
2023-12-19,기타,15,64
2023-12-19,기타,16,64
2023-12-19,기타,17,65
2023-12-19,기타,18,61
2023-12-19,기타,19,68
2023-12-19,기타,20,66
2023-12-19,기타,21,65
2023-12-19,기타,22,69
2023-12-19,기타,23,62
2023-12-19,기타,24,57
2023-12-20,원자력,1,20955
2023-12-20,원자력,2,20953
2023-12-20,원자력,3,20953
2023-12-20,원자력,4,20954
2023-12-20,원자력,5,20955
2023-12-20,원자력,6,20953
2023-12-20,원자력,7,20952
2023-12-20,원자력,8,20951
2023-12-20,원자력,9,20949
2023-12-20,원자력,10,20949
2023-12-20,원자력,11,20957
2023-12-20,원자력,12,20965
2023-12-20,원자력,13,20957
2023-12-20,원자력,14,20956
2023-12-20,원자력,15,20955
2023-12-20,원자력,16,20955
2023-12-20,원자력,17,20952
2023-12-20,원자력,18,20949
2023-12-20,원자력,19,20953
2023-12-20,원자력,20,20952
2023-12-20,원자력,21,20951
2023-12-20,원자력,22,20950
2023-12-20,원자력,23,20949
2023-12-20,원자력,24,20945
2023-12-20,유연탄,1,26521
2023-12-20,유연탄,2,26205
2023-12-20,유연탄,3,25824
2023-12-20,유연탄,4,25947
2023-12-20,유연탄,5,26116
2023-12-20,유연탄,6,26166
2023-12-20,유연탄,7,26047
2023-12-20,유연탄,8,26704
2023-12-20,유연탄,9,27477
2023-12-20,유연탄,10,27496
2023-12-20,유연탄,11,27591
2023-12-20,유연탄,12,27415
2023-12-20,유연탄,13,26619
2023-12-20,유연탄,14,27509
2023-12-20,유연탄,15,27800
2023-12-20,유연탄,16,27793
2023-12-20,유연탄,17,27882
2023-12-20,유연탄,18,27696
2023-12-20,유연탄,19,27574
2023-12-20,유연탄,20,27609
2023-12-20,유연탄,21,27449
2023-12-20,유연탄,22,27018
2023-12-20,유연탄,23,27330
2023-12-20,유연탄,24,27417
2023-12-20,무연탄,1,168
2023-12-20,무연탄,2,168
2023-12-20,무연탄,3,168
2023-12-20,무연탄,4,168
2023-12-20,무연탄,5,168
2023-12-20,무연탄,6,168
2023-12-20,무연탄,7,168
2023-12-20,무연탄,8,167
2023-12-20,무연탄,9,168
2023-12-20,무연탄,10,168
2023-12-20,무연탄,11,168
2023-12-20,무연탄,12,168
2023-12-20,무연탄,13,167
2023-12-20,무연탄,14,176
2023-12-20,무연탄,15,181
2023-12-20,무연탄,16,179
2023-12-20,무연탄,17,180
2023-12-20,무연탄,18,180
2023-12-20,무연탄,19,172
2023-12-20,무연탄,20,166
2023-12-20,무연탄,21,167
2023-12-20,무연탄,22,167
2023-12-20,무연탄,23,167
2023-12-20,무연탄,24,167
2023-12-20,바이오가스,1,35
2023-12-20,바이오가스,2,35
2023-12-20,바이오가스,3,35
2023-12-20,바이오가스,4,35
2023-12-20,바이오가스,5,35
2023-12-20,바이오가스,6,35
2023-12-20,바이오가스,7,35
2023-12-20,바이오가스,8,35
2023-12-20,바이오가스,9,35
2023-12-20,바이오가스,10,35
2023-12-20,바이오가스,11,34
2023-12-20,바이오가스,12,36
2023-12-20,바이오가스,13,37
2023-12-20,바이오가스,14,36
2023-12-20,바이오가스,15,35
2023-12-20,바이오가스,16,34
2023-12-20,바이오가스,17,36
2023-12-20,바이오가스,18,36
2023-12-20,바이오가스,19,36
2023-12-20,바이오가스,20,36
2023-12-20,바이오가스,21,34
2023-12-20,바이오가스,22,34
2023-12-20,바이오가스,23,33
2023-12-20,바이오가스,24,33
2023-12-20,부생가스,1,68
2023-12-20,부생가스,2,67
2023-12-20,부생가스,3,67
2023-12-20,부생가스,4,67
2023-12-20,부생가스,5,67
2023-12-20,부생가스,6,67
2023-12-20,부생가스,7,68
2023-12-20,부생가스,8,72
2023-12-20,부생가스,9,197
2023-12-20,부생가스,10,298
2023-12-20,부생가스,11,264
2023-12-20,부생가스,12,290
2023-12-20,부생가스,13,355
2023-12-20,부생가스,14,356
2023-12-20,부생가스,15,342
2023-12-20,부생가스,16,258
2023-12-20,부생가스,17,188
2023-12-20,부생가스,18,185
2023-12-20,부생가스,19,239
2023-12-20,부생가스,20,244
2023-12-20,부생가스,21,207
2023-12-20,부생가스,22,255
2023-12-20,부생가스,23,225
2023-12-20,부생가스,24,229
2023-12-20,수력,1,315
2023-12-20,수력,2,317
2023-12-20,수력,3,318
2023-12-20,수력,4,319
2023-12-20,수력,5,319
2023-12-20,수력,6,319
2023-12-20,수력,7,321
2023-12-20,수력,8,489
2023-12-20,수력,9,798
2023-12-20,수력,10,784
2023-12-20,수력,11,670
2023-12-20,수력,12,588
2023-12-20,수력,13,504
2023-12-20,수력,14,562
2023-12-20,수력,15,551
2023-12-20,수력,16,567
2023-12-20,수력,17,599
2023-12-20,수력,18,623
2023-12-20,수력,19,645
2023-12-20,수력,20,629
2023-12-20,수력,21,557
2023-12-20,수력,22,431
2023-12-20,수력,23,295
2023-12-20,수력,24,285
2023-12-20,양수,1,0
2023-12-20,양수,2,0
2023-12-20,양수,3,0
2023-12-20,양수,4,0
2023-12-20,양수,5,0
2023-12-20,양수,6,0
2023-12-20,양수,7,0
2023-12-20,양수,8,0
2023-12-20,양수,9,0
2023-12-20,양수,10,322
2023-12-20,양수,11,460
2023-12-20,양수,12,263
2023-12-20,양수,13,0
2023-12-20,양수,14,0
2023-12-20,양수,15,0
2023-12-20,양수,16,721
2023-12-20,양수,17,986
2023-12-20,양수,18,1080
2023-12-20,양수,19,796
2023-12-20,양수,20,483
2023-12-20,양수,21,468
2023-12-20,양수,22,471
2023-12-20,양수,23,384
2023-12-20,양수,24,459
2023-12-20,매립가스,1,28
2023-12-20,매립가스,2,28
2023-12-20,매립가스,3,28
2023-12-20,매립가스,4,28
2023-12-20,매립가스,5,28
2023-12-20,매립가스,6,28
2023-12-20,매립가스,7,28
2023-12-20,매립가스,8,28
2023-12-20,매립가스,9,28
2023-12-20,매립가스,10,27
2023-12-20,매립가스,11,27
2023-12-20,매립가스,12,27
2023-12-20,매립가스,13,27
2023-12-20,매립가스,14,28
2023-12-20,매립가스,15,28
2023-12-20,매립가스,16,28
2023-12-20,매립가스,17,28
2023-12-20,매립가스,18,28
2023-12-20,매립가스,19,28
2023-12-20,매립가스,20,28
2023-12-20,매립가스,21,28
2023-12-20,매립가스,22,28
2023-12-20,매립가스,23,28
2023-12-20,매립가스,24,27
2023-12-20,중유,1,34
2023-12-20,중유,2,34
2023-12-20,중유,3,33
2023-12-20,중유,4,33
2023-12-20,중유,5,33
2023-12-20,중유,6,33
2023-12-20,중유,7,33
2023-12-20,중유,8,33
2023-12-20,중유,9,33
2023-12-20,중유,10,33
2023-12-20,중유,11,34
2023-12-20,중유,12,33
2023-12-20,중유,13,34
2023-12-20,중유,14,34
2023-12-20,중유,15,47
2023-12-20,중유,16,61
2023-12-20,중유,17,62
2023-12-20,중유,18,61
2023-12-20,중유,19,46
2023-12-20,중유,20,36
2023-12-20,중유,21,35
2023-12-20,중유,22,35
2023-12-20,중유,23,35
2023-12-20,중유,24,35
2023-12-20,태양광,1,0
2023-12-20,태양광,2,0
2023-12-20,태양광,3,0
2023-12-20,태양광,4,0
2023-12-20,태양광,5,0
2023-12-20,태양광,6,0
2023-12-20,태양광,7,0
2023-12-20,태양광,8,2
2023-12-20,태양광,9,161
2023-12-20,태양광,10,682
2023-12-20,태양광,11,1081
2023-12-20,태양광,12,1419
2023-12-20,태양광,13,1556
2023-12-20,태양광,14,1599
2023-12-20,태양광,15,1250
2023-12-20,태양광,16,806
2023-12-20,태양광,17,703
2023-12-20,태양광,18,364
2023-12-20,태양광,19,231
2023-12-20,태양광,20,134
2023-12-20,태양광,21,75
2023-12-20,태양광,22,35
2023-12-20,태양광,23,11
2023-12-20,태양광,24,1
2023-12-20,폐기물,1,129
2023-12-20,폐기물,2,129
2023-12-20,폐기물,3,124
2023-12-20,폐기물,4,125
2023-12-20,폐기물,5,129
2023-12-20,폐기물,6,132
2023-12-20,폐기물,7,129
2023-12-20,폐기물,8,127
2023-12-20,폐기물,9,130
2023-12-20,폐기물,10,128
2023-12-20,폐기물,11,128
2023-12-20,폐기물,12,126
2023-12-20,폐기물,13,126
2023-12-20,폐기물,14,126
2023-12-20,폐기물,15,126
2023-12-20,폐기물,16,128
2023-12-20,폐기물,17,130
2023-12-20,폐기물,18,131
2023-12-20,폐기물,19,128
2023-12-20,폐기물,20,121
2023-12-20,폐기물,21,123
2023-12-20,폐기물,22,125
2023-12-20,폐기물,23,121
2023-12-20,폐기물,24,117
2023-12-20,풍력,1,684
2023-12-20,풍력,2,729
2023-12-20,풍력,3,773
2023-12-20,풍력,4,768
2023-12-20,풍력,5,816
2023-12-20,풍력,6,976
2023-12-20,풍력,7,1015
2023-12-20,풍력,8,1008
2023-12-20,풍력,9,1041
2023-12-20,풍력,10,1082
2023-12-20,풍력,11,1065
2023-12-20,풍력,12,1073
2023-12-20,풍력,13,1078
2023-12-20,풍력,14,1091
2023-12-20,풍력,15,1090
2023-12-20,풍력,16,1134
2023-12-20,풍력,17,1163
2023-12-20,풍력,18,1140
2023-12-20,풍력,19,1150
2023-12-20,풍력,20,1146
2023-12-20,풍력,21,1112
2023-12-20,풍력,22,1098
2023-12-20,풍력,23,1046
2023-12-20,풍력,24,976
2023-12-20,LNG,1,15334
2023-12-20,LNG,2,13667
2023-12-20,LNG,3,13312
2023-12-20,LNG,4,13016
2023-12-20,LNG,5,13143
2023-12-20,LNG,6,13997
2023-12-20,LNG,7,16676
2023-12-20,LNG,8,21892
2023-12-20,LNG,9,28804
2023-12-20,LNG,10,31564
2023-12-20,LNG,11,31294
2023-12-20,LNG,12,29908
2023-12-20,LNG,13,27409
2023-12-20,LNG,14,28663
2023-12-20,LNG,15,29758
2023-12-20,LNG,16,30184
2023-12-20,LNG,17,30527
2023-12-20,LNG,18,29952
2023-12-20,LNG,19,27784
2023-12-20,LNG,20,26372
2023-12-20,LNG,21,23857
2023-12-20,LNG,22,21563
2023-12-20,LNG,23,20552
2023-12-20,LNG,24,19844
2023-12-20,연료전지,1,832
2023-12-20,연료전지,2,833
2023-12-20,연료전지,3,833
2023-12-20,연료전지,4,833
2023-12-20,연료전지,5,833
2023-12-20,연료전지,6,833
2023-12-20,연료전지,7,833
2023-12-20,연료전지,8,832
2023-12-20,연료전지,9,831
2023-12-20,연료전지,10,831
2023-12-20,연료전지,11,831
2023-12-20,연료전지,12,831
2023-12-20,연료전지,13,831
2023-12-20,연료전지,14,830
2023-12-20,연료전지,15,830
2023-12-20,연료전지,16,831
2023-12-20,연료전지,17,831
2023-12-20,연료전지,18,831
2023-12-20,연료전지,19,830
2023-12-20,연료전지,20,829
2023-12-20,연료전지,21,829
2023-12-20,연료전지,22,831
2023-12-20,연료전지,23,832
2023-12-20,연료전지,24,832
2023-12-20,경유,1,0
2023-12-20,경유,2,0
2023-12-20,경유,3,0
2023-12-20,경유,4,0
2023-12-20,경유,5,0
2023-12-20,경유,6,0
2023-12-20,경유,7,0
2023-12-20,경유,8,0
2023-12-20,경유,9,0
2023-12-20,경유,10,0
2023-12-20,경유,11,0
2023-12-20,경유,12,0
2023-12-20,경유,13,0
2023-12-20,경유,14,0
2023-12-20,경유,15,0
2023-12-20,경유,16,0
2023-12-20,경유,17,0
2023-12-20,경유,18,0
2023-12-20,경유,19,0
2023-12-20,경유,20,0
2023-12-20,경유,21,0
2023-12-20,경유,22,0
2023-12-20,경유,23,0
2023-12-20,경유,24,0
2023-12-20,해양에너지,1,16
2023-12-20,해양에너지,2,0
2023-12-20,해양에너지,3,0
2023-12-20,해양에너지,4,0
2023-12-20,해양에너지,5,0
2023-12-20,해양에너지,6,0
2023-12-20,해양에너지,7,0
2023-12-20,해양에너지,8,3
2023-12-20,해양에너지,9,93
2023-12-20,해양에너지,10,113
2023-12-20,해양에너지,11,105
2023-12-20,해양에너지,12,65
2023-12-20,해양에너지,13,16
2023-12-20,해양에너지,14,0
2023-12-20,해양에너지,15,0
2023-12-20,해양에너지,16,0
2023-12-20,해양에너지,17,0
2023-12-20,해양에너지,18,0
2023-12-20,해양에너지,19,0
2023-12-20,해양에너지,20,0
2023-12-20,해양에너지,21,73
2023-12-20,해양에너지,22,130
2023-12-20,해양에너지,23,129
2023-12-20,해양에너지,24,104
2023-12-20,바이오매스,1,871
2023-12-20,바이오매스,2,870
2023-12-20,바이오매스,3,870
2023-12-20,바이오매스,4,870
2023-12-20,바이오매스,5,870
2023-12-20,바이오매스,6,869
2023-12-20,바이오매스,7,869
2023-12-20,바이오매스,8,870
2023-12-20,바이오매스,9,869
2023-12-20,바이오매스,10,871
2023-12-20,바이오매스,11,895
2023-12-20,바이오매스,12,913
2023-12-20,바이오매스,13,908
2023-12-20,바이오매스,14,907
2023-12-20,바이오매스,15,908
2023-12-20,바이오매스,16,911
2023-12-20,바이오매스,17,936
2023-12-20,바이오매스,18,971
2023-12-20,바이오매스,19,997
2023-12-20,바이오매스,20,1002
2023-12-20,바이오매스,21,999
2023-12-20,바이오매스,22,1005
2023-12-20,바이오매스,23,1005
2023-12-20,바이오매스,24,1007
2023-12-20,IGCC,1,264
2023-12-20,IGCC,2,263
2023-12-20,IGCC,3,261
2023-12-20,IGCC,4,262
2023-12-20,IGCC,5,263
2023-12-20,IGCC,6,264
2023-12-20,IGCC,7,263
2023-12-20,IGCC,8,264
2023-12-20,IGCC,9,265
2023-12-20,IGCC,10,263
2023-12-20,IGCC,11,261
2023-12-20,IGCC,12,262
2023-12-20,IGCC,13,262
2023-12-20,IGCC,14,260
2023-12-20,IGCC,15,261
2023-12-20,IGCC,16,262
2023-12-20,IGCC,17,263
2023-12-20,IGCC,18,261
2023-12-20,IGCC,19,262
2023-12-20,IGCC,20,263
2023-12-20,IGCC,21,259
2023-12-20,IGCC,22,258
2023-12-20,IGCC,23,263
2023-12-20,IGCC,24,260
2023-12-20,바이오중유,1,204
2023-12-20,바이오중유,2,204
2023-12-20,바이오중유,3,204
2023-12-20,바이오중유,4,204
2023-12-20,바이오중유,5,204
2023-12-20,바이오중유,6,204
2023-12-20,바이오중유,7,204
2023-12-20,바이오중유,8,204
2023-12-20,바이오중유,9,204
2023-12-20,바이오중유,10,204
2023-12-20,바이오중유,11,204
2023-12-20,바이오중유,12,188
2023-12-20,바이오중유,13,144
2023-12-20,바이오중유,14,181
2023-12-20,바이오중유,15,203
2023-12-20,바이오중유,16,203
2023-12-20,바이오중유,17,203
2023-12-20,바이오중유,18,203
2023-12-20,바이오중유,19,203
2023-12-20,바이오중유,20,203
2023-12-20,바이오중유,21,203
2023-12-20,바이오중유,22,203
2023-12-20,바이오중유,23,203
2023-12-20,바이오중유,24,203
2023-12-20,바이오기타,1,0
2023-12-20,바이오기타,2,0
2023-12-20,바이오기타,3,0
2023-12-20,바이오기타,4,0
2023-12-20,바이오기타,5,0
2023-12-20,바이오기타,6,0
2023-12-20,바이오기타,7,0
2023-12-20,바이오기타,8,0
2023-12-20,바이오기타,9,0
2023-12-20,바이오기타,10,0
2023-12-20,바이오기타,11,0
2023-12-20,바이오기타,12,0
2023-12-20,바이오기타,13,0
2023-12-20,바이오기타,14,0
2023-12-20,바이오기타,15,0
2023-12-20,바이오기타,16,0
2023-12-20,바이오기타,17,0
2023-12-20,바이오기타,18,0
2023-12-20,바이오기타,19,0
2023-12-20,바이오기타,20,0
2023-12-20,바이오기타,21,0
2023-12-20,바이오기타,22,0
2023-12-20,바이오기타,23,0
2023-12-20,바이오기타,24,0
2023-12-20,기타,1,52
2023-12-20,기타,2,52
2023-12-20,기타,3,53
2023-12-20,기타,4,50
2023-12-20,기타,5,52
2023-12-20,기타,6,53
2023-12-20,기타,7,52
2023-12-20,기타,8,55
2023-12-20,기타,9,49
2023-12-20,기타,10,45
2023-12-20,기타,11,43
2023-12-20,기타,12,41
2023-12-20,기타,13,41
2023-12-20,기타,14,43
2023-12-20,기타,15,45
2023-12-20,기타,16,47
2023-12-20,기타,17,48
2023-12-20,기타,18,53
2023-12-20,기타,19,59
2023-12-20,기타,20,63
2023-12-20,기타,21,65
2023-12-20,기타,22,66
2023-12-20,기타,23,65
2023-12-20,기타,24,62
2023-12-21,원자력,1,20943
2023-12-21,원자력,2,20941
2023-12-21,원자력,3,20940
2023-12-21,원자력,4,20941
2023-12-21,원자력,5,20942
2023-12-21,원자력,6,20942
2023-12-21,원자력,7,20940
2023-12-21,원자력,8,20938
2023-12-21,원자력,9,20936
2023-12-21,원자력,10,20935
2023-12-21,원자력,11,20937
2023-12-21,원자력,12,20942
2023-12-21,원자력,13,20938
2023-12-21,원자력,14,20936
2023-12-21,원자력,15,20942
2023-12-21,원자력,16,20938
2023-12-21,원자력,17,20932
2023-12-21,원자력,18,20935
2023-12-21,원자력,19,21007
2023-12-21,원자력,20,21032
2023-12-21,원자력,21,21032
2023-12-21,원자력,22,21030
2023-12-21,원자력,23,21028
2023-12-21,원자력,24,21052
2023-12-21,유연탄,1,26816
2023-12-21,유연탄,2,26810
2023-12-21,유연탄,3,26820
2023-12-21,유연탄,4,26714
2023-12-21,유연탄,5,26724
2023-12-21,유연탄,6,26484
2023-12-21,유연탄,7,26601
2023-12-21,유연탄,8,27197
2023-12-21,유연탄,9,27737
2023-12-21,유연탄,10,27692
2023-12-21,유연탄,11,27332
2023-12-21,유연탄,12,26573
2023-12-21,유연탄,13,26287
2023-12-21,유연탄,14,26849
2023-12-21,유연탄,15,26892
2023-12-21,유연탄,16,27483
2023-12-21,유연탄,17,27787
2023-12-21,유연탄,18,27586
2023-12-21,유연탄,19,27256
2023-12-21,유연탄,20,27034
2023-12-21,유연탄,21,26380
2023-12-21,유연탄,22,26183
2023-12-21,유연탄,23,26384
2023-12-21,유연탄,24,26700
2023-12-21,무연탄,1,168
2023-12-21,무연탄,2,167
2023-12-21,무연탄,3,168
2023-12-21,무연탄,4,168
2023-12-21,무연탄,5,168
2023-12-21,무연탄,6,167
2023-12-21,무연탄,7,167
2023-12-21,무연탄,8,167
2023-12-21,무연탄,9,167
2023-12-21,무연탄,10,168
2023-12-21,무연탄,11,167
2023-12-21,무연탄,12,168
2023-12-21,무연탄,13,168
2023-12-21,무연탄,14,168
2023-12-21,무연탄,15,168
2023-12-21,무연탄,16,168
2023-12-21,무연탄,17,167
2023-12-21,무연탄,18,167
2023-12-21,무연탄,19,167
2023-12-21,무연탄,20,167
2023-12-21,무연탄,21,167
2023-12-21,무연탄,22,168
2023-12-21,무연탄,23,168
2023-12-21,무연탄,24,167
2023-12-21,바이오가스,1,33
2023-12-21,바이오가스,2,34
2023-12-21,바이오가스,3,34
2023-12-21,바이오가스,4,33
2023-12-21,바이오가스,5,33
2023-12-21,바이오가스,6,33
2023-12-21,바이오가스,7,33
2023-12-21,바이오가스,8,32
2023-12-21,바이오가스,9,31
2023-12-21,바이오가스,10,33
2023-12-21,바이오가스,11,33
2023-12-21,바이오가스,12,34
2023-12-21,바이오가스,13,35
2023-12-21,바이오가스,14,34
2023-12-21,바이오가스,15,35
2023-12-21,바이오가스,16,33
2023-12-21,바이오가스,17,33
2023-12-21,바이오가스,18,36
2023-12-21,바이오가스,19,37
2023-12-21,바이오가스,20,37
2023-12-21,바이오가스,21,37
2023-12-21,바이오가스,22,36
2023-12-21,바이오가스,23,36
2023-12-21,바이오가스,24,35
2023-12-21,부생가스,1,233
2023-12-21,부생가스,2,250
2023-12-21,부생가스,3,189
2023-12-21,부생가스,4,198
2023-12-21,부생가스,5,186
2023-12-21,부생가스,6,205
2023-12-21,부생가스,7,244
2023-12-21,부생가스,8,233
2023-12-21,부생가스,9,220
2023-12-21,부생가스,10,216
2023-12-21,부생가스,11,274
2023-12-21,부생가스,12,237
2023-12-21,부생가스,13,241
2023-12-21,부생가스,14,261
2023-12-21,부생가스,15,288
2023-12-21,부생가스,16,287
2023-12-21,부생가스,17,328
2023-12-21,부생가스,18,317
2023-12-21,부생가스,19,278
2023-12-21,부생가스,20,248
2023-12-21,부생가스,21,223
2023-12-21,부생가스,22,202
2023-12-21,부생가스,23,195
2023-12-21,부생가스,24,209
2023-12-21,수력,1,269
2023-12-21,수력,2,251
2023-12-21,수력,3,253
2023-12-21,수력,4,251
2023-12-21,수력,5,250
2023-12-21,수력,6,251
2023-12-21,수력,7,253
2023-12-21,수력,8,258
2023-12-21,수력,9,676
2023-12-21,수력,10,718
2023-12-21,수력,11,617
2023-12-21,수력,12,595
2023-12-21,수력,13,369
2023-12-21,수력,14,374
2023-12-21,수력,15,377
2023-12-21,수력,16,621
2023-12-21,수력,17,564
2023-12-21,수력,18,575
2023-12-21,수력,19,540
2023-12-21,수력,20,501
2023-12-21,수력,21,468
2023-12-21,수력,22,350
2023-12-21,수력,23,226
2023-12-21,수력,24,165
2023-12-21,양수,1,278
2023-12-21,양수,2,6
2023-12-21,양수,3,0
2023-12-21,양수,4,0
2023-12-21,양수,5,0
2023-12-21,양수,6,0
2023-12-21,양수,7,0
2023-12-21,양수,8,0
2023-12-21,양수,9,0
2023-12-21,양수,10,0
2023-12-21,양수,11,0
2023-12-21,양수,12,0
2023-12-21,양수,13,0
2023-12-21,양수,14,1
2023-12-21,양수,15,0
2023-12-21,양수,16,0
2023-12-21,양수,17,652
2023-12-21,양수,18,1661
2023-12-21,양수,19,2319
2023-12-21,양수,20,2505
2023-12-21,양수,21,2361
2023-12-21,양수,22,1378
2023-12-21,양수,23,1203
2023-12-21,양수,24,811
2023-12-21,매립가스,1,27
2023-12-21,매립가스,2,27
2023-12-21,매립가스,3,28
2023-12-21,매립가스,4,28
2023-12-21,매립가스,5,28
2023-12-21,매립가스,6,28
2023-12-21,매립가스,7,28
2023-12-21,매립가스,8,28
2023-12-21,매립가스,9,28
2023-12-21,매립가스,10,27
2023-12-21,매립가스,11,26
2023-12-21,매립가스,12,26
2023-12-21,매립가스,13,27
2023-12-21,매립가스,14,27
2023-12-21,매립가스,15,27
2023-12-21,매립가스,16,27
2023-12-21,매립가스,17,27
2023-12-21,매립가스,18,27
2023-12-21,매립가스,19,27
2023-12-21,매립가스,20,27
2023-12-21,매립가스,21,27
2023-12-21,매립가스,22,27
2023-12-21,매립가스,23,27
2023-12-21,매립가스,24,27
2023-12-21,중유,1,36
2023-12-21,중유,2,36
2023-12-21,중유,3,36
2023-12-21,중유,4,36
2023-12-21,중유,5,36
2023-12-21,중유,6,36
2023-12-21,중유,7,36
2023-12-21,중유,8,36
2023-12-21,중유,9,36
2023-12-21,중유,10,36
2023-12-21,중유,11,36
2023-12-21,중유,12,35
2023-12-21,중유,13,35
2023-12-21,중유,14,36
2023-12-21,중유,15,35
2023-12-21,중유,16,36
2023-12-21,중유,17,42
2023-12-21,중유,18,60
2023-12-21,중유,19,60
2023-12-21,중유,20,60
2023-12-21,중유,21,60
2023-12-21,중유,22,49
2023-12-21,중유,23,35
2023-12-21,중유,24,36
2023-12-21,태양광,1,0
2023-12-21,태양광,2,0
2023-12-21,태양광,3,0
2023-12-21,태양광,4,0
2023-12-21,태양광,5,0
2023-12-21,태양광,6,0
2023-12-21,태양광,7,0
2023-12-21,태양광,8,6
2023-12-21,태양광,9,212
2023-12-21,태양광,10,770
2023-12-21,태양광,11,1326
2023-12-21,태양광,12,1702
2023-12-21,태양광,13,1868
2023-12-21,태양광,14,1879
2023-12-21,태양광,15,1609
2023-12-21,태양광,16,992
2023-12-21,태양광,17,425
2023-12-21,태양광,18,200
2023-12-21,태양광,19,215
2023-12-21,태양광,20,200
2023-12-21,태양광,21,139
2023-12-21,태양광,22,82
2023-12-21,태양광,23,32
2023-12-21,태양광,24,9
2023-12-21,폐기물,1,117
2023-12-21,폐기물,2,117
2023-12-21,폐기물,3,121
2023-12-21,폐기물,4,121
2023-12-21,폐기물,5,121
2023-12-21,폐기물,6,117
2023-12-21,폐기물,7,119
2023-12-21,폐기물,8,114
2023-12-21,폐기물,9,114
2023-12-21,폐기물,10,113
2023-12-21,폐기물,11,116
2023-12-21,폐기물,12,111
2023-12-21,폐기물,13,109
2023-12-21,폐기물,14,108
2023-12-21,폐기물,15,113
2023-12-21,폐기물,16,109
2023-12-21,폐기물,17,110
2023-12-21,폐기물,18,110
2023-12-21,폐기물,19,109
2023-12-21,폐기물,20,107
2023-12-21,폐기물,21,107
2023-12-21,폐기물,22,110
2023-12-21,폐기물,23,110
2023-12-21,폐기물,24,114
2023-12-21,풍력,1,919
2023-12-21,풍력,2,823
2023-12-21,풍력,3,759
2023-12-21,풍력,4,775
2023-12-21,풍력,5,922
2023-12-21,풍력,6,945
2023-12-21,풍력,7,882
2023-12-21,풍력,8,806
2023-12-21,풍력,9,749
2023-12-21,풍력,10,824
2023-12-21,풍력,11,773
2023-12-21,풍력,12,757
2023-12-21,풍력,13,777
2023-12-21,풍력,14,789
2023-12-21,풍력,15,777
2023-12-21,풍력,16,782
2023-12-21,풍력,17,791
2023-12-21,풍력,18,786
2023-12-21,풍력,19,795
2023-12-21,풍력,20,763
2023-12-21,풍력,21,768
2023-12-21,풍력,22,780
2023-12-21,풍력,23,785
2023-12-21,풍력,24,837
2023-12-21,LNG,1,17058
2023-12-21,LNG,2,15058
2023-12-21,LNG,3,14826
2023-12-21,LNG,4,14787
2023-12-21,LNG,5,14955
2023-12-21,LNG,6,15881
2023-12-21,LNG,7,18891
2023-12-21,LNG,8,24463
2023-12-21,LNG,9,31837
2023-12-21,LNG,10,34102
2023-12-21,LNG,11,33302
2023-12-21,LNG,12,32578
2023-12-21,LNG,13,30997
2023-12-21,LNG,14,31521
2023-12-21,LNG,15,31135
2023-12-21,LNG,16,32019
2023-12-21,LNG,17,33299
2023-12-21,LNG,18,32153
2023-12-21,LNG,19,28783
2023-12-21,LNG,20,26689
2023-12-21,LNG,21,24359
2023-12-21,LNG,22,22685
2023-12-21,LNG,23,21811
2023-12-21,LNG,24,21421
2023-12-21,연료전지,1,831
2023-12-21,연료전지,2,831
2023-12-21,연료전지,3,831
2023-12-21,연료전지,4,831
2023-12-21,연료전지,5,830
2023-12-21,연료전지,6,829
2023-12-21,연료전지,7,827
2023-12-21,연료전지,8,826
2023-12-21,연료전지,9,825
2023-12-21,연료전지,10,825
2023-12-21,연료전지,11,820
2023-12-21,연료전지,12,817
2023-12-21,연료전지,13,823
2023-12-21,연료전지,14,823
2023-12-21,연료전지,15,824
2023-12-21,연료전지,16,825
2023-12-21,연료전지,17,826
2023-12-21,연료전지,18,826
2023-12-21,연료전지,19,826
2023-12-21,연료전지,20,827
2023-12-21,연료전지,21,828
2023-12-21,연료전지,22,829
2023-12-21,연료전지,23,830
2023-12-21,연료전지,24,831
2023-12-21,경유,1,0
2023-12-21,경유,2,0
2023-12-21,경유,3,0
2023-12-21,경유,4,0
2023-12-21,경유,5,11
2023-12-21,경유,6,98
2023-12-21,경유,7,91
2023-12-21,경유,8,120
2023-12-21,경유,9,208
2023-12-21,경유,10,176
2023-12-21,경유,11,215
2023-12-21,경유,12,129
2023-12-21,경유,13,0
2023-12-21,경유,14,0
2023-12-21,경유,15,0
2023-12-21,경유,16,0
2023-12-21,경유,17,0
2023-12-21,경유,18,0
2023-12-21,경유,19,0
2023-12-21,경유,20,0
2023-12-21,경유,21,0
2023-12-21,경유,22,0
2023-12-21,경유,23,0
2023-12-21,경유,24,1
2023-12-21,해양에너지,1,56
2023-12-21,해양에너지,2,7
2023-12-21,해양에너지,3,0
2023-12-21,해양에너지,4,0
2023-12-21,해양에너지,5,0
2023-12-21,해양에너지,6,0
2023-12-21,해양에너지,7,0
2023-12-21,해양에너지,8,0
2023-12-21,해양에너지,9,0
2023-12-21,해양에너지,10,74
2023-12-21,해양에너지,11,109
2023-12-21,해양에너지,12,107
2023-12-21,해양에너지,13,76
2023-12-21,해양에너지,14,28
2023-12-21,해양에너지,15,0
2023-12-21,해양에너지,16,0
2023-12-21,해양에너지,17,0
2023-12-21,해양에너지,18,0
2023-12-21,해양에너지,19,0
2023-12-21,해양에너지,20,0
2023-12-21,해양에너지,21,0
2023-12-21,해양에너지,22,29
2023-12-21,해양에너지,23,120
2023-12-21,해양에너지,24,124
2023-12-21,바이오매스,1,1009
2023-12-21,바이오매스,2,1008
2023-12-21,바이오매스,3,1005
2023-12-21,바이오매스,4,1007
2023-12-21,바이오매스,5,1010
2023-12-21,바이오매스,6,1012
2023-12-21,바이오매스,7,1010
2023-12-21,바이오매스,8,1012
2023-12-21,바이오매스,9,1013
2023-12-21,바이오매스,10,1013
2023-12-21,바이오매스,11,1021
2023-12-21,바이오매스,12,1026
2023-12-21,바이오매스,13,1033
2023-12-21,바이오매스,14,1026
2023-12-21,바이오매스,15,1013
2023-12-21,바이오매스,16,1034
2023-12-21,바이오매스,17,1035
2023-12-21,바이오매스,18,1000
2023-12-21,바이오매스,19,1001
2023-12-21,바이오매스,20,1003
2023-12-21,바이오매스,21,1004
2023-12-21,바이오매스,22,1003
2023-12-21,바이오매스,23,1004
2023-12-21,바이오매스,24,1008
2023-12-21,IGCC,1,261
2023-12-21,IGCC,2,263
2023-12-21,IGCC,3,263
2023-12-21,IGCC,4,262
2023-12-21,IGCC,5,263
2023-12-21,IGCC,6,262
2023-12-21,IGCC,7,260
2023-12-21,IGCC,8,258
2023-12-21,IGCC,9,258
2023-12-21,IGCC,10,256
2023-12-21,IGCC,11,256
2023-12-21,IGCC,12,259
2023-12-21,IGCC,13,262
2023-12-21,IGCC,14,263
2023-12-21,IGCC,15,277
2023-12-21,IGCC,16,114
2023-12-21,IGCC,17,18
2023-12-21,IGCC,18,17
2023-12-21,IGCC,19,17
2023-12-21,IGCC,20,15
2023-12-21,IGCC,21,5
2023-12-21,IGCC,22,5
2023-12-21,IGCC,23,14
2023-12-21,IGCC,24,0
2023-12-21,바이오중유,1,203
2023-12-21,바이오중유,2,203
2023-12-21,바이오중유,3,203
2023-12-21,바이오중유,4,203
2023-12-21,바이오중유,5,203
2023-12-21,바이오중유,6,203
2023-12-21,바이오중유,7,203
2023-12-21,바이오중유,8,202
2023-12-21,바이오중유,9,207
2023-12-21,바이오중유,10,240
2023-12-21,바이오중유,11,242
2023-12-21,바이오중유,12,203
2023-12-21,바이오중유,13,202
2023-12-21,바이오중유,14,202
2023-12-21,바이오중유,15,202
2023-12-21,바이오중유,16,202
2023-12-21,바이오중유,17,202
2023-12-21,바이오중유,18,202
2023-12-21,바이오중유,19,202
2023-12-21,바이오중유,20,202
2023-12-21,바이오중유,21,203
2023-12-21,바이오중유,22,202
2023-12-21,바이오중유,23,203
2023-12-21,바이오중유,24,203
2023-12-21,바이오기타,1,0
2023-12-21,바이오기타,2,0
2023-12-21,바이오기타,3,0
2023-12-21,바이오기타,4,0
2023-12-21,바이오기타,5,0
2023-12-21,바이오기타,6,0
2023-12-21,바이오기타,7,0
2023-12-21,바이오기타,8,0
2023-12-21,바이오기타,9,0
2023-12-21,바이오기타,10,0
2023-12-21,바이오기타,11,0
2023-12-21,바이오기타,12,0
2023-12-21,바이오기타,13,0
2023-12-21,바이오기타,14,0
2023-12-21,바이오기타,15,0
2023-12-21,바이오기타,16,0
2023-12-21,바이오기타,17,0
2023-12-21,바이오기타,18,0
2023-12-21,바이오기타,19,0
2023-12-21,바이오기타,20,0
2023-12-21,바이오기타,21,0
2023-12-21,바이오기타,22,0
2023-12-21,바이오기타,23,0
2023-12-21,바이오기타,24,0
2023-12-21,기타,1,55
2023-12-21,기타,2,53
2023-12-21,기타,3,51
2023-12-21,기타,4,52
2023-12-21,기타,5,55
2023-12-21,기타,6,55
2023-12-21,기타,7,57
2023-12-21,기타,8,61
2023-12-21,기타,9,58
2023-12-21,기타,10,51
2023-12-21,기타,11,46
2023-12-21,기타,12,45
2023-12-21,기타,13,45
2023-12-21,기타,14,46
2023-12-21,기타,15,49
2023-12-21,기타,16,50
2023-12-21,기타,17,50
2023-12-21,기타,18,62
2023-12-21,기타,19,66
2023-12-21,기타,20,67
2023-12-21,기타,21,67
2023-12-21,기타,22,67
2023-12-21,기타,23,67
2023-12-21,기타,24,67
2023-12-22,원자력,1,21042
2023-12-22,원자력,2,21044
2023-12-22,원자력,3,21059
2023-12-22,원자력,4,21058
2023-12-22,원자력,5,21057
2023-12-22,원자력,6,21054
2023-12-22,원자력,7,21054
2023-12-22,원자력,8,21049
2023-12-22,원자력,9,21046
2023-12-22,원자력,10,21042
2023-12-22,원자력,11,21043
2023-12-22,원자력,12,21048
2023-12-22,원자력,13,21054
2023-12-22,원자력,14,21054
2023-12-22,원자력,15,21055
2023-12-22,원자력,16,21056
2023-12-22,원자력,17,21052
2023-12-22,원자력,18,21052
2023-12-22,원자력,19,21049
2023-12-22,원자력,20,21051
2023-12-22,원자력,21,21049
2023-12-22,원자력,22,21047
2023-12-22,원자력,23,21042
2023-12-22,원자력,24,21031
2023-12-22,유연탄,1,26357
2023-12-22,유연탄,2,25728
2023-12-22,유연탄,3,25663
2023-12-22,유연탄,4,25894
2023-12-22,유연탄,5,25858
2023-12-22,유연탄,6,25820
2023-12-22,유연탄,7,25646
2023-12-22,유연탄,8,26038
2023-12-22,유연탄,9,26954
2023-12-22,유연탄,10,27027
2023-12-22,유연탄,11,26905
2023-12-22,유연탄,12,26451
2023-12-22,유연탄,13,26132
2023-12-22,유연탄,14,26223
2023-12-22,유연탄,15,26308
2023-12-22,유연탄,16,26802
2023-12-22,유연탄,17,26932
2023-12-22,유연탄,18,26751
2023-12-22,유연탄,19,26476
2023-12-22,유연탄,20,26359
2023-12-22,유연탄,21,26023
2023-12-22,유연탄,22,25587
2023-12-22,유연탄,23,25632
2023-12-22,유연탄,24,26016
2023-12-22,무연탄,1,167
2023-12-22,무연탄,2,168
2023-12-22,무연탄,3,168
2023-12-22,무연탄,4,168
2023-12-22,무연탄,5,168
2023-12-22,무연탄,6,168
2023-12-22,무연탄,7,167
2023-12-22,무연탄,8,167
2023-12-22,무연탄,9,168
2023-12-22,무연탄,10,168
2023-12-22,무연탄,11,167
2023-12-22,무연탄,12,167
2023-12-22,무연탄,13,168
2023-12-22,무연탄,14,167
2023-12-22,무연탄,15,167
2023-12-22,무연탄,16,167
2023-12-22,무연탄,17,167
2023-12-22,무연탄,18,168
2023-12-22,무연탄,19,168
2023-12-22,무연탄,20,167
2023-12-22,무연탄,21,167
2023-12-22,무연탄,22,167
2023-12-22,무연탄,23,167
2023-12-22,무연탄,24,167
2023-12-22,바이오가스,1,32
2023-12-22,바이오가스,2,34
2023-12-22,바이오가스,3,35
2023-12-22,바이오가스,4,35
2023-12-22,바이오가스,5,34
2023-12-22,바이오가스,6,34
2023-12-22,바이오가스,7,35
2023-12-22,바이오가스,8,35
2023-12-22,바이오가스,9,35
2023-12-22,바이오가스,10,35
2023-12-22,바이오가스,11,34
2023-12-22,바이오가스,12,33
2023-12-22,바이오가스,13,35
2023-12-22,바이오가스,14,34
2023-12-22,바이오가스,15,33
2023-12-22,바이오가스,16,34
2023-12-22,바이오가스,17,35
2023-12-22,바이오가스,18,35
2023-12-22,바이오가스,19,35
2023-12-22,바이오가스,20,36
2023-12-22,바이오가스,21,35
2023-12-22,바이오가스,22,35
2023-12-22,바이오가스,23,34
2023-12-22,바이오가스,24,36
2023-12-22,부생가스,1,220
2023-12-22,부생가스,2,220
2023-12-22,부생가스,3,163
2023-12-22,부생가스,4,252
2023-12-22,부생가스,5,253
2023-12-22,부생가스,6,215
2023-12-22,부생가스,7,235
2023-12-22,부생가스,8,227
2023-12-22,부생가스,9,245
2023-12-22,부생가스,10,307
2023-12-22,부생가스,11,346
2023-12-22,부생가스,12,337
2023-12-22,부생가스,13,378
2023-12-22,부생가스,14,347
2023-12-22,부생가스,15,350
2023-12-22,부생가스,16,366
2023-12-22,부생가스,17,336
2023-12-22,부생가스,18,294
2023-12-22,부생가스,19,276
2023-12-22,부생가스,20,285
2023-12-22,부생가스,21,285
2023-12-22,부생가스,22,323
2023-12-22,부생가스,23,305
2023-12-22,부생가스,24,285
2023-12-22,수력,1,151
2023-12-22,수력,2,151
2023-12-22,수력,3,152
2023-12-22,수력,4,152
2023-12-22,수력,5,151
2023-12-22,수력,6,151
2023-12-22,수력,7,174
2023-12-22,수력,8,209
2023-12-22,수력,9,617
2023-12-22,수력,10,642
2023-12-22,수력,11,567
2023-12-22,수력,12,528
2023-12-22,수력,13,425
2023-12-22,수력,14,389
2023-12-22,수력,15,381
2023-12-22,수력,16,501
2023-12-22,수력,17,493
2023-12-22,수력,18,560
2023-12-22,수력,19,579
2023-12-22,수력,20,580
2023-12-22,수력,21,475
2023-12-22,수력,22,215
2023-12-22,수력,23,207
2023-12-22,수력,24,192
2023-12-22,양수,1,83
2023-12-22,양수,2,29
2023-12-22,양수,3,0
2023-12-22,양수,4,0
2023-12-22,양수,5,0
2023-12-22,양수,6,0
2023-12-22,양수,7,0
2023-12-22,양수,8,0
2023-12-22,양수,9,0
2023-12-22,양수,10,0
2023-12-22,양수,11,0
2023-12-22,양수,12,0
2023-12-22,양수,13,0
2023-12-22,양수,14,0
2023-12-22,양수,15,0
2023-12-22,양수,16,0
2023-12-22,양수,17,842
2023-12-22,양수,18,1465
2023-12-22,양수,19,1925
2023-12-22,양수,20,2038
2023-12-22,양수,21,2006
2023-12-22,양수,22,2030
2023-12-22,양수,23,1987
2023-12-22,양수,24,1247
2023-12-22,매립가스,1,26
2023-12-22,매립가스,2,26
2023-12-22,매립가스,3,26
2023-12-22,매립가스,4,26
2023-12-22,매립가스,5,26
2023-12-22,매립가스,6,26
2023-12-22,매립가스,7,26
2023-12-22,매립가스,8,26
2023-12-22,매립가스,9,25
2023-12-22,매립가스,10,25
2023-12-22,매립가스,11,25
2023-12-22,매립가스,12,25
2023-12-22,매립가스,13,26
2023-12-22,매립가스,14,26
2023-12-22,매립가스,15,26
2023-12-22,매립가스,16,26
2023-12-22,매립가스,17,26
2023-12-22,매립가스,18,26
2023-12-22,매립가스,19,26
2023-12-22,매립가스,20,25
2023-12-22,매립가스,21,25
2023-12-22,매립가스,22,25
2023-12-22,매립가스,23,25
2023-12-22,매립가스,24,26
2023-12-22,중유,1,36
2023-12-22,중유,2,35
2023-12-22,중유,3,36
2023-12-22,중유,4,36
2023-12-22,중유,5,35
2023-12-22,중유,6,35
2023-12-22,중유,7,35
2023-12-22,중유,8,34
2023-12-22,중유,9,35
2023-12-22,중유,10,34
2023-12-22,중유,11,35
2023-12-22,중유,12,35
2023-12-22,중유,13,35
2023-12-22,중유,14,35
2023-12-22,중유,15,35
2023-12-22,중유,16,35
2023-12-22,중유,17,34
2023-12-22,중유,18,34
2023-12-22,중유,19,33
2023-12-22,중유,20,34
2023-12-22,중유,21,34
2023-12-22,중유,22,34
2023-12-22,중유,23,34
2023-12-22,중유,24,33
2023-12-22,태양광,1,2
2023-12-22,태양광,2,0
2023-12-22,태양광,3,0
2023-12-22,태양광,4,0
2023-12-22,태양광,5,0
2023-12-22,태양광,6,0
2023-12-22,태양광,7,0
2023-12-22,태양광,8,6
2023-12-22,태양광,9,235
2023-12-22,태양광,10,888
2023-12-22,태양광,11,1513
2023-12-22,태양광,12,1940
2023-12-22,태양광,13,2112
2023-12-22,태양광,14,2082
2023-12-22,태양광,15,1785
2023-12-22,태양광,16,1129
2023-12-22,태양광,17,476
2023-12-22,태양광,18,224
2023-12-22,태양광,19,243
2023-12-22,태양광,20,221
2023-12-22,태양광,21,156
2023-12-22,태양광,22,90
2023-12-22,태양광,23,35
2023-12-22,태양광,24,8
2023-12-22,폐기물,1,115
2023-12-22,폐기물,2,115
2023-12-22,폐기물,3,116
2023-12-22,폐기물,4,117
2023-12-22,폐기물,5,113
2023-12-22,폐기물,6,115
2023-12-22,폐기물,7,113
2023-12-22,폐기물,8,113
2023-12-22,폐기물,9,111
2023-12-22,폐기물,10,110
2023-12-22,폐기물,11,109
2023-12-22,폐기물,12,111
2023-12-22,폐기물,13,114
2023-12-22,폐기물,14,116
2023-12-22,폐기물,15,111
2023-12-22,폐기물,16,111
2023-12-22,폐기물,17,112
2023-12-22,폐기물,18,116
2023-12-22,폐기물,19,117
2023-12-22,폐기물,20,117
2023-12-22,폐기물,21,115
2023-12-22,폐기물,22,114
2023-12-22,폐기물,23,114
2023-12-22,폐기물,24,118
2023-12-22,풍력,1,791
2023-12-22,풍력,2,797
2023-12-22,풍력,3,815
2023-12-22,풍력,4,830
2023-12-22,풍력,5,831
2023-12-22,풍력,6,866
2023-12-22,풍력,7,874
2023-12-22,풍력,8,848
2023-12-22,풍력,9,772
2023-12-22,풍력,10,783
2023-12-22,풍력,11,798
2023-12-22,풍력,12,735
2023-12-22,풍력,13,672
2023-12-22,풍력,14,695
2023-12-22,풍력,15,692
2023-12-22,풍력,16,764
2023-12-22,풍력,17,781
2023-12-22,풍력,18,840
2023-12-22,풍력,19,831
2023-12-22,풍력,20,796
2023-12-22,풍력,21,729
2023-12-22,풍력,22,688
2023-12-22,풍력,23,671
2023-12-22,풍력,24,660
2023-12-22,LNG,1,19231
2023-12-22,LNG,2,17561
2023-12-22,LNG,3,16746
2023-12-22,LNG,4,16747
2023-12-22,LNG,5,17436
2023-12-22,LNG,6,18810
2023-12-22,LNG,7,21247
2023-12-22,LNG,8,26362
2023-12-22,LNG,9,33277
2023-12-22,LNG,10,35113
2023-12-22,LNG,11,33664
2023-12-22,LNG,12,31728
2023-12-22,LNG,13,29530
2023-12-22,LNG,14,29934
2023-12-22,LNG,15,30548
2023-12-22,LNG,16,31408
2023-12-22,LNG,17,32257
2023-12-22,LNG,18,30744
2023-12-22,LNG,19,27433
2023-12-22,LNG,20,25542
2023-12-22,LNG,21,23573
2023-12-22,LNG,22,21602
2023-12-22,LNG,23,21104
2023-12-22,LNG,24,21160
2023-12-22,연료전지,1,831
2023-12-22,연료전지,2,831
2023-12-22,연료전지,3,831
2023-12-22,연료전지,4,831
2023-12-22,연료전지,5,831
2023-12-22,연료전지,6,831
2023-12-22,연료전지,7,831
2023-12-22,연료전지,8,830
2023-12-22,연료전지,9,831
2023-12-22,연료전지,10,829
2023-12-22,연료전지,11,827
2023-12-22,연료전지,12,828
2023-12-22,연료전지,13,828
2023-12-22,연료전지,14,828
2023-12-22,연료전지,15,829
2023-12-22,연료전지,16,830
2023-12-22,연료전지,17,830
2023-12-22,연료전지,18,831
2023-12-22,연료전지,19,832
2023-12-22,연료전지,20,832
2023-12-22,연료전지,21,832
2023-12-22,연료전지,22,833
2023-12-22,연료전지,23,835
2023-12-22,연료전지,24,835
2023-12-22,경유,1,0
2023-12-22,경유,2,0
2023-12-22,경유,3,0
2023-12-22,경유,4,0
2023-12-22,경유,5,0
2023-12-22,경유,6,0
2023-12-22,경유,7,0
2023-12-22,경유,8,0
2023-12-22,경유,9,0
2023-12-22,경유,10,0
2023-12-22,경유,11,0
2023-12-22,경유,12,0
2023-12-22,경유,13,0
2023-12-22,경유,14,0
2023-12-22,경유,15,0
2023-12-22,경유,16,0
2023-12-22,경유,17,0
2023-12-22,경유,18,0
2023-12-22,경유,19,0
2023-12-22,경유,20,0
2023-12-22,경유,21,0
2023-12-22,경유,22,0
2023-12-22,경유,23,0
2023-12-22,경유,24,0
2023-12-22,해양에너지,1,103
2023-12-22,해양에너지,2,56
2023-12-22,해양에너지,3,5
2023-12-22,해양에너지,4,0
2023-12-22,해양에너지,5,0
2023-12-22,해양에너지,6,0
2023-12-22,해양에너지,7,0
2023-12-22,해양에너지,8,0
2023-12-22,해양에너지,9,0
2023-12-22,해양에너지,10,0
2023-12-22,해양에너지,11,53
2023-12-22,해양에너지,12,126
2023-12-22,해양에너지,13,129
2023-12-22,해양에너지,14,105
2023-12-22,해양에너지,15,56
2023-12-22,해양에너지,16,7
2023-12-22,해양에너지,17,0
2023-12-22,해양에너지,18,0
2023-12-22,해양에너지,19,0
2023-12-22,해양에너지,20,0
2023-12-22,해양에너지,21,0
2023-12-22,해양에너지,22,0
2023-12-22,해양에너지,23,0
2023-12-22,해양에너지,24,87
2023-12-22,바이오매스,1,1011
2023-12-22,바이오매스,2,1014
2023-12-22,바이오매스,3,1010
2023-12-22,바이오매스,4,1005
2023-12-22,바이오매스,5,1007
2023-12-22,바이오매스,6,1009
2023-12-22,바이오매스,7,1016
2023-12-22,바이오매스,8,1018
2023-12-22,바이오매스,9,1017
2023-12-22,바이오매스,10,1029
2023-12-22,바이오매스,11,1021
2023-12-22,바이오매스,12,1015
2023-12-22,바이오매스,13,1029
2023-12-22,바이오매스,14,1028
2023-12-22,바이오매스,15,1031
2023-12-22,바이오매스,16,1027
2023-12-22,바이오매스,17,1032
2023-12-22,바이오매스,18,1029
2023-12-22,바이오매스,19,1028
2023-12-22,바이오매스,20,1029
2023-12-22,바이오매스,21,1030
2023-12-22,바이오매스,22,1029
2023-12-22,바이오매스,23,1027
2023-12-22,바이오매스,24,1026
2023-12-22,IGCC,1,0
2023-12-22,IGCC,2,0
2023-12-22,IGCC,3,0
2023-12-22,IGCC,4,0
2023-12-22,IGCC,5,0
2023-12-22,IGCC,6,0
2023-12-22,IGCC,7,0
2023-12-22,IGCC,8,0
2023-12-22,IGCC,9,0
2023-12-22,IGCC,10,0
2023-12-22,IGCC,11,0
2023-12-22,IGCC,12,0
2023-12-22,IGCC,13,0
2023-12-22,IGCC,14,0
2023-12-22,IGCC,15,2
2023-12-22,IGCC,16,73
2023-12-22,IGCC,17,184
2023-12-22,IGCC,18,230
2023-12-22,IGCC,19,230
2023-12-22,IGCC,20,232
2023-12-22,IGCC,21,233
2023-12-22,IGCC,22,225
2023-12-22,IGCC,23,224
2023-12-22,IGCC,24,224
2023-12-22,바이오중유,1,203
2023-12-22,바이오중유,2,203
2023-12-22,바이오중유,3,203
2023-12-22,바이오중유,4,202
2023-12-22,바이오중유,5,202
2023-12-22,바이오중유,6,202
2023-12-22,바이오중유,7,202
2023-12-22,바이오중유,8,203
2023-12-22,바이오중유,9,203
2023-12-22,바이오중유,10,221
2023-12-22,바이오중유,11,223
2023-12-22,바이오중유,12,209
2023-12-22,바이오중유,13,203
2023-12-22,바이오중유,14,203
2023-12-22,바이오중유,15,203
2023-12-22,바이오중유,16,203
2023-12-22,바이오중유,17,203
2023-12-22,바이오중유,18,204
2023-12-22,바이오중유,19,204
2023-12-22,바이오중유,20,204
2023-12-22,바이오중유,21,204
2023-12-22,바이오중유,22,204
2023-12-22,바이오중유,23,204
2023-12-22,바이오중유,24,204
2023-12-22,바이오기타,1,0
2023-12-22,바이오기타,2,0
2023-12-22,바이오기타,3,0
2023-12-22,바이오기타,4,0
2023-12-22,바이오기타,5,0
2023-12-22,바이오기타,6,0
2023-12-22,바이오기타,7,0
2023-12-22,바이오기타,8,0
2023-12-22,바이오기타,9,0
2023-12-22,바이오기타,10,0
2023-12-22,바이오기타,11,0
2023-12-22,바이오기타,12,0
2023-12-22,바이오기타,13,0
2023-12-22,바이오기타,14,0
2023-12-22,바이오기타,15,0
2023-12-22,바이오기타,16,0
2023-12-22,바이오기타,17,0
2023-12-22,바이오기타,18,0
2023-12-22,바이오기타,19,0
2023-12-22,바이오기타,20,0
2023-12-22,바이오기타,21,0
2023-12-22,바이오기타,22,0
2023-12-22,바이오기타,23,0
2023-12-22,바이오기타,24,0
2023-12-22,기타,1,62
2023-12-22,기타,2,60
2023-12-22,기타,3,60
2023-12-22,기타,4,60
2023-12-22,기타,5,59
2023-12-22,기타,6,60
2023-12-22,기타,7,63
2023-12-22,기타,8,60
2023-12-22,기타,9,63
2023-12-22,기타,10,54
2023-12-22,기타,11,53
2023-12-22,기타,12,52
2023-12-22,기타,13,53
2023-12-22,기타,14,49
2023-12-22,기타,15,51
2023-12-22,기타,16,55
2023-12-22,기타,17,61
2023-12-22,기타,18,66
2023-12-22,기타,19,66
2023-12-22,기타,20,66
2023-12-22,기타,21,66
2023-12-22,기타,22,67
2023-12-22,기타,23,68
2023-12-22,기타,24,65
2023-12-23,원자력,1,21025
2023-12-23,원자력,2,21023
2023-12-23,원자력,3,21023
2023-12-23,원자력,4,21025
2023-12-23,원자력,5,21028
2023-12-23,원자력,6,21026
2023-12-23,원자력,7,21024
2023-12-23,원자력,8,21024
2023-12-23,원자력,9,21024
2023-12-23,원자력,10,21026
2023-12-23,원자력,11,21029
2023-12-23,원자력,12,21030
2023-12-23,원자력,13,21033
2023-12-23,원자력,14,21035
2023-12-23,원자력,15,21036
2023-12-23,원자력,16,21036
2023-12-23,원자력,17,21036
2023-12-23,원자력,18,21032
2023-12-23,원자력,19,21030
2023-12-23,원자력,20,21029
2023-12-23,원자력,21,21027
2023-12-23,원자력,22,21026
2023-12-23,원자력,23,21026
2023-12-23,원자력,24,21023
2023-12-23,유연탄,1,25630
2023-12-23,유연탄,2,25458
2023-12-23,유연탄,3,25072
2023-12-23,유연탄,4,25051
2023-12-23,유연탄,5,25310
2023-12-23,유연탄,6,25300
2023-12-23,유연탄,7,25437
2023-12-23,유연탄,8,24963
2023-12-23,유연탄,9,24420
2023-12-23,유연탄,10,23735
2023-12-23,유연탄,11,23058
2023-12-23,유연탄,12,22324
2023-12-23,유연탄,13,21640
2023-12-23,유연탄,14,21312
2023-12-23,유연탄,15,21745
2023-12-23,유연탄,16,22794
2023-12-23,유연탄,17,23549
2023-12-23,유연탄,18,23602
2023-12-23,유연탄,19,23382
2023-12-23,유연탄,20,23323
2023-12-23,유연탄,21,23238
2023-12-23,유연탄,22,23234
2023-12-23,유연탄,23,23211
2023-12-23,유연탄,24,23308
2023-12-23,무연탄,1,168
2023-12-23,무연탄,2,168
2023-12-23,무연탄,3,168
2023-12-23,무연탄,4,168
2023-12-23,무연탄,5,168
2023-12-23,무연탄,6,168
2023-12-23,무연탄,7,168
2023-12-23,무연탄,8,167
2023-12-23,무연탄,9,167
2023-12-23,무연탄,10,167
2023-12-23,무연탄,11,167
2023-12-23,무연탄,12,167
2023-12-23,무연탄,13,168
2023-12-23,무연탄,14,168
2023-12-23,무연탄,15,167
2023-12-23,무연탄,16,168
2023-12-23,무연탄,17,168
2023-12-23,무연탄,18,167
2023-12-23,무연탄,19,168
2023-12-23,무연탄,20,167
2023-12-23,무연탄,21,167
2023-12-23,무연탄,22,167
2023-12-23,무연탄,23,167
2023-12-23,무연탄,24,168
2023-12-23,바이오가스,1,35
2023-12-23,바이오가스,2,33
2023-12-23,바이오가스,3,33
2023-12-23,바이오가스,4,34
2023-12-23,바이오가스,5,34
2023-12-23,바이오가스,6,33
2023-12-23,바이오가스,7,34
2023-12-23,바이오가스,8,34
2023-12-23,바이오가스,9,35
2023-12-23,바이오가스,10,37
2023-12-23,바이오가스,11,36
2023-12-23,바이오가스,12,36
2023-12-23,바이오가스,13,37
2023-12-23,바이오가스,14,38
2023-12-23,바이오가스,15,39
2023-12-23,바이오가스,16,36
2023-12-23,바이오가스,17,37
2023-12-23,바이오가스,18,36
2023-12-23,바이오가스,19,35
2023-12-23,바이오가스,20,35
2023-12-23,바이오가스,21,34
2023-12-23,바이오가스,22,35
2023-12-23,바이오가스,23,34
2023-12-23,바이오가스,24,33
2023-12-23,부생가스,1,250
2023-12-23,부생가스,2,229
2023-12-23,부생가스,3,284
2023-12-23,부생가스,4,305
2023-12-23,부생가스,5,269
2023-12-23,부생가스,6,270
2023-12-23,부생가스,7,268
2023-12-23,부생가스,8,239
2023-12-23,부생가스,9,163
2023-12-23,부생가스,10,213
2023-12-23,부생가스,11,200
2023-12-23,부생가스,12,236
2023-12-23,부생가스,13,262
2023-12-23,부생가스,14,274
2023-12-23,부생가스,15,307
2023-12-23,부생가스,16,291
2023-12-23,부생가스,17,286
2023-12-23,부생가스,18,225
2023-12-23,부생가스,19,199
2023-12-23,부생가스,20,215
2023-12-23,부생가스,21,182
2023-12-23,부생가스,22,173
2023-12-23,부생가스,23,93
2023-12-23,부생가스,24,76
2023-12-23,수력,1,200
2023-12-23,수력,2,146
2023-12-23,수력,3,147
2023-12-23,수력,4,149
2023-12-23,수력,5,150
2023-12-23,수력,6,150
2023-12-23,수력,7,154
2023-12-23,수력,8,160
2023-12-23,수력,9,633
2023-12-23,수력,10,627
2023-12-23,수력,11,653
2023-12-23,수력,12,541
2023-12-23,수력,13,348
2023-12-23,수력,14,398
2023-12-23,수력,15,388
2023-12-23,수력,16,498
2023-12-23,수력,17,470
2023-12-23,수력,18,527
2023-12-23,수력,19,517
2023-12-23,수력,20,509
2023-12-23,수력,21,414
2023-12-23,수력,22,185
2023-12-23,수력,23,149
2023-12-23,수력,24,123
2023-12-23,양수,1,291
2023-12-23,양수,2,0
2023-12-23,양수,3,0
2023-12-23,양수,4,0
2023-12-23,양수,5,0
2023-12-23,양수,6,0
2023-12-23,양수,7,0
2023-12-23,양수,8,0
2023-12-23,양수,9,0
2023-12-23,양수,10,0
2023-12-23,양수,11,0
2023-12-23,양수,12,0
2023-12-23,양수,13,0
2023-12-23,양수,14,0
2023-12-23,양수,15,0
2023-12-23,양수,16,0
2023-12-23,양수,17,371
2023-12-23,양수,18,1138
2023-12-23,양수,19,1530
2023-12-23,양수,20,1138
2023-12-23,양수,21,990
2023-12-23,양수,22,520
2023-12-23,양수,23,1451
2023-12-23,양수,24,1316
2023-12-23,매립가스,1,25
2023-12-23,매립가스,2,25
2023-12-23,매립가스,3,25
2023-12-23,매립가스,4,26
2023-12-23,매립가스,5,26
2023-12-23,매립가스,6,26
2023-12-23,매립가스,7,26
2023-12-23,매립가스,8,26
2023-12-23,매립가스,9,25
2023-12-23,매립가스,10,25
2023-12-23,매립가스,11,26
2023-12-23,매립가스,12,27
2023-12-23,매립가스,13,29
2023-12-23,매립가스,14,28
2023-12-23,매립가스,15,28
2023-12-23,매립가스,16,28
2023-12-23,매립가스,17,28
2023-12-23,매립가스,18,28
2023-12-23,매립가스,19,28
2023-12-23,매립가스,20,28
2023-12-23,매립가스,21,27
2023-12-23,매립가스,22,27
2023-12-23,매립가스,23,27
2023-12-23,매립가스,24,27
2023-12-23,중유,1,34
2023-12-23,중유,2,34
2023-12-23,중유,3,33
2023-12-23,중유,4,33
2023-12-23,중유,5,33
2023-12-23,중유,6,33
2023-12-23,중유,7,33
2023-12-23,중유,8,38
2023-12-23,중유,9,50
2023-12-23,중유,10,54
2023-12-23,중유,11,53
2023-12-23,중유,12,53
2023-12-23,중유,13,53
2023-12-23,중유,14,52
2023-12-23,중유,15,51
2023-12-23,중유,16,52
2023-12-23,중유,17,50
2023-12-23,중유,18,55
2023-12-23,중유,19,73
2023-12-23,중유,20,78
2023-12-23,중유,21,80
2023-12-23,중유,22,79
2023-12-23,중유,23,79
2023-12-23,중유,24,78
2023-12-23,태양광,1,2
2023-12-23,태양광,2,0
2023-12-23,태양광,3,0
2023-12-23,태양광,4,0
2023-12-23,태양광,5,0
2023-12-23,태양광,6,0
2023-12-23,태양광,7,0
2023-12-23,태양광,8,8
2023-12-23,태양광,9,273
2023-12-23,태양광,10,943
2023-12-23,태양광,11,1579
2023-12-23,태양광,12,2010
2023-12-23,태양광,13,2196
2023-12-23,태양광,14,2145
2023-12-23,태양광,15,1856
2023-12-23,태양광,16,1219
2023-12-23,태양광,17,733
2023-12-23,태양광,18,323
2023-12-23,태양광,19,292
2023-12-23,태양광,20,238
2023-12-23,태양광,21,159
2023-12-23,태양광,22,91
2023-12-23,태양광,23,35
2023-12-23,태양광,24,9
2023-12-23,폐기물,1,122
2023-12-23,폐기물,2,119
2023-12-23,폐기물,3,120
2023-12-23,폐기물,4,121
2023-12-23,폐기물,5,124
2023-12-23,폐기물,6,122
2023-12-23,폐기물,7,120
2023-12-23,폐기물,8,121
2023-12-23,폐기물,9,115
2023-12-23,폐기물,10,120
2023-12-23,폐기물,11,122
2023-12-23,폐기물,12,120
2023-12-23,폐기물,13,121
2023-12-23,폐기물,14,120
2023-12-23,폐기물,15,124
2023-12-23,폐기물,16,125
2023-12-23,폐기물,17,124
2023-12-23,폐기물,18,126
2023-12-23,폐기물,19,128
2023-12-23,폐기물,20,129
2023-12-23,폐기물,21,132
2023-12-23,폐기물,22,131
2023-12-23,폐기물,23,133
2023-12-23,폐기물,24,130
2023-12-23,풍력,1,670
2023-12-23,풍력,2,715
2023-12-23,풍력,3,697
2023-12-23,풍력,4,703
2023-12-23,풍력,5,690
2023-12-23,풍력,6,678
2023-12-23,풍력,7,671
2023-12-23,풍력,8,655
2023-12-23,풍력,9,574
2023-12-23,풍력,10,601
2023-12-23,풍력,11,477
2023-12-23,풍력,12,414
2023-12-23,풍력,13,387
2023-12-23,풍력,14,348
2023-12-23,풍력,15,335
2023-12-23,풍력,16,337
2023-12-23,풍력,17,337
2023-12-23,풍력,18,340
2023-12-23,풍력,19,379
2023-12-23,풍력,20,400
2023-12-23,풍력,21,349
2023-12-23,풍력,22,306
2023-12-23,풍력,23,292
2023-12-23,풍력,24,267
2023-12-23,LNG,1,18953
2023-12-23,LNG,2,16934
2023-12-23,LNG,3,16040
2023-12-23,LNG,4,16071
2023-12-23,LNG,5,16210
2023-12-23,LNG,6,16740
2023-12-23,LNG,7,17394
2023-12-23,LNG,8,17643
2023-12-23,LNG,9,19219
2023-12-23,LNG,10,19747
2023-12-23,LNG,11,19150
2023-12-23,LNG,12,18047
2023-12-23,LNG,13,16762
2023-12-23,LNG,14,16143
2023-12-23,LNG,15,16021
2023-12-23,LNG,16,17123
2023-12-23,LNG,17,18693
2023-12-23,LNG,18,20238
2023-12-23,LNG,19,20277
2023-12-23,LNG,20,19769
2023-12-23,LNG,21,18775
2023-12-23,LNG,22,18161
2023-12-23,LNG,23,17753
2023-12-23,LNG,24,17847
2023-12-23,연료전지,1,836
2023-12-23,연료전지,2,836
2023-12-23,연료전지,3,835
2023-12-23,연료전지,4,833
2023-12-23,연료전지,5,833
2023-12-23,연료전지,6,833
2023-12-23,연료전지,7,833
2023-12-23,연료전지,8,833
2023-12-23,연료전지,9,831
2023-12-23,연료전지,10,831
2023-12-23,연료전지,11,831
2023-12-23,연료전지,12,831
2023-12-23,연료전지,13,831
2023-12-23,연료전지,14,831
2023-12-23,연료전지,15,831
2023-12-23,연료전지,16,832
2023-12-23,연료전지,17,830
2023-12-23,연료전지,18,828
2023-12-23,연료전지,19,828
2023-12-23,연료전지,20,828
2023-12-23,연료전지,21,828
2023-12-23,연료전지,22,829
2023-12-23,연료전지,23,829
2023-12-23,연료전지,24,829
2023-12-23,경유,1,0
2023-12-23,경유,2,0
2023-12-23,경유,3,0
2023-12-23,경유,4,0
2023-12-23,경유,5,0
2023-12-23,경유,6,0
2023-12-23,경유,7,0
2023-12-23,경유,8,0
2023-12-23,경유,9,0
2023-12-23,경유,10,0
2023-12-23,경유,11,0
2023-12-23,경유,12,0
2023-12-23,경유,13,0
2023-12-23,경유,14,0
2023-12-23,경유,15,0
2023-12-23,경유,16,0
2023-12-23,경유,17,0
2023-12-23,경유,18,0
2023-12-23,경유,19,0
2023-12-23,경유,20,0
2023-12-23,경유,21,0
2023-12-23,경유,22,0
2023-12-23,경유,23,0
2023-12-23,경유,24,0
2023-12-23,해양에너지,1,117
2023-12-23,해양에너지,2,104
2023-12-23,해양에너지,3,46
2023-12-23,해양에너지,4,0
2023-12-23,해양에너지,5,0
2023-12-23,해양에너지,6,0
2023-12-23,해양에너지,7,0
2023-12-23,해양에너지,8,0
2023-12-23,해양에너지,9,0
2023-12-23,해양에너지,10,0
2023-12-23,해양에너지,11,0
2023-12-23,해양에너지,12,58
2023-12-23,해양에너지,13,153
2023-12-23,해양에너지,14,162
2023-12-23,해양에너지,15,141
2023-12-23,해양에너지,16,90
2023-12-23,해양에너지,17,17
2023-12-23,해양에너지,18,0
2023-12-23,해양에너지,19,0
2023-12-23,해양에너지,20,0
2023-12-23,해양에너지,21,0
2023-12-23,해양에너지,22,0
2023-12-23,해양에너지,23,0
2023-12-23,해양에너지,24,0
2023-12-23,바이오매스,1,1030
2023-12-23,바이오매스,2,1030
2023-12-23,바이오매스,3,1029
2023-12-23,바이오매스,4,1027
2023-12-23,바이오매스,5,1027
2023-12-23,바이오매스,6,1026
2023-12-23,바이오매스,7,1025
2023-12-23,바이오매스,8,1027
2023-12-23,바이오매스,9,1024
2023-12-23,바이오매스,10,1027
2023-12-23,바이오매스,11,1028
2023-12-23,바이오매스,12,1029
2023-12-23,바이오매스,13,1030
2023-12-23,바이오매스,14,1027
2023-12-23,바이오매스,15,1028
2023-12-23,바이오매스,16,1031
2023-12-23,바이오매스,17,1028
2023-12-23,바이오매스,18,1033
2023-12-23,바이오매스,19,1030
2023-12-23,바이오매스,20,1032
2023-12-23,바이오매스,21,1033
2023-12-23,바이오매스,22,1028
2023-12-23,바이오매스,23,1029
2023-12-23,바이오매스,24,1033
2023-12-23,IGCC,1,225
2023-12-23,IGCC,2,223
2023-12-23,IGCC,3,224
2023-12-23,IGCC,4,225
2023-12-23,IGCC,5,225
2023-12-23,IGCC,6,223
2023-12-23,IGCC,7,223
2023-12-23,IGCC,8,225
2023-12-23,IGCC,9,226
2023-12-23,IGCC,10,222
2023-12-23,IGCC,11,223
2023-12-23,IGCC,12,224
2023-12-23,IGCC,13,224
2023-12-23,IGCC,14,224
2023-12-23,IGCC,15,247
2023-12-23,IGCC,16,250
2023-12-23,IGCC,17,250
2023-12-23,IGCC,18,250
2023-12-23,IGCC,19,246
2023-12-23,IGCC,20,245
2023-12-23,IGCC,21,247
2023-12-23,IGCC,22,247
2023-12-23,IGCC,23,247
2023-12-23,IGCC,24,247
2023-12-23,바이오중유,1,204
2023-12-23,바이오중유,2,204
2023-12-23,바이오중유,3,204
2023-12-23,바이오중유,4,204
2023-12-23,바이오중유,5,204
2023-12-23,바이오중유,6,204
2023-12-23,바이오중유,7,204
2023-12-23,바이오중유,8,204
2023-12-23,바이오중유,9,204
2023-12-23,바이오중유,10,204
2023-12-23,바이오중유,11,204
2023-12-23,바이오중유,12,204
2023-12-23,바이오중유,13,204
2023-12-23,바이오중유,14,204
2023-12-23,바이오중유,15,204
2023-12-23,바이오중유,16,204
2023-12-23,바이오중유,17,204
2023-12-23,바이오중유,18,205
2023-12-23,바이오중유,19,205
2023-12-23,바이오중유,20,205
2023-12-23,바이오중유,21,205
2023-12-23,바이오중유,22,205
2023-12-23,바이오중유,23,203
2023-12-23,바이오중유,24,156
2023-12-23,바이오기타,1,0
2023-12-23,바이오기타,2,0
2023-12-23,바이오기타,3,0
2023-12-23,바이오기타,4,0
2023-12-23,바이오기타,5,0
2023-12-23,바이오기타,6,0
2023-12-23,바이오기타,7,0
2023-12-23,바이오기타,8,0
2023-12-23,바이오기타,9,0
2023-12-23,바이오기타,10,0
2023-12-23,바이오기타,11,0
2023-12-23,바이오기타,12,0
2023-12-23,바이오기타,13,0
2023-12-23,바이오기타,14,0
2023-12-23,바이오기타,15,0
2023-12-23,바이오기타,16,0
2023-12-23,바이오기타,17,0
2023-12-23,바이오기타,18,0
2023-12-23,바이오기타,19,0
2023-12-23,바이오기타,20,0
2023-12-23,바이오기타,21,0
2023-12-23,바이오기타,22,0
2023-12-23,바이오기타,23,0
2023-12-23,바이오기타,24,0
2023-12-23,기타,1,65
2023-12-23,기타,2,62
2023-12-23,기타,3,62
2023-12-23,기타,4,60
2023-12-23,기타,5,62
2023-12-23,기타,6,63
2023-12-23,기타,7,60
2023-12-23,기타,8,65
2023-12-23,기타,9,66
2023-12-23,기타,10,62
2023-12-23,기타,11,57
2023-12-23,기타,12,56
2023-12-23,기타,13,54
2023-12-23,기타,14,53
2023-12-23,기타,15,48
2023-12-23,기타,16,50
2023-12-23,기타,17,52
2023-12-23,기타,18,54
2023-12-23,기타,19,60
2023-12-23,기타,20,59
2023-12-23,기타,21,57
2023-12-23,기타,22,55
2023-12-23,기타,23,57
2023-12-23,기타,24,59
2023-12-24,원자력,1,21024
2023-12-24,원자력,2,21023
2023-12-24,원자력,3,21025
2023-12-24,원자력,4,21025
2023-12-24,원자력,5,21025
2023-12-24,원자력,6,21022
2023-12-24,원자력,7,21022
2023-12-24,원자력,8,21023
2023-12-24,원자력,9,21022
2023-12-24,원자력,10,21023
2023-12-24,원자력,11,21024
2023-12-24,원자력,12,21027
2023-12-24,원자력,13,21029
2023-12-24,원자력,14,21027
2023-12-24,원자력,15,21025
2023-12-24,원자력,16,21024
2023-12-24,원자력,17,21021
2023-12-24,원자력,18,21016
2023-12-24,원자력,19,21013
2023-12-24,원자력,20,21009
2023-12-24,원자력,21,21007
2023-12-24,원자력,22,21004
2023-12-24,원자력,23,21004
2023-12-24,원자력,24,21001
2023-12-24,유연탄,1,22977
2023-12-24,유연탄,2,22135
2023-12-24,유연탄,3,21061
2023-12-24,유연탄,4,20931
2023-12-24,유연탄,5,20927
2023-12-24,유연탄,6,20854
2023-12-24,유연탄,7,20859
2023-12-24,유연탄,8,20993
2023-12-24,유연탄,9,20845
2023-12-24,유연탄,10,20452
2023-12-24,유연탄,11,19947
2023-12-24,유연탄,12,19017
2023-12-24,유연탄,13,18299
2023-12-24,유연탄,14,17964
2023-12-24,유연탄,15,18543
2023-12-24,유연탄,16,18907
2023-12-24,유연탄,17,19038
2023-12-24,유연탄,18,19802
2023-12-24,유연탄,19,19986
2023-12-24,유연탄,20,20099
2023-12-24,유연탄,21,19985
2023-12-24,유연탄,22,19944
2023-12-24,유연탄,23,20058
2023-12-24,유연탄,24,20317
2023-12-24,무연탄,1,168
2023-12-24,무연탄,2,168
2023-12-24,무연탄,3,168
2023-12-24,무연탄,4,168
2023-12-24,무연탄,5,168
2023-12-24,무연탄,6,168
2023-12-24,무연탄,7,169
2023-12-24,무연탄,8,168
2023-12-24,무연탄,9,167
2023-12-24,무연탄,10,167
2023-12-24,무연탄,11,168
2023-12-24,무연탄,12,168
2023-12-24,무연탄,13,166
2023-12-24,무연탄,14,157
2023-12-24,무연탄,15,154
2023-12-24,무연탄,16,153
2023-12-24,무연탄,17,163
2023-12-24,무연탄,18,167
2023-12-24,무연탄,19,168
2023-12-24,무연탄,20,166
2023-12-24,무연탄,21,167
2023-12-24,무연탄,22,166
2023-12-24,무연탄,23,166
2023-12-24,무연탄,24,167
2023-12-24,바이오가스,1,33
2023-12-24,바이오가스,2,34
2023-12-24,바이오가스,3,35
2023-12-24,바이오가스,4,33
2023-12-24,바이오가스,5,33
2023-12-24,바이오가스,6,33
2023-12-24,바이오가스,7,33
2023-12-24,바이오가스,8,34
2023-12-24,바이오가스,9,35
2023-12-24,바이오가스,10,37
2023-12-24,바이오가스,11,34
2023-12-24,바이오가스,12,35
2023-12-24,바이오가스,13,36
2023-12-24,바이오가스,14,36
2023-12-24,바이오가스,15,36
2023-12-24,바이오가스,16,36
2023-12-24,바이오가스,17,35
2023-12-24,바이오가스,18,35
2023-12-24,바이오가스,19,36
2023-12-24,바이오가스,20,36
2023-12-24,바이오가스,21,36
2023-12-24,바이오가스,22,35
2023-12-24,바이오가스,23,33
2023-12-24,바이오가스,24,32
2023-12-24,부생가스,1,75
2023-12-24,부생가스,2,75
2023-12-24,부생가스,3,76
2023-12-24,부생가스,4,76
2023-12-24,부생가스,5,76
2023-12-24,부생가스,6,76
2023-12-24,부생가스,7,76
2023-12-24,부생가스,8,77
2023-12-24,부생가스,9,77
2023-12-24,부생가스,10,77
2023-12-24,부생가스,11,78
2023-12-24,부생가스,12,80
2023-12-24,부생가스,13,80
2023-12-24,부생가스,14,80
2023-12-24,부생가스,15,81
2023-12-24,부생가스,16,82
2023-12-24,부생가스,17,82
2023-12-24,부생가스,18,81
2023-12-24,부생가스,19,81
2023-12-24,부생가스,20,81
2023-12-24,부생가스,21,81
2023-12-24,부생가스,22,81
2023-12-24,부생가스,23,81
2023-12-24,부생가스,24,81
2023-12-24,수력,1,133
2023-12-24,수력,2,133
2023-12-24,수력,3,132
2023-12-24,수력,4,135
2023-12-24,수력,5,134
2023-12-24,수력,6,134
2023-12-24,수력,7,139
2023-12-24,수력,8,357
2023-12-24,수력,9,674
2023-12-24,수력,10,664
2023-12-24,수력,11,618
2023-12-24,수력,12,534
2023-12-24,수력,13,274
2023-12-24,수력,14,340
2023-12-24,수력,15,440
2023-12-24,수력,16,504
2023-12-24,수력,17,483
2023-12-24,수력,18,575
2023-12-24,수력,19,525
2023-12-24,수력,20,487
2023-12-24,수력,21,407
2023-12-24,수력,22,256
2023-12-24,수력,23,170
2023-12-24,수력,24,126
2023-12-24,양수,1,58
2023-12-24,양수,2,0
2023-12-24,양수,3,0
2023-12-24,양수,4,0
2023-12-24,양수,5,0
2023-12-24,양수,6,0
2023-12-24,양수,7,0
2023-12-24,양수,8,243
2023-12-24,양수,9,381
2023-12-24,양수,10,363
2023-12-24,양수,11,153
2023-12-24,양수,12,0
2023-12-24,양수,13,0
2023-12-24,양수,14,0
2023-12-24,양수,15,0
2023-12-24,양수,16,0
2023-12-24,양수,17,77
2023-12-24,양수,18,1427
2023-12-24,양수,19,1389
2023-12-24,양수,20,1458
2023-12-24,양수,21,1447
2023-12-24,양수,22,1140
2023-12-24,양수,23,606
2023-12-24,양수,24,705
2023-12-24,매립가스,1,27
2023-12-24,매립가스,2,27
2023-12-24,매립가스,3,27
2023-12-24,매립가스,4,27
2023-12-24,매립가스,5,27
2023-12-24,매립가스,6,27
2023-12-24,매립가스,7,27
2023-12-24,매립가스,8,26
2023-12-24,매립가스,9,26
2023-12-24,매립가스,10,25
2023-12-24,매립가스,11,25
2023-12-24,매립가스,12,25
2023-12-24,매립가스,13,26
2023-12-24,매립가스,14,26
2023-12-24,매립가스,15,27
2023-12-24,매립가스,16,27
2023-12-24,매립가스,17,27
2023-12-24,매립가스,18,27
2023-12-24,매립가스,19,27
2023-12-24,매립가스,20,27
2023-12-24,매립가스,21,27
2023-12-24,매립가스,22,27
2023-12-24,매립가스,23,27
2023-12-24,매립가스,24,27
2023-12-24,중유,1,53
2023-12-24,중유,2,33
2023-12-24,중유,3,33
2023-12-24,중유,4,32
2023-12-24,중유,5,32
2023-12-24,중유,6,32
2023-12-24,중유,7,38
2023-12-24,중유,8,55
2023-12-24,중유,9,59
2023-12-24,중유,10,58
2023-12-24,중유,11,42
2023-12-24,중유,12,30
2023-12-24,중유,13,30
2023-12-24,중유,14,30
2023-12-24,중유,15,30
2023-12-24,중유,16,31
2023-12-24,중유,17,52
2023-12-24,중유,18,57
2023-12-24,중유,19,59
2023-12-24,중유,20,59
2023-12-24,중유,21,60
2023-12-24,중유,22,60
2023-12-24,중유,23,60
2023-12-24,중유,24,60
2023-12-24,태양광,1,2
2023-12-24,태양광,2,0
2023-12-24,태양광,3,0
2023-12-24,태양광,4,0
2023-12-24,태양광,5,0
2023-12-24,태양광,6,0
2023-12-24,태양광,7,0
2023-12-24,태양광,8,2
2023-12-24,태양광,9,126
2023-12-24,태양광,10,561
2023-12-24,태양광,11,1155
2023-12-24,태양광,12,1804
2023-12-24,태양광,13,2079
2023-12-24,태양광,14,2118
2023-12-24,태양광,15,1734
2023-12-24,태양광,16,1153
2023-12-24,태양광,17,866
2023-12-24,태양광,18,481
2023-12-24,태양광,19,384
2023-12-24,태양광,20,210
2023-12-24,태양광,21,117
2023-12-24,태양광,22,60
2023-12-24,태양광,23,20
2023-12-24,태양광,24,3
2023-12-24,폐기물,1,129
2023-12-24,폐기물,2,130
2023-12-24,폐기물,3,129
2023-12-24,폐기물,4,128
2023-12-24,폐기물,5,127
2023-12-24,폐기물,6,129
2023-12-24,폐기물,7,129
2023-12-24,폐기물,8,130
2023-12-24,폐기물,9,128
2023-12-24,폐기물,10,129
2023-12-24,폐기물,11,128
2023-12-24,폐기물,12,128
2023-12-24,폐기물,13,130
2023-12-24,폐기물,14,131
2023-12-24,폐기물,15,128
2023-12-24,폐기물,16,129
2023-12-24,폐기물,17,129
2023-12-24,폐기물,18,131
2023-12-24,폐기물,19,131
2023-12-24,폐기물,20,133
2023-12-24,폐기물,21,131
2023-12-24,폐기물,22,129
2023-12-24,폐기물,23,129
2023-12-24,폐기물,24,129
2023-12-24,풍력,1,219
2023-12-24,풍력,2,164
2023-12-24,풍력,3,189
2023-12-24,풍력,4,138
2023-12-24,풍력,5,143
2023-12-24,풍력,6,179
2023-12-24,풍력,7,139
2023-12-24,풍력,8,162
2023-12-24,풍력,9,184
2023-12-24,풍력,10,247
2023-12-24,풍력,11,254
2023-12-24,풍력,12,234
2023-12-24,풍력,13,321
2023-12-24,풍력,14,418
2023-12-24,풍력,15,504
2023-12-24,풍력,16,564
2023-12-24,풍력,17,546
2023-12-24,풍력,18,557
2023-12-24,풍력,19,588
2023-12-24,풍력,20,526
2023-12-24,풍력,21,499
2023-12-24,풍력,22,527
2023-12-24,풍력,23,532
2023-12-24,풍력,24,545
2023-12-24,LNG,1,16551
2023-12-24,LNG,2,14928
2023-12-24,LNG,3,14186
2023-12-24,LNG,4,14167
2023-12-24,LNG,5,14153
2023-12-24,LNG,6,14210
2023-12-24,LNG,7,14567
2023-12-24,LNG,8,14660
2023-12-24,LNG,9,15033
2023-12-24,LNG,10,15123
2023-12-24,LNG,11,14669
2023-12-24,LNG,12,13409
2023-12-24,LNG,13,13213
2023-12-24,LNG,14,13455
2023-12-24,LNG,15,13487
2023-12-24,LNG,16,14357
2023-12-24,LNG,17,16588
2023-12-24,LNG,18,18065
2023-12-24,LNG,19,18936
2023-12-24,LNG,20,18646
2023-12-24,LNG,21,17961
2023-12-24,LNG,22,17509
2023-12-24,LNG,23,18059
2023-12-24,LNG,24,17954
2023-12-24,연료전지,1,829
2023-12-24,연료전지,2,829
2023-12-24,연료전지,3,829
2023-12-24,연료전지,4,829
2023-12-24,연료전지,5,829
2023-12-24,연료전지,6,830
2023-12-24,연료전지,7,830
2023-12-24,연료전지,8,829
2023-12-24,연료전지,9,830
2023-12-24,연료전지,10,830
2023-12-24,연료전지,11,830
2023-12-24,연료전지,12,830
2023-12-24,연료전지,13,830
2023-12-24,연료전지,14,830
2023-12-24,연료전지,15,830
2023-12-24,연료전지,16,830
2023-12-24,연료전지,17,830
2023-12-24,연료전지,18,830
2023-12-24,연료전지,19,830
2023-12-24,연료전지,20,830
2023-12-24,연료전지,21,830
2023-12-24,연료전지,22,830
2023-12-24,연료전지,23,830
2023-12-24,연료전지,24,830
2023-12-24,경유,1,0
2023-12-24,경유,2,0
2023-12-24,경유,3,0
2023-12-24,경유,4,0
2023-12-24,경유,5,0
2023-12-24,경유,6,0
2023-12-24,경유,7,0
2023-12-24,경유,8,0
2023-12-24,경유,9,0
2023-12-24,경유,10,0
2023-12-24,경유,11,0
2023-12-24,경유,12,0
2023-12-24,경유,13,0
2023-12-24,경유,14,0
2023-12-24,경유,15,0
2023-12-24,경유,16,0
2023-12-24,경유,17,0
2023-12-24,경유,18,0
2023-12-24,경유,19,0
2023-12-24,경유,20,0
2023-12-24,경유,21,0
2023-12-24,경유,22,0
2023-12-24,경유,23,0
2023-12-24,경유,24,0
2023-12-24,해양에너지,1,72
2023-12-24,해양에너지,2,118
2023-12-24,해양에너지,3,105
2023-12-24,해양에너지,4,54
2023-12-24,해양에너지,5,0
2023-12-24,해양에너지,6,0
2023-12-24,해양에너지,7,0
2023-12-24,해양에너지,8,0
2023-12-24,해양에너지,9,0
2023-12-24,해양에너지,10,0
2023-12-24,해양에너지,11,0
2023-12-24,해양에너지,12,0
2023-12-24,해양에너지,13,95
2023-12-24,해양에너지,14,173
2023-12-24,해양에너지,15,185
2023-12-24,해양에너지,16,158
2023-12-24,해양에너지,17,105
2023-12-24,해양에너지,18,34
2023-12-24,해양에너지,19,0
2023-12-24,해양에너지,20,0
2023-12-24,해양에너지,21,0
2023-12-24,해양에너지,22,0
2023-12-24,해양에너지,23,0
2023-12-24,해양에너지,24,0
2023-12-24,바이오매스,1,1033
2023-12-24,바이오매스,2,1034
2023-12-24,바이오매스,3,1033
2023-12-24,바이오매스,4,1038
2023-12-24,바이오매스,5,1043
2023-12-24,바이오매스,6,1047
2023-12-24,바이오매스,7,1050
2023-12-24,바이오매스,8,1050
2023-12-24,바이오매스,9,1051
2023-12-24,바이오매스,10,1052
2023-12-24,바이오매스,11,1055
2023-12-24,바이오매스,12,1055
2023-12-24,바이오매스,13,1054
2023-12-24,바이오매스,14,1054
2023-12-24,바이오매스,15,1056
2023-12-24,바이오매스,16,1057
2023-12-24,바이오매스,17,1058
2023-12-24,바이오매스,18,1056
2023-12-24,바이오매스,19,1055
2023-12-24,바이오매스,20,1056
2023-12-24,바이오매스,21,1061
2023-12-24,바이오매스,22,1061
2023-12-24,바이오매스,23,1061
2023-12-24,바이오매스,24,1059
2023-12-24,IGCC,1,248
2023-12-24,IGCC,2,249
2023-12-24,IGCC,3,249
2023-12-24,IGCC,4,248
2023-12-24,IGCC,5,249
2023-12-24,IGCC,6,247
2023-12-24,IGCC,7,247
2023-12-24,IGCC,8,256
2023-12-24,IGCC,9,258
2023-12-24,IGCC,10,251
2023-12-24,IGCC,11,243
2023-12-24,IGCC,12,245
2023-12-24,IGCC,13,247
2023-12-24,IGCC,14,247
2023-12-24,IGCC,15,247
2023-12-24,IGCC,16,249
2023-12-24,IGCC,17,249
2023-12-24,IGCC,18,249
2023-12-24,IGCC,19,248
2023-12-24,IGCC,20,250
2023-12-24,IGCC,21,250
2023-12-24,IGCC,22,250
2023-12-24,IGCC,23,249
2023-12-24,IGCC,24,251
2023-12-24,바이오중유,1,145
2023-12-24,바이오중유,2,144
2023-12-24,바이오중유,3,144
2023-12-24,바이오중유,4,144
2023-12-24,바이오중유,5,144
2023-12-24,바이오중유,6,144
2023-12-24,바이오중유,7,145
2023-12-24,바이오중유,8,145
2023-12-24,바이오중유,9,145
2023-12-24,바이오중유,10,145
2023-12-24,바이오중유,11,158
2023-12-24,바이오중유,12,183
2023-12-24,바이오중유,13,202
2023-12-24,바이오중유,14,205
2023-12-24,바이오중유,15,205
2023-12-24,바이오중유,16,205
2023-12-24,바이오중유,17,205
2023-12-24,바이오중유,18,205
2023-12-24,바이오중유,19,205
2023-12-24,바이오중유,20,205
2023-12-24,바이오중유,21,205
2023-12-24,바이오중유,22,206
2023-12-24,바이오중유,23,206
2023-12-24,바이오중유,24,206
2023-12-24,바이오기타,1,0
2023-12-24,바이오기타,2,0
2023-12-24,바이오기타,3,0
2023-12-24,바이오기타,4,0
2023-12-24,바이오기타,5,0
2023-12-24,바이오기타,6,0
2023-12-24,바이오기타,7,0
2023-12-24,바이오기타,8,0
2023-12-24,바이오기타,9,0
2023-12-24,바이오기타,10,0
2023-12-24,바이오기타,11,0
2023-12-24,바이오기타,12,0
2023-12-24,바이오기타,13,0
2023-12-24,바이오기타,14,0
2023-12-24,바이오기타,15,0
2023-12-24,바이오기타,16,0
2023-12-24,바이오기타,17,0
2023-12-24,바이오기타,18,0
2023-12-24,바이오기타,19,0
2023-12-24,바이오기타,20,0
2023-12-24,바이오기타,21,0
2023-12-24,바이오기타,22,0
2023-12-24,바이오기타,23,0
2023-12-24,바이오기타,24,0
2023-12-24,기타,1,56
2023-12-24,기타,2,53
2023-12-24,기타,3,54
2023-12-24,기타,4,52
2023-12-24,기타,5,51
2023-12-24,기타,6,50
2023-12-24,기타,7,52
2023-12-24,기타,8,50
2023-12-24,기타,9,55
2023-12-24,기타,10,53
2023-12-24,기타,11,44
2023-12-24,기타,12,42
2023-12-24,기타,13,41
2023-12-24,기타,14,41
2023-12-24,기타,15,42
2023-12-24,기타,16,41
2023-12-24,기타,17,47
2023-12-24,기타,18,52
2023-12-24,기타,19,56
2023-12-24,기타,20,55
2023-12-24,기타,21,52
2023-12-24,기타,22,50
2023-12-24,기타,23,50
2023-12-24,기타,24,52
2023-12-25,원자력,1,20999
2023-12-25,원자력,2,20999
2023-12-25,원자력,3,21000
2023-12-25,원자력,4,20998
2023-12-25,원자력,5,20999
2023-12-25,원자력,6,21000
2023-12-25,원자력,7,21001
2023-12-25,원자력,8,21006
2023-12-25,원자력,9,21005
2023-12-25,원자력,10,21007
2023-12-25,원자력,11,21007
2023-12-25,원자력,12,21011
2023-12-25,원자력,13,21014
2023-12-25,원자력,14,21013
2023-12-25,원자력,15,21013
2023-12-25,원자력,16,21014
2023-12-25,원자력,17,21014
2023-12-25,원자력,18,21011
2023-12-25,원자력,19,21007
2023-12-25,원자력,20,21006
2023-12-25,원자력,21,21011
2023-12-25,원자력,22,21009
2023-12-25,원자력,23,21010
2023-12-25,원자력,24,21008
2023-12-25,유연탄,1,20272
2023-12-25,유연탄,2,20028
2023-12-25,유연탄,3,19897
2023-12-25,유연탄,4,19779
2023-12-25,유연탄,5,19874
2023-12-25,유연탄,6,19809
2023-12-25,유연탄,7,19852
2023-12-25,유연탄,8,19927
2023-12-25,유연탄,9,20116
2023-12-25,유연탄,10,20093
2023-12-25,유연탄,11,20005
2023-12-25,유연탄,12,18894
2023-12-25,유연탄,13,18847
2023-12-25,유연탄,14,19558
2023-12-25,유연탄,15,19832
2023-12-25,유연탄,16,20206
2023-12-25,유연탄,17,20981
2023-12-25,유연탄,18,21863
2023-12-25,유연탄,19,22232
2023-12-25,유연탄,20,22454
2023-12-25,유연탄,21,22377
2023-12-25,유연탄,22,22342
2023-12-25,유연탄,23,22539
2023-12-25,유연탄,24,22804
2023-12-25,무연탄,1,166
2023-12-25,무연탄,2,167
2023-12-25,무연탄,3,167
2023-12-25,무연탄,4,167
2023-12-25,무연탄,5,167
2023-12-25,무연탄,6,167
2023-12-25,무연탄,7,167
2023-12-25,무연탄,8,167
2023-12-25,무연탄,9,166
2023-12-25,무연탄,10,166
2023-12-25,무연탄,11,166
2023-12-25,무연탄,12,167
2023-12-25,무연탄,13,167
2023-12-25,무연탄,14,168
2023-12-25,무연탄,15,168
2023-12-25,무연탄,16,168
2023-12-25,무연탄,17,167
2023-12-25,무연탄,18,167
2023-12-25,무연탄,19,167
2023-12-25,무연탄,20,166
2023-12-25,무연탄,21,167
2023-12-25,무연탄,22,167
2023-12-25,무연탄,23,167
2023-12-25,무연탄,24,167
2023-12-25,바이오가스,1,31
2023-12-25,바이오가스,2,32
2023-12-25,바이오가스,3,33
2023-12-25,바이오가스,4,35
2023-12-25,바이오가스,5,33
2023-12-25,바이오가스,6,33
2023-12-25,바이오가스,7,34
2023-12-25,바이오가스,8,34
2023-12-25,바이오가스,9,34
2023-12-25,바이오가스,10,36
2023-12-25,바이오가스,11,38
2023-12-25,바이오가스,12,35
2023-12-25,바이오가스,13,34
2023-12-25,바이오가스,14,34
2023-12-25,바이오가스,15,34
2023-12-25,바이오가스,16,35
2023-12-25,바이오가스,17,34
2023-12-25,바이오가스,18,34
2023-12-25,바이오가스,19,33
2023-12-25,바이오가스,20,34
2023-12-25,바이오가스,21,35
2023-12-25,바이오가스,22,35
2023-12-25,바이오가스,23,36
2023-12-25,바이오가스,24,36
2023-12-25,부생가스,1,82
2023-12-25,부생가스,2,81
2023-12-25,부생가스,3,82
2023-12-25,부생가스,4,82
2023-12-25,부생가스,5,82
2023-12-25,부생가스,6,81
2023-12-25,부생가스,7,82
2023-12-25,부생가스,8,82
2023-12-25,부생가스,9,83
2023-12-25,부생가스,10,83
2023-12-25,부생가스,11,83
2023-12-25,부생가스,12,83
2023-12-25,부생가스,13,83
2023-12-25,부생가스,14,83
2023-12-25,부생가스,15,82
2023-12-25,부생가스,16,82
2023-12-25,부생가스,17,83
2023-12-25,부생가스,18,82
2023-12-25,부생가스,19,81
2023-12-25,부생가스,20,81
2023-12-25,부생가스,21,81
2023-12-25,부생가스,22,81
2023-12-25,부생가스,23,82
2023-12-25,부생가스,24,82
2023-12-25,수력,1,125
2023-12-25,수력,2,124
2023-12-25,수력,3,123
2023-12-25,수력,4,122
2023-12-25,수력,5,122
2023-12-25,수력,6,123
2023-12-25,수력,7,128
2023-12-25,수력,8,135
2023-12-25,수력,9,617
2023-12-25,수력,10,670
2023-12-25,수력,11,660
2023-12-25,수력,12,574
2023-12-25,수력,13,329
2023-12-25,수력,14,490
2023-12-25,수력,15,481
2023-12-25,수력,16,553
2023-12-25,수력,17,596
2023-12-25,수력,18,570
2023-12-25,수력,19,562
2023-12-25,수력,20,484
2023-12-25,수력,21,461
2023-12-25,수력,22,234
2023-12-25,수력,23,144
2023-12-25,수력,24,136
2023-12-25,양수,1,241
2023-12-25,양수,2,0
2023-12-25,양수,3,0
2023-12-25,양수,4,0
2023-12-25,양수,5,0
2023-12-25,양수,6,0
2023-12-25,양수,7,0
2023-12-25,양수,8,0
2023-12-25,양수,9,0
2023-12-25,양수,10,0
2023-12-25,양수,11,0
2023-12-25,양수,12,0
2023-12-25,양수,13,0
2023-12-25,양수,14,0
2023-12-25,양수,15,0
2023-12-25,양수,16,0
2023-12-25,양수,17,8
2023-12-25,양수,18,1205
2023-12-25,양수,19,1953
2023-12-25,양수,20,1606
2023-12-25,양수,21,1365
2023-12-25,양수,22,944
2023-12-25,양수,23,494
2023-12-25,양수,24,178
2023-12-25,매립가스,1,27
2023-12-25,매립가스,2,27
2023-12-25,매립가스,3,26
2023-12-25,매립가스,4,26
2023-12-25,매립가스,5,26
2023-12-25,매립가스,6,26
2023-12-25,매립가스,7,25
2023-12-25,매립가스,8,25
2023-12-25,매립가스,9,25
2023-12-25,매립가스,10,25
2023-12-25,매립가스,11,25
2023-12-25,매립가스,12,25
2023-12-25,매립가스,13,25
2023-12-25,매립가스,14,25
2023-12-25,매립가스,15,25
2023-12-25,매립가스,16,26
2023-12-25,매립가스,17,26
2023-12-25,매립가스,18,26
2023-12-25,매립가스,19,26
2023-12-25,매립가스,20,26
2023-12-25,매립가스,21,26
2023-12-25,매립가스,22,25
2023-12-25,매립가스,23,25
2023-12-25,매립가스,24,25
2023-12-25,중유,1,43
2023-12-25,중유,2,34
2023-12-25,중유,3,34
2023-12-25,중유,4,34
2023-12-25,중유,5,34
2023-12-25,중유,6,33
2023-12-25,중유,7,33
2023-12-25,중유,8,34
2023-12-25,중유,9,35
2023-12-25,중유,10,35
2023-12-25,중유,11,35
2023-12-25,중유,12,34
2023-12-25,중유,13,34
2023-12-25,중유,14,33
2023-12-25,중유,15,33
2023-12-25,중유,16,33
2023-12-25,중유,17,34
2023-12-25,중유,18,39
2023-12-25,중유,19,58
2023-12-25,중유,20,61
2023-12-25,중유,21,61
2023-12-25,중유,22,62
2023-12-25,중유,23,62
2023-12-25,중유,24,61
2023-12-25,태양광,1,0
2023-12-25,태양광,2,0
2023-12-25,태양광,3,0
2023-12-25,태양광,4,0
2023-12-25,태양광,5,0
2023-12-25,태양광,6,0
2023-12-25,태양광,7,0
2023-12-25,태양광,8,5
2023-12-25,태양광,9,227
2023-12-25,태양광,10,812
2023-12-25,태양광,11,1495
2023-12-25,태양광,12,1923
2023-12-25,태양광,13,1857
2023-12-25,태양광,14,1611
2023-12-25,태양광,15,1379
2023-12-25,태양광,16,1058
2023-12-25,태양광,17,924
2023-12-25,태양광,18,503
2023-12-25,태양광,19,393
2023-12-25,태양광,20,180
2023-12-25,태양광,21,94
2023-12-25,태양광,22,36
2023-12-25,태양광,23,11
2023-12-25,태양광,24,2
2023-12-25,폐기물,1,130
2023-12-25,폐기물,2,129
2023-12-25,폐기물,3,128
2023-12-25,폐기물,4,127
2023-12-25,폐기물,5,128
2023-12-25,폐기물,6,129
2023-12-25,폐기물,7,130
2023-12-25,폐기물,8,131
2023-12-25,폐기물,9,124
2023-12-25,폐기물,10,122
2023-12-25,폐기물,11,121
2023-12-25,폐기물,12,121
2023-12-25,폐기물,13,121
2023-12-25,폐기물,14,120
2023-12-25,폐기물,15,118
2023-12-25,폐기물,16,116
2023-12-25,폐기물,17,117
2023-12-25,폐기물,18,118
2023-12-25,폐기물,19,117
2023-12-25,폐기물,20,116
2023-12-25,폐기물,21,117
2023-12-25,폐기물,22,115
2023-12-25,폐기물,23,114
2023-12-25,폐기물,24,118
2023-12-25,풍력,1,577
2023-12-25,풍력,2,571
2023-12-25,풍력,3,631
2023-12-25,풍력,4,649
2023-12-25,풍력,5,658
2023-12-25,풍력,6,729
2023-12-25,풍력,7,708
2023-12-25,풍력,8,618
2023-12-25,풍력,9,665
2023-12-25,풍력,10,786
2023-12-25,풍력,11,823
2023-12-25,풍력,12,779
2023-12-25,풍력,13,757
2023-12-25,풍력,14,726
2023-12-25,풍력,15,700
2023-12-25,풍력,16,662
2023-12-25,풍력,17,601
2023-12-25,풍력,18,621
2023-12-25,풍력,19,603
2023-12-25,풍력,20,568
2023-12-25,풍력,21,608
2023-12-25,풍력,22,612
2023-12-25,풍력,23,632
2023-12-25,풍력,24,698
2023-12-25,LNG,1,15837
2023-12-25,LNG,2,13823
2023-12-25,LNG,3,12345
2023-12-25,LNG,4,12077
2023-12-25,LNG,5,12219
2023-12-25,LNG,6,12847
2023-12-25,LNG,7,14369
2023-12-25,LNG,8,16404
2023-12-25,LNG,9,17475
2023-12-25,LNG,10,17254
2023-12-25,LNG,11,16490
2023-12-25,LNG,12,16034
2023-12-25,LNG,13,15881
2023-12-25,LNG,14,15880
2023-12-25,LNG,15,16362
2023-12-25,LNG,16,17117
2023-12-25,LNG,17,17650
2023-12-25,LNG,18,18433
2023-12-25,LNG,19,18384
2023-12-25,LNG,20,18233
2023-12-25,LNG,21,17644
2023-12-25,LNG,22,17138
2023-12-25,LNG,23,16999
2023-12-25,LNG,24,16808
2023-12-25,연료전지,1,830
2023-12-25,연료전지,2,830
2023-12-25,연료전지,3,829
2023-12-25,연료전지,4,828
2023-12-25,연료전지,5,827
2023-12-25,연료전지,6,827
2023-12-25,연료전지,7,826
2023-12-25,연료전지,8,826
2023-12-25,연료전지,9,826
2023-12-25,연료전지,10,826
2023-12-25,연료전지,11,826
2023-12-25,연료전지,12,826
2023-12-25,연료전지,13,826
2023-12-25,연료전지,14,826
2023-12-25,연료전지,15,826
2023-12-25,연료전지,16,826
2023-12-25,연료전지,17,825
2023-12-25,연료전지,18,825
2023-12-25,연료전지,19,825
2023-12-25,연료전지,20,825
2023-12-25,연료전지,21,825
2023-12-25,연료전지,22,825
2023-12-25,연료전지,23,825
2023-12-25,연료전지,24,823
2023-12-25,경유,1,0
2023-12-25,경유,2,0
2023-12-25,경유,3,0
2023-12-25,경유,4,0
2023-12-25,경유,5,0
2023-12-25,경유,6,0
2023-12-25,경유,7,0
2023-12-25,경유,8,0
2023-12-25,경유,9,0
2023-12-25,경유,10,0
2023-12-25,경유,11,0
2023-12-25,경유,12,0
2023-12-25,경유,13,0
2023-12-25,경유,14,0
2023-12-25,경유,15,0
2023-12-25,경유,16,0
2023-12-25,경유,17,0
2023-12-25,경유,18,0
2023-12-25,경유,19,0
2023-12-25,경유,20,0
2023-12-25,경유,21,0
2023-12-25,경유,22,0
2023-12-25,경유,23,0
2023-12-25,경유,24,0
2023-12-25,해양에너지,1,0
2023-12-25,해양에너지,2,97
2023-12-25,해양에너지,3,129
2023-12-25,해양에너지,4,118
2023-12-25,해양에너지,5,73
2023-12-25,해양에너지,6,8
2023-12-25,해양에너지,7,0
2023-12-25,해양에너지,8,0
2023-12-25,해양에너지,9,0
2023-12-25,해양에너지,10,0
2023-12-25,해양에너지,11,0
2023-12-25,해양에너지,12,0
2023-12-25,해양에너지,13,5
2023-12-25,해양에너지,14,150
2023-12-25,해양에너지,15,196
2023-12-25,해양에너지,16,203
2023-12-25,해양에너지,17,172
2023-12-25,해양에너지,18,111
2023-12-25,해양에너지,19,37
2023-12-25,해양에너지,20,0
2023-12-25,해양에너지,21,0
2023-12-25,해양에너지,22,0
2023-12-25,해양에너지,23,0
2023-12-25,해양에너지,24,0
2023-12-25,바이오매스,1,1061
2023-12-25,바이오매스,2,1063
2023-12-25,바이오매스,3,1065
2023-12-25,바이오매스,4,1060
2023-12-25,바이오매스,5,1060
2023-12-25,바이오매스,6,1057
2023-12-25,바이오매스,7,1053
2023-12-25,바이오매스,8,1059
2023-12-25,바이오매스,9,1055
2023-12-25,바이오매스,10,1052
2023-12-25,바이오매스,11,1056
2023-12-25,바이오매스,12,1058
2023-12-25,바이오매스,13,1061
2023-12-25,바이오매스,14,1060
2023-12-25,바이오매스,15,1062
2023-12-25,바이오매스,16,1060
2023-12-25,바이오매스,17,1060
2023-12-25,바이오매스,18,1059
2023-12-25,바이오매스,19,1055
2023-12-25,바이오매스,20,1054
2023-12-25,바이오매스,21,1056
2023-12-25,바이오매스,22,1056
2023-12-25,바이오매스,23,1056
2023-12-25,바이오매스,24,1059
2023-12-25,IGCC,1,251
2023-12-25,IGCC,2,252
2023-12-25,IGCC,3,249
2023-12-25,IGCC,4,250
2023-12-25,IGCC,5,250
2023-12-25,IGCC,6,250
2023-12-25,IGCC,7,249
2023-12-25,IGCC,8,249
2023-12-25,IGCC,9,251
2023-12-25,IGCC,10,254
2023-12-25,IGCC,11,253
2023-12-25,IGCC,12,255
2023-12-25,IGCC,13,257
2023-12-25,IGCC,14,257
2023-12-25,IGCC,15,257
2023-12-25,IGCC,16,257
2023-12-25,IGCC,17,259
2023-12-25,IGCC,18,257
2023-12-25,IGCC,19,255
2023-12-25,IGCC,20,254
2023-12-25,IGCC,21,256
2023-12-25,IGCC,22,255
2023-12-25,IGCC,23,255
2023-12-25,IGCC,24,256
2023-12-25,바이오중유,1,206
2023-12-25,바이오중유,2,205
2023-12-25,바이오중유,3,205
2023-12-25,바이오중유,4,205
2023-12-25,바이오중유,5,205
2023-12-25,바이오중유,6,206
2023-12-25,바이오중유,7,205
2023-12-25,바이오중유,8,206
2023-12-25,바이오중유,9,206
2023-12-25,바이오중유,10,206
2023-12-25,바이오중유,11,206
2023-12-25,바이오중유,12,206
2023-12-25,바이오중유,13,205
2023-12-25,바이오중유,14,205
2023-12-25,바이오중유,15,205
2023-12-25,바이오중유,16,205
2023-12-25,바이오중유,17,205
2023-12-25,바이오중유,18,205
2023-12-25,바이오중유,19,205
2023-12-25,바이오중유,20,205
2023-12-25,바이오중유,21,205
2023-12-25,바이오중유,22,206
2023-12-25,바이오중유,23,206
2023-12-25,바이오중유,24,206
2023-12-25,바이오기타,1,0
2023-12-25,바이오기타,2,0
2023-12-25,바이오기타,3,0
2023-12-25,바이오기타,4,0
2023-12-25,바이오기타,5,0
2023-12-25,바이오기타,6,0
2023-12-25,바이오기타,7,0
2023-12-25,바이오기타,8,0
2023-12-25,바이오기타,9,0
2023-12-25,바이오기타,10,0
2023-12-25,바이오기타,11,0
2023-12-25,바이오기타,12,0
2023-12-25,바이오기타,13,0
2023-12-25,바이오기타,14,0
2023-12-25,바이오기타,15,0
2023-12-25,바이오기타,16,0
2023-12-25,바이오기타,17,0
2023-12-25,바이오기타,18,0
2023-12-25,바이오기타,19,0
2023-12-25,바이오기타,20,0
2023-12-25,바이오기타,21,0
2023-12-25,바이오기타,22,0
2023-12-25,바이오기타,23,0
2023-12-25,바이오기타,24,0
2023-12-25,기타,1,51
2023-12-25,기타,2,49
2023-12-25,기타,3,48
2023-12-25,기타,4,46
2023-12-25,기타,5,47
2023-12-25,기타,6,46
2023-12-25,기타,7,47
2023-12-25,기타,8,46
2023-12-25,기타,9,44
2023-12-25,기타,10,39
2023-12-25,기타,11,39
2023-12-25,기타,12,33
2023-12-25,기타,13,32
2023-12-25,기타,14,34
2023-12-25,기타,15,40
2023-12-25,기타,16,28
2023-12-25,기타,17,38
2023-12-25,기타,18,39
2023-12-25,기타,19,39
2023-12-25,기타,20,45
2023-12-25,기타,21,46
2023-12-25,기타,22,46
2023-12-25,기타,23,42
2023-12-25,기타,24,37
2023-12-26,원자력,1,21008
2023-12-26,원자력,2,21007
2023-12-26,원자력,3,21008
2023-12-26,원자력,4,21007
2023-12-26,원자력,5,21003
2023-12-26,원자력,6,21000
2023-12-26,원자력,7,20999
2023-12-26,원자력,8,20995
2023-12-26,원자력,9,20993
2023-12-26,원자력,10,20989
2023-12-26,원자력,11,20999
2023-12-26,원자력,12,21002
2023-12-26,원자력,13,21000
2023-12-26,원자력,14,21000
2023-12-26,원자력,15,20996
2023-12-26,원자력,16,21002
2023-12-26,원자력,17,20999
2023-12-26,원자력,18,20995
2023-12-26,원자력,19,20992
2023-12-26,원자력,20,20992
2023-12-26,원자력,21,20991
2023-12-26,원자력,22,20990
2023-12-26,원자력,23,20990
2023-12-26,원자력,24,20992
2023-12-26,유연탄,1,22476
2023-12-26,유연탄,2,22197
2023-12-26,유연탄,3,21905
2023-12-26,유연탄,4,21536
2023-12-26,유연탄,5,21295
2023-12-26,유연탄,6,21918
2023-12-26,유연탄,7,21496
2023-12-26,유연탄,8,22558
2023-12-26,유연탄,9,24114
2023-12-26,유연탄,10,24658
2023-12-26,유연탄,11,24514
2023-12-26,유연탄,12,23775
2023-12-26,유연탄,13,22476
2023-12-26,유연탄,14,23811
2023-12-26,유연탄,15,24659
2023-12-26,유연탄,16,25327
2023-12-26,유연탄,17,25694
2023-12-26,유연탄,18,25491
2023-12-26,유연탄,19,25164
2023-12-26,유연탄,20,25429
2023-12-26,유연탄,21,25147
2023-12-26,유연탄,22,24993
2023-12-26,유연탄,23,25252
2023-12-26,유연탄,24,25849
2023-12-26,무연탄,1,167
2023-12-26,무연탄,2,166
2023-12-26,무연탄,3,166
2023-12-26,무연탄,4,166
2023-12-26,무연탄,5,167
2023-12-26,무연탄,6,166
2023-12-26,무연탄,7,167
2023-12-26,무연탄,8,167
2023-12-26,무연탄,9,166
2023-12-26,무연탄,10,167
2023-12-26,무연탄,11,168
2023-12-26,무연탄,12,169
2023-12-26,무연탄,13,169
2023-12-26,무연탄,14,169
2023-12-26,무연탄,15,168
2023-12-26,무연탄,16,167
2023-12-26,무연탄,17,166
2023-12-26,무연탄,18,166
2023-12-26,무연탄,19,166
2023-12-26,무연탄,20,166
2023-12-26,무연탄,21,166
2023-12-26,무연탄,22,166
2023-12-26,무연탄,23,167
2023-12-26,무연탄,24,168
2023-12-26,바이오가스,1,35
2023-12-26,바이오가스,2,32
2023-12-26,바이오가스,3,34
2023-12-26,바이오가스,4,36
2023-12-26,바이오가스,5,35
2023-12-26,바이오가스,6,34
2023-12-26,바이오가스,7,35
2023-12-26,바이오가스,8,34
2023-12-26,바이오가스,9,33
2023-12-26,바이오가스,10,32
2023-12-26,바이오가스,11,34
2023-12-26,바이오가스,12,35
2023-12-26,바이오가스,13,35
2023-12-26,바이오가스,14,34
2023-12-26,바이오가스,15,34
2023-12-26,바이오가스,16,36
2023-12-26,바이오가스,17,38
2023-12-26,바이오가스,18,37
2023-12-26,바이오가스,19,36
2023-12-26,바이오가스,20,35
2023-12-26,바이오가스,21,36
2023-12-26,바이오가스,22,37
2023-12-26,바이오가스,23,36
2023-12-26,바이오가스,24,35
2023-12-26,부생가스,1,82
2023-12-26,부생가스,2,82
2023-12-26,부생가스,3,82
2023-12-26,부생가스,4,82
2023-12-26,부생가스,5,82
2023-12-26,부생가스,6,81
2023-12-26,부생가스,7,81
2023-12-26,부생가스,8,81
2023-12-26,부생가스,9,289
2023-12-26,부생가스,10,389
2023-12-26,부생가스,11,289
2023-12-26,부생가스,12,287
2023-12-26,부생가스,13,325
2023-12-26,부생가스,14,355
2023-12-26,부생가스,15,376
2023-12-26,부생가스,16,357
2023-12-26,부생가스,17,323
2023-12-26,부생가스,18,345
2023-12-26,부생가스,19,352
2023-12-26,부생가스,20,266
2023-12-26,부생가스,21,268
2023-12-26,부생가스,22,282
2023-12-26,부생가스,23,121
2023-12-26,부생가스,24,71
2023-12-26,수력,1,134
2023-12-26,수력,2,132
2023-12-26,수력,3,130
2023-12-26,수력,4,129
2023-12-26,수력,5,130
2023-12-26,수력,6,131
2023-12-26,수력,7,136
2023-12-26,수력,8,146
2023-12-26,수력,9,542
2023-12-26,수력,10,574
2023-12-26,수력,11,620
2023-12-26,수력,12,552
2023-12-26,수력,13,299
2023-12-26,수력,14,472
2023-12-26,수력,15,460
2023-12-26,수력,16,556
2023-12-26,수력,17,577
2023-12-26,수력,18,551
2023-12-26,수력,19,577
2023-12-26,수력,20,487
2023-12-26,수력,21,476
2023-12-26,수력,22,396
2023-12-26,수력,23,280
2023-12-26,수력,24,154
2023-12-26,양수,1,0
2023-12-26,양수,2,0
2023-12-26,양수,3,0
2023-12-26,양수,4,0
2023-12-26,양수,5,0
2023-12-26,양수,6,0
2023-12-26,양수,7,0
2023-12-26,양수,8,0
2023-12-26,양수,9,0
2023-12-26,양수,10,461
2023-12-26,양수,11,919
2023-12-26,양수,12,49
2023-12-26,양수,13,0
2023-12-26,양수,14,0
2023-12-26,양수,15,0
2023-12-26,양수,16,0
2023-12-26,양수,17,111
2023-12-26,양수,18,1772
2023-12-26,양수,19,2395
2023-12-26,양수,20,2509
2023-12-26,양수,21,2529
2023-12-26,양수,22,1944
2023-12-26,양수,23,1684
2023-12-26,양수,24,887
2023-12-26,매립가스,1,25
2023-12-26,매립가스,2,25
2023-12-26,매립가스,3,25
2023-12-26,매립가스,4,25
2023-12-26,매립가스,5,25
2023-12-26,매립가스,6,25
2023-12-26,매립가스,7,25
2023-12-26,매립가스,8,25
2023-12-26,매립가스,9,26
2023-12-26,매립가스,10,26
2023-12-26,매립가스,11,26
2023-12-26,매립가스,12,25
2023-12-26,매립가스,13,26
2023-12-26,매립가스,14,27
2023-12-26,매립가스,15,27
2023-12-26,매립가스,16,27
2023-12-26,매립가스,17,28
2023-12-26,매립가스,18,26
2023-12-26,매립가스,19,25
2023-12-26,매립가스,20,25
2023-12-26,매립가스,21,25
2023-12-26,매립가스,22,25
2023-12-26,매립가스,23,25
2023-12-26,매립가스,24,25
2023-12-26,중유,1,45
2023-12-26,중유,2,34
2023-12-26,중유,3,33
2023-12-26,중유,4,33
2023-12-26,중유,5,33
2023-12-26,중유,6,33
2023-12-26,중유,7,32
2023-12-26,중유,8,29
2023-12-26,중유,9,30
2023-12-26,중유,10,31
2023-12-26,중유,11,30
2023-12-26,중유,12,29
2023-12-26,중유,13,28
2023-12-26,중유,14,28
2023-12-26,중유,15,29
2023-12-26,중유,16,27
2023-12-26,중유,17,27
2023-12-26,중유,18,29
2023-12-26,중유,19,29
2023-12-26,중유,20,30
2023-12-26,중유,21,30
2023-12-26,중유,22,30
2023-12-26,중유,23,31
2023-12-26,중유,24,31
2023-12-26,태양광,1,0
2023-12-26,태양광,2,0
2023-12-26,태양광,3,0
2023-12-26,태양광,4,0
2023-12-26,태양광,5,0
2023-12-26,태양광,6,0
2023-12-26,태양광,7,0
2023-12-26,태양광,8,6
2023-12-26,태양광,9,341
2023-12-26,태양광,10,1233
2023-12-26,태양광,11,2041
2023-12-26,태양광,12,2741
2023-12-26,태양광,13,3023
2023-12-26,태양광,14,2841
2023-12-26,태양광,15,2353
2023-12-26,태양광,16,1502
2023-12-26,태양광,17,1147
2023-12-26,태양광,18,802
2023-12-26,태양광,19,714
2023-12-26,태양광,20,413
2023-12-26,태양광,21,179
2023-12-26,태양광,22,86
2023-12-26,태양광,23,31
2023-12-26,태양광,24,7
2023-12-26,폐기물,1,118
2023-12-26,폐기물,2,118
2023-12-26,폐기물,3,116
2023-12-26,폐기물,4,116
2023-12-26,폐기물,5,117
2023-12-26,폐기물,6,116
2023-12-26,폐기물,7,116
2023-12-26,폐기물,8,110
2023-12-26,폐기물,9,110
2023-12-26,폐기물,10,107
2023-12-26,폐기물,11,108
2023-12-26,폐기물,12,110
2023-12-26,폐기물,13,109
2023-12-26,폐기물,14,110
2023-12-26,폐기물,15,105
2023-12-26,폐기물,16,105
2023-12-26,폐기물,17,110
2023-12-26,폐기물,18,112
2023-12-26,폐기물,19,112
2023-12-26,폐기물,20,110
2023-12-26,폐기물,21,113
2023-12-26,폐기물,22,116
2023-12-26,폐기물,23,117
2023-12-26,폐기물,24,118
2023-12-26,풍력,1,701
2023-12-26,풍력,2,670
2023-12-26,풍력,3,666
2023-12-26,풍력,4,701
2023-12-26,풍력,5,687
2023-12-26,풍력,6,691
2023-12-26,풍력,7,666
2023-12-26,풍력,8,644
2023-12-26,풍력,9,649
2023-12-26,풍력,10,661
2023-12-26,풍력,11,650
2023-12-26,풍력,12,609
2023-12-26,풍력,13,536
2023-12-26,풍력,14,496
2023-12-26,풍력,15,444
2023-12-26,풍력,16,425
2023-12-26,풍력,17,423
2023-12-26,풍력,18,480
2023-12-26,풍력,19,476
2023-12-26,풍력,20,431
2023-12-26,풍력,21,427
2023-12-26,풍력,22,383
2023-12-26,풍력,23,377
2023-12-26,풍력,24,335
2023-12-26,LNG,1,14386
2023-12-26,LNG,2,12586
2023-12-26,LNG,3,12385
2023-12-26,LNG,4,12725
2023-12-26,LNG,5,13617
2023-12-26,LNG,6,15200
2023-12-26,LNG,7,19896
2023-12-26,LNG,8,24614
2023-12-26,LNG,9,29606
2023-12-26,LNG,10,29902
2023-12-26,LNG,11,27131
2023-12-26,LNG,12,25322
2023-12-26,LNG,13,23720
2023-12-26,LNG,14,24228
2023-12-26,LNG,15,24121
2023-12-26,LNG,16,25080
2023-12-26,LNG,17,26357
2023-12-26,LNG,18,25307
2023-12-26,LNG,19,23109
2023-12-26,LNG,20,21543
2023-12-26,LNG,21,19459
2023-12-26,LNG,22,17771
2023-12-26,LNG,23,17281
2023-12-26,LNG,24,16818
2023-12-26,연료전지,1,821
2023-12-26,연료전지,2,820
2023-12-26,연료전지,3,820
2023-12-26,연료전지,4,820
2023-12-26,연료전지,5,818
2023-12-26,연료전지,6,819
2023-12-26,연료전지,7,819
2023-12-26,연료전지,8,817
2023-12-26,연료전지,9,815
2023-12-26,연료전지,10,815
2023-12-26,연료전지,11,815
2023-12-26,연료전지,12,817
2023-12-26,연료전지,13,816
2023-12-26,연료전지,14,817
2023-12-26,연료전지,15,817
2023-12-26,연료전지,16,818
2023-12-26,연료전지,17,819
2023-12-26,연료전지,18,820
2023-12-26,연료전지,19,819
2023-12-26,연료전지,20,819
2023-12-26,연료전지,21,819
2023-12-26,연료전지,22,820
2023-12-26,연료전지,23,822
2023-12-26,연료전지,24,824
2023-12-26,경유,1,0
2023-12-26,경유,2,0
2023-12-26,경유,3,0
2023-12-26,경유,4,0
2023-12-26,경유,5,0
2023-12-26,경유,6,0
2023-12-26,경유,7,0
2023-12-26,경유,8,0
2023-12-26,경유,9,0
2023-12-26,경유,10,0
2023-12-26,경유,11,0
2023-12-26,경유,12,0
2023-12-26,경유,13,0
2023-12-26,경유,14,0
2023-12-26,경유,15,0
2023-12-26,경유,16,0
2023-12-26,경유,17,0
2023-12-26,경유,18,0
2023-12-26,경유,19,0
2023-12-26,경유,20,0
2023-12-26,경유,21,0
2023-12-26,경유,22,0
2023-12-26,경유,23,0
2023-12-26,경유,24,0
2023-12-26,해양에너지,1,0
2023-12-26,해양에너지,2,8
2023-12-26,해양에너지,3,127
2023-12-26,해양에너지,4,145
2023-12-26,해양에너지,5,128
2023-12-26,해양에너지,6,74
2023-12-26,해양에너지,7,5
2023-12-26,해양에너지,8,0
2023-12-26,해양에너지,9,0
2023-12-26,해양에너지,10,0
2023-12-26,해양에너지,11,0
2023-12-26,해양에너지,12,0
2023-12-26,해양에너지,13,0
2023-12-26,해양에너지,14,45
2023-12-26,해양에너지,15,179
2023-12-26,해양에너지,16,218
2023-12-26,해양에너지,17,218
2023-12-26,해양에너지,18,179
2023-12-26,해양에너지,19,107
2023-12-26,해양에너지,20,26
2023-12-26,해양에너지,21,0
2023-12-26,해양에너지,22,0
2023-12-26,해양에너지,23,0
2023-12-26,해양에너지,24,0
2023-12-26,바이오매스,1,1061
2023-12-26,바이오매스,2,1063
2023-12-26,바이오매스,3,1066
2023-12-26,바이오매스,4,1060
2023-12-26,바이오매스,5,1060
2023-12-26,바이오매스,6,1060
2023-12-26,바이오매스,7,1059
2023-12-26,바이오매스,8,1062
2023-12-26,바이오매스,9,1062
2023-12-26,바이오매스,10,1061
2023-12-26,바이오매스,11,1041
2023-12-26,바이오매스,12,1058
2023-12-26,바이오매스,13,1057
2023-12-26,바이오매스,14,1059
2023-12-26,바이오매스,15,1058
2023-12-26,바이오매스,16,1060
2023-12-26,바이오매스,17,1060
2023-12-26,바이오매스,18,1061
2023-12-26,바이오매스,19,1058
2023-12-26,바이오매스,20,1061
2023-12-26,바이오매스,21,1066
2023-12-26,바이오매스,22,1064
2023-12-26,바이오매스,23,1061
2023-12-26,바이오매스,24,1062
2023-12-26,IGCC,1,257
2023-12-26,IGCC,2,255
2023-12-26,IGCC,3,253
2023-12-26,IGCC,4,253
2023-12-26,IGCC,5,253
2023-12-26,IGCC,6,253
2023-12-26,IGCC,7,253
2023-12-26,IGCC,8,254
2023-12-26,IGCC,9,255
2023-12-26,IGCC,10,257
2023-12-26,IGCC,11,264
2023-12-26,IGCC,12,262
2023-12-26,IGCC,13,262
2023-12-26,IGCC,14,262
2023-12-26,IGCC,15,265
2023-12-26,IGCC,16,267
2023-12-26,IGCC,17,264
2023-12-26,IGCC,18,264
2023-12-26,IGCC,19,263
2023-12-26,IGCC,20,264
2023-12-26,IGCC,21,263
2023-12-26,IGCC,22,263
2023-12-26,IGCC,23,263
2023-12-26,IGCC,24,264
2023-12-26,바이오중유,1,206
2023-12-26,바이오중유,2,205
2023-12-26,바이오중유,3,205
2023-12-26,바이오중유,4,205
2023-12-26,바이오중유,5,205
2023-12-26,바이오중유,6,205
2023-12-26,바이오중유,7,205
2023-12-26,바이오중유,8,206
2023-12-26,바이오중유,9,206
2023-12-26,바이오중유,10,206
2023-12-26,바이오중유,11,206
2023-12-26,바이오중유,12,205
2023-12-26,바이오중유,13,205
2023-12-26,바이오중유,14,205
2023-12-26,바이오중유,15,206
2023-12-26,바이오중유,16,205
2023-12-26,바이오중유,17,205
2023-12-26,바이오중유,18,205
2023-12-26,바이오중유,19,205
2023-12-26,바이오중유,20,205
2023-12-26,바이오중유,21,205
2023-12-26,바이오중유,22,205
2023-12-26,바이오중유,23,205
2023-12-26,바이오중유,24,205
2023-12-26,바이오기타,1,0
2023-12-26,바이오기타,2,0
2023-12-26,바이오기타,3,0
2023-12-26,바이오기타,4,0
2023-12-26,바이오기타,5,0
2023-12-26,바이오기타,6,0
2023-12-26,바이오기타,7,0
2023-12-26,바이오기타,8,0
2023-12-26,바이오기타,9,0
2023-12-26,바이오기타,10,0
2023-12-26,바이오기타,11,0
2023-12-26,바이오기타,12,0
2023-12-26,바이오기타,13,0
2023-12-26,바이오기타,14,0
2023-12-26,바이오기타,15,0
2023-12-26,바이오기타,16,0
2023-12-26,바이오기타,17,0
2023-12-26,바이오기타,18,0
2023-12-26,바이오기타,19,0
2023-12-26,바이오기타,20,0
2023-12-26,바이오기타,21,0
2023-12-26,바이오기타,22,0
2023-12-26,바이오기타,23,0
2023-12-26,바이오기타,24,0
2023-12-26,기타,1,40
2023-12-26,기타,2,39
2023-12-26,기타,3,40
2023-12-26,기타,4,40
2023-12-26,기타,5,41
2023-12-26,기타,6,42
2023-12-26,기타,7,44
2023-12-26,기타,8,50
2023-12-26,기타,9,40
2023-12-26,기타,10,39
2023-12-26,기타,11,38
2023-12-26,기타,12,34
2023-12-26,기타,13,33
2023-12-26,기타,14,34
2023-12-26,기타,15,36
2023-12-26,기타,16,41
2023-12-26,기타,17,43
2023-12-26,기타,18,50
2023-12-26,기타,19,56
2023-12-26,기타,20,56
2023-12-26,기타,21,57
2023-12-26,기타,22,56
2023-12-26,기타,23,55
2023-12-26,기타,24,53
2023-12-27,원자력,1,20991
2023-12-27,원자력,2,20991
2023-12-27,원자력,3,20991
2023-12-27,원자력,4,20990
2023-12-27,원자력,5,20990
2023-12-27,원자력,6,20984
2023-12-27,원자력,7,20946
2023-12-27,원자력,8,20901
2023-12-27,원자력,9,20859
2023-12-27,원자력,10,20839
2023-12-27,원자력,11,20855
2023-12-27,원자력,12,20897
2023-12-27,원자력,13,20924
2023-12-27,원자력,14,20966
2023-12-27,원자력,15,20987
2023-12-27,원자력,16,20978
2023-12-27,원자력,17,20907
2023-12-27,원자력,18,20848
2023-12-27,원자력,19,20846
2023-12-27,원자력,20,20845
2023-12-27,원자력,21,20846
2023-12-27,원자력,22,20844
2023-12-27,원자력,23,20841
2023-12-27,원자력,24,20847
2023-12-27,유연탄,1,26020
2023-12-27,유연탄,2,25696
2023-12-27,유연탄,3,25632
2023-12-27,유연탄,4,25611
2023-12-27,유연탄,5,25761
2023-12-27,유연탄,6,25592
2023-12-27,유연탄,7,25555
2023-12-27,유연탄,8,26341
2023-12-27,유연탄,9,26486
2023-12-27,유연탄,10,26137
2023-12-27,유연탄,11,24994
2023-12-27,유연탄,12,23858
2023-12-27,유연탄,13,22889
2023-12-27,유연탄,14,23373
2023-12-27,유연탄,15,24237
2023-12-27,유연탄,16,25576
2023-12-27,유연탄,17,26584
2023-12-27,유연탄,18,26772
2023-12-27,유연탄,19,26388
2023-12-27,유연탄,20,26473
2023-12-27,유연탄,21,26120
2023-12-27,유연탄,22,25910
2023-12-27,유연탄,23,25984
2023-12-27,유연탄,24,26618
2023-12-27,무연탄,1,167
2023-12-27,무연탄,2,167
2023-12-27,무연탄,3,167
2023-12-27,무연탄,4,168
2023-12-27,무연탄,5,167
2023-12-27,무연탄,6,166
2023-12-27,무연탄,7,166
2023-12-27,무연탄,8,167
2023-12-27,무연탄,9,166
2023-12-27,무연탄,10,167
2023-12-27,무연탄,11,166
2023-12-27,무연탄,12,167
2023-12-27,무연탄,13,167
2023-12-27,무연탄,14,167
2023-12-27,무연탄,15,167
2023-12-27,무연탄,16,167
2023-12-27,무연탄,17,167
2023-12-27,무연탄,18,167
2023-12-27,무연탄,19,166
2023-12-27,무연탄,20,166
2023-12-27,무연탄,21,166
2023-12-27,무연탄,22,166
2023-12-27,무연탄,23,166
2023-12-27,무연탄,24,167
2023-12-27,바이오가스,1,35
2023-12-27,바이오가스,2,35
2023-12-27,바이오가스,3,35
2023-12-27,바이오가스,4,33
2023-12-27,바이오가스,5,34
2023-12-27,바이오가스,6,36
2023-12-27,바이오가스,7,35
2023-12-27,바이오가스,8,35
2023-12-27,바이오가스,9,32
2023-12-27,바이오가스,10,34
2023-12-27,바이오가스,11,31
2023-12-27,바이오가스,12,33
2023-12-27,바이오가스,13,36
2023-12-27,바이오가스,14,36
2023-12-27,바이오가스,15,35
2023-12-27,바이오가스,16,35
2023-12-27,바이오가스,17,36
2023-12-27,바이오가스,18,36
2023-12-27,바이오가스,19,37
2023-12-27,바이오가스,20,36
2023-12-27,바이오가스,21,35
2023-12-27,바이오가스,22,34
2023-12-27,바이오가스,23,33
2023-12-27,바이오가스,24,35
2023-12-27,부생가스,1,78
2023-12-27,부생가스,2,78
2023-12-27,부생가스,3,80
2023-12-27,부생가스,4,80
2023-12-27,부생가스,5,79
2023-12-27,부생가스,6,80
2023-12-27,부생가스,7,80
2023-12-27,부생가스,8,81
2023-12-27,부생가스,9,296
2023-12-27,부생가스,10,336
2023-12-27,부생가스,11,301
2023-12-27,부생가스,12,284
2023-12-27,부생가스,13,317
2023-12-27,부생가스,14,336
2023-12-27,부생가스,15,294
2023-12-27,부생가스,16,288
2023-12-27,부생가스,17,287
2023-12-27,부생가스,18,250
2023-12-27,부생가스,19,288
2023-12-27,부생가스,20,284
2023-12-27,부생가스,21,235
2023-12-27,부생가스,22,244
2023-12-27,부생가스,23,99
2023-12-27,부생가스,24,71
2023-12-27,수력,1,142
2023-12-27,수력,2,140
2023-12-27,수력,3,136
2023-12-27,수력,4,135
2023-12-27,수력,5,134
2023-12-27,수력,6,135
2023-12-27,수력,7,157
2023-12-27,수력,8,184
2023-12-27,수력,9,619
2023-12-27,수력,10,610
2023-12-27,수력,11,642
2023-12-27,수력,12,577
2023-12-27,수력,13,241
2023-12-27,수력,14,420
2023-12-27,수력,15,430
2023-12-27,수력,16,549
2023-12-27,수력,17,525
2023-12-27,수력,18,573
2023-12-27,수력,19,539
2023-12-27,수력,20,463
2023-12-27,수력,21,434
2023-12-27,수력,22,349
2023-12-27,수력,23,328
2023-12-27,수력,24,175
2023-12-27,양수,1,77
2023-12-27,양수,2,0
2023-12-27,양수,3,0
2023-12-27,양수,4,0
2023-12-27,양수,5,0
2023-12-27,양수,6,0
2023-12-27,양수,7,0
2023-12-27,양수,8,0
2023-12-27,양수,9,0
2023-12-27,양수,10,452
2023-12-27,양수,11,489
2023-12-27,양수,12,147
2023-12-27,양수,13,0
2023-12-27,양수,14,0
2023-12-27,양수,15,0
2023-12-27,양수,16,80
2023-12-27,양수,17,789
2023-12-27,양수,18,1558
2023-12-27,양수,19,1684
2023-12-27,양수,20,1721
2023-12-27,양수,21,1704
2023-12-27,양수,22,1514
2023-12-27,양수,23,1509
2023-12-27,양수,24,447
2023-12-27,매립가스,1,25
2023-12-27,매립가스,2,26
2023-12-27,매립가스,3,27
2023-12-27,매립가스,4,27
2023-12-27,매립가스,5,27
2023-12-27,매립가스,6,27
2023-12-27,매립가스,7,27
2023-12-27,매립가스,8,27
2023-12-27,매립가스,9,27
2023-12-27,매립가스,10,27
2023-12-27,매립가스,11,27
2023-12-27,매립가스,12,27
2023-12-27,매립가스,13,27
2023-12-27,매립가스,14,28
2023-12-27,매립가스,15,28
2023-12-27,매립가스,16,28
2023-12-27,매립가스,17,28
2023-12-27,매립가스,18,28
2023-12-27,매립가스,19,28
2023-12-27,매립가스,20,28
2023-12-27,매립가스,21,28
2023-12-27,매립가스,22,28
2023-12-27,매립가스,23,28
2023-12-27,매립가스,24,28
2023-12-27,중유,1,33
2023-12-27,중유,2,34
2023-12-27,중유,3,34
2023-12-27,중유,4,34
2023-12-27,중유,5,32
2023-12-27,중유,6,32
2023-12-27,중유,7,33
2023-12-27,중유,8,32
2023-12-27,중유,9,33
2023-12-27,중유,10,34
2023-12-27,중유,11,34
2023-12-27,중유,12,33
2023-12-27,중유,13,32
2023-12-27,중유,14,31
2023-12-27,중유,15,30
2023-12-27,중유,16,29
2023-12-27,중유,17,34
2023-12-27,중유,18,50
2023-12-27,중유,19,54
2023-12-27,중유,20,55
2023-12-27,중유,21,55
2023-12-27,중유,22,56
2023-12-27,중유,23,57
2023-12-27,중유,24,58
2023-12-27,태양광,1,1
2023-12-27,태양광,2,0
2023-12-27,태양광,3,0
2023-12-27,태양광,4,0
2023-12-27,태양광,5,0
2023-12-27,태양광,6,0
2023-12-27,태양광,7,0
2023-12-27,태양광,8,6
2023-12-27,태양광,9,395
2023-12-27,태양광,10,1477
2023-12-27,태양광,11,2641
2023-12-27,태양광,12,3337
2023-12-27,태양광,13,3633
2023-12-27,태양광,14,3595
2023-12-27,태양광,15,3100
2023-12-27,태양광,16,2003
2023-12-27,태양광,17,1228
2023-12-27,태양광,18,847
2023-12-27,태양광,19,899
2023-12-27,태양광,20,734
2023-12-27,태양광,21,322
2023-12-27,태양광,22,135
2023-12-27,태양광,23,52
2023-12-27,태양광,24,12
2023-12-27,폐기물,1,121
2023-12-27,폐기물,2,122
2023-12-27,폐기물,3,119
2023-12-27,폐기물,4,119
2023-12-27,폐기물,5,119
2023-12-27,폐기물,6,118
2023-12-27,폐기물,7,115
2023-12-27,폐기물,8,111
2023-12-27,폐기물,9,110
2023-12-27,폐기물,10,109
2023-12-27,폐기물,11,107
2023-12-27,폐기물,12,107
2023-12-27,폐기물,13,108
2023-12-27,폐기물,14,110
2023-12-27,폐기물,15,109
2023-12-27,폐기물,16,108
2023-12-27,폐기물,17,114
2023-12-27,폐기물,18,112
2023-12-27,폐기물,19,113
2023-12-27,폐기물,20,113
2023-12-27,폐기물,21,108
2023-12-27,폐기물,22,114
2023-12-27,폐기물,23,116
2023-12-27,폐기물,24,120
2023-12-27,풍력,1,286
2023-12-27,풍력,2,201
2023-12-27,풍력,3,172
2023-12-27,풍력,4,130
2023-12-27,풍력,5,79
2023-12-27,풍력,6,70
2023-12-27,풍력,7,42
2023-12-27,풍력,8,29
2023-12-27,풍력,9,29
2023-12-27,풍력,10,61
2023-12-27,풍력,11,51
2023-12-27,풍력,12,30
2023-12-27,풍력,13,3
2023-12-27,풍력,14,5
2023-12-27,풍력,15,6
2023-12-27,풍력,16,10
2023-12-27,풍력,17,18
2023-12-27,풍력,18,23
2023-12-27,풍력,19,25
2023-12-27,풍력,20,30
2023-12-27,풍력,21,37
2023-12-27,풍력,22,61
2023-12-27,풍력,23,109
2023-12-27,풍력,24,173
2023-12-27,LNG,1,13970
2023-12-27,LNG,2,12024
2023-12-27,LNG,3,11434
2023-12-27,LNG,4,11492
2023-12-27,LNG,5,11975
2023-12-27,LNG,6,13271
2023-12-27,LNG,7,15876
2023-12-27,LNG,8,21040
2023-12-27,LNG,9,27570
2023-12-27,LNG,10,27181
2023-12-27,LNG,11,24215
2023-12-27,LNG,12,21895
2023-12-27,LNG,13,20116
2023-12-27,LNG,14,20341
2023-12-27,LNG,15,20601
2023-12-27,LNG,16,21636
2023-12-27,LNG,17,22832
2023-12-27,LNG,18,22677
2023-12-27,LNG,19,21128
2023-12-27,LNG,20,19954
2023-12-27,LNG,21,18574
2023-12-27,LNG,22,17037
2023-12-27,LNG,23,16409
2023-12-27,LNG,24,16177
2023-12-27,연료전지,1,826
2023-12-27,연료전지,2,826
2023-12-27,연료전지,3,826
2023-12-27,연료전지,4,826
2023-12-27,연료전지,5,827
2023-12-27,연료전지,6,827
2023-12-27,연료전지,7,827
2023-12-27,연료전지,8,826
2023-12-27,연료전지,9,822
2023-12-27,연료전지,10,821
2023-12-27,연료전지,11,820
2023-12-27,연료전지,12,820
2023-12-27,연료전지,13,819
2023-12-27,연료전지,14,817
2023-12-27,연료전지,15,818
2023-12-27,연료전지,16,818
2023-12-27,연료전지,17,819
2023-12-27,연료전지,18,820
2023-12-27,연료전지,19,821
2023-12-27,연료전지,20,823
2023-12-27,연료전지,21,823
2023-12-27,연료전지,22,823
2023-12-27,연료전지,23,824
2023-12-27,연료전지,24,825
2023-12-27,경유,1,0
2023-12-27,경유,2,0
2023-12-27,경유,3,0
2023-12-27,경유,4,0
2023-12-27,경유,5,0
2023-12-27,경유,6,0
2023-12-27,경유,7,0
2023-12-27,경유,8,0
2023-12-27,경유,9,0
2023-12-27,경유,10,0
2023-12-27,경유,11,0
2023-12-27,경유,12,0
2023-12-27,경유,13,0
2023-12-27,경유,14,0
2023-12-27,경유,15,0
2023-12-27,경유,16,0
2023-12-27,경유,17,0
2023-12-27,경유,18,0
2023-12-27,경유,19,0
2023-12-27,경유,20,0
2023-12-27,경유,21,0
2023-12-27,경유,22,0
2023-12-27,경유,23,0
2023-12-27,경유,24,0
2023-12-27,해양에너지,1,0
2023-12-27,해양에너지,2,0
2023-12-27,해양에너지,3,56
2023-12-27,해양에너지,4,138
2023-12-27,해양에너지,5,149
2023-12-27,해양에너지,6,121
2023-12-27,해양에너지,7,56
2023-12-27,해양에너지,8,2
2023-12-27,해양에너지,9,0
2023-12-27,해양에너지,10,0
2023-12-27,해양에너지,11,0
2023-12-27,해양에너지,12,0
2023-12-27,해양에너지,13,0
2023-12-27,해양에너지,14,0
2023-12-27,해양에너지,15,125
2023-12-27,해양에너지,16,206
2023-12-27,해양에너지,17,234
2023-12-27,해양에너지,18,224
2023-12-27,해양에너지,19,169
2023-12-27,해양에너지,20,89
2023-12-27,해양에너지,21,13
2023-12-27,해양에너지,22,0
2023-12-27,해양에너지,23,0
2023-12-27,해양에너지,24,0
2023-12-27,바이오매스,1,1064
2023-12-27,바이오매스,2,1063
2023-12-27,바이오매스,3,1065
2023-12-27,바이오매스,4,1062
2023-12-27,바이오매스,5,1058
2023-12-27,바이오매스,6,1059
2023-12-27,바이오매스,7,1057
2023-12-27,바이오매스,8,1058
2023-12-27,바이오매스,9,1060
2023-12-27,바이오매스,10,1050
2023-12-27,바이오매스,11,1042
2023-12-27,바이오매스,12,1038
2023-12-27,바이오매스,13,1037
2023-12-27,바이오매스,14,1033
2023-12-27,바이오매스,15,1034
2023-12-27,바이오매스,16,1041
2023-12-27,바이오매스,17,1036
2023-12-27,바이오매스,18,1035
2023-12-27,바이오매스,19,1031
2023-12-27,바이오매스,20,1028
2023-12-27,바이오매스,21,1031
2023-12-27,바이오매스,22,1031
2023-12-27,바이오매스,23,1028
2023-12-27,바이오매스,24,1027
2023-12-27,IGCC,1,263
2023-12-27,IGCC,2,264
2023-12-27,IGCC,3,264
2023-12-27,IGCC,4,264
2023-12-27,IGCC,5,264
2023-12-27,IGCC,6,263
2023-12-27,IGCC,7,263
2023-12-27,IGCC,8,263
2023-12-27,IGCC,9,264
2023-12-27,IGCC,10,263
2023-12-27,IGCC,11,267
2023-12-27,IGCC,12,270
2023-12-27,IGCC,13,265
2023-12-27,IGCC,14,264
2023-12-27,IGCC,15,266
2023-12-27,IGCC,16,266
2023-12-27,IGCC,17,266
2023-12-27,IGCC,18,266
2023-12-27,IGCC,19,263
2023-12-27,IGCC,20,266
2023-12-27,IGCC,21,266
2023-12-27,IGCC,22,267
2023-12-27,IGCC,23,265
2023-12-27,IGCC,24,267
2023-12-27,바이오중유,1,205
2023-12-27,바이오중유,2,205
2023-12-27,바이오중유,3,205
2023-12-27,바이오중유,4,205
2023-12-27,바이오중유,5,205
2023-12-27,바이오중유,6,205
2023-12-27,바이오중유,7,205
2023-12-27,바이오중유,8,205
2023-12-27,바이오중유,9,214
2023-12-27,바이오중유,10,205
2023-12-27,바이오중유,11,183
2023-12-27,바이오중유,12,136
2023-12-27,바이오중유,13,144
2023-12-27,바이오중유,14,195
2023-12-27,바이오중유,15,203
2023-12-27,바이오중유,16,222
2023-12-27,바이오중유,17,275
2023-12-27,바이오중유,18,240
2023-12-27,바이오중유,19,226
2023-12-27,바이오중유,20,206
2023-12-27,바이오중유,21,205
2023-12-27,바이오중유,22,205
2023-12-27,바이오중유,23,197
2023-12-27,바이오중유,24,179
2023-12-27,바이오기타,1,0
2023-12-27,바이오기타,2,0
2023-12-27,바이오기타,3,0
2023-12-27,바이오기타,4,0
2023-12-27,바이오기타,5,0
2023-12-27,바이오기타,6,0
2023-12-27,바이오기타,7,0
2023-12-27,바이오기타,8,0
2023-12-27,바이오기타,9,0
2023-12-27,바이오기타,10,0
2023-12-27,바이오기타,11,0
2023-12-27,바이오기타,12,0
2023-12-27,바이오기타,13,0
2023-12-27,바이오기타,14,0
2023-12-27,바이오기타,15,0
2023-12-27,바이오기타,16,0
2023-12-27,바이오기타,17,0
2023-12-27,바이오기타,18,0
2023-12-27,바이오기타,19,0
2023-12-27,바이오기타,20,0
2023-12-27,바이오기타,21,0
2023-12-27,바이오기타,22,1
2023-12-27,바이오기타,23,1
2023-12-27,바이오기타,24,0
2023-12-27,기타,1,45
2023-12-27,기타,2,43
2023-12-27,기타,3,43
2023-12-27,기타,4,44
2023-12-27,기타,5,43
2023-12-27,기타,6,45
2023-12-27,기타,7,46
2023-12-27,기타,8,48
2023-12-27,기타,9,46
2023-12-27,기타,10,42
2023-12-27,기타,11,34
2023-12-27,기타,12,31
2023-12-27,기타,13,32
2023-12-27,기타,14,31
2023-12-27,기타,15,31
2023-12-27,기타,16,32
2023-12-27,기타,17,38
2023-12-27,기타,18,42
2023-12-27,기타,19,42
2023-12-27,기타,20,47
2023-12-27,기타,21,52
2023-12-27,기타,22,52
2023-12-27,기타,23,52
2023-12-27,기타,24,50
2023-12-28,원자력,1,20846
2023-12-28,원자력,2,20845
2023-12-28,원자력,3,20845
2023-12-28,원자력,4,20845
2023-12-28,원자력,5,20843
2023-12-28,원자력,6,20841
2023-12-28,원자력,7,20841
2023-12-28,원자력,8,20840
2023-12-28,원자력,9,20840
2023-12-28,원자력,10,20840
2023-12-28,원자력,11,20848
2023-12-28,원자력,12,20848
2023-12-28,원자력,13,20810
2023-12-28,원자력,14,20800
2023-12-28,원자력,15,20819
2023-12-28,원자력,16,20827
2023-12-28,원자력,17,20833
2023-12-28,원자력,18,20833
2023-12-28,원자력,19,20833
2023-12-28,원자력,20,20832
2023-12-28,원자력,21,20831
2023-12-28,원자력,22,20838
2023-12-28,원자력,23,20901
2023-12-28,원자력,24,20911
2023-12-28,유연탄,1,25871
2023-12-28,유연탄,2,24957
2023-12-28,유연탄,3,24134
2023-12-28,유연탄,4,24821
2023-12-28,유연탄,5,24600
2023-12-28,유연탄,6,24267
2023-12-28,유연탄,7,24442
2023-12-28,유연탄,8,24956
2023-12-28,유연탄,9,25196
2023-12-28,유연탄,10,24950
2023-12-28,유연탄,11,23912
2023-12-28,유연탄,12,23395
2023-12-28,유연탄,13,22732
2023-12-28,유연탄,14,23439
2023-12-28,유연탄,15,23840
2023-12-28,유연탄,16,24376
2023-12-28,유연탄,17,24446
2023-12-28,유연탄,18,24237
2023-12-28,유연탄,19,24149
2023-12-28,유연탄,20,24474
2023-12-28,유연탄,21,24105
2023-12-28,유연탄,22,24022
2023-12-28,유연탄,23,24054
2023-12-28,유연탄,24,24237
2023-12-28,무연탄,1,167
2023-12-28,무연탄,2,167
2023-12-28,무연탄,3,168
2023-12-28,무연탄,4,167
2023-12-28,무연탄,5,167
2023-12-28,무연탄,6,167
2023-12-28,무연탄,7,166
2023-12-28,무연탄,8,166
2023-12-28,무연탄,9,168
2023-12-28,무연탄,10,167
2023-12-28,무연탄,11,167
2023-12-28,무연탄,12,167
2023-12-28,무연탄,13,167
2023-12-28,무연탄,14,167
2023-12-28,무연탄,15,166
2023-12-28,무연탄,16,167
2023-12-28,무연탄,17,162
2023-12-28,무연탄,18,159
2023-12-28,무연탄,19,158
2023-12-28,무연탄,20,159
2023-12-28,무연탄,21,162
2023-12-28,무연탄,22,167
2023-12-28,무연탄,23,161
2023-12-28,무연탄,24,161
2023-12-28,바이오가스,1,34
2023-12-28,바이오가스,2,34
2023-12-28,바이오가스,3,34
2023-12-28,바이오가스,4,34
2023-12-28,바이오가스,5,35
2023-12-28,바이오가스,6,34
2023-12-28,바이오가스,7,35
2023-12-28,바이오가스,8,34
2023-12-28,바이오가스,9,35
2023-12-28,바이오가스,10,35
2023-12-28,바이오가스,11,34
2023-12-28,바이오가스,12,36
2023-12-28,바이오가스,13,35
2023-12-28,바이오가스,14,34
2023-12-28,바이오가스,15,33
2023-12-28,바이오가스,16,33
2023-12-28,바이오가스,17,33
2023-12-28,바이오가스,18,32
2023-12-28,바이오가스,19,32
2023-12-28,바이오가스,20,32
2023-12-28,바이오가스,21,32
2023-12-28,바이오가스,22,32
2023-12-28,바이오가스,23,35
2023-12-28,바이오가스,24,34
2023-12-28,부생가스,1,78
2023-12-28,부생가스,2,79
2023-12-28,부생가스,3,79
2023-12-28,부생가스,4,79
2023-12-28,부생가스,5,79
2023-12-28,부생가스,6,79
2023-12-28,부생가스,7,81
2023-12-28,부생가스,8,101
2023-12-28,부생가스,9,294
2023-12-28,부생가스,10,335
2023-12-28,부생가스,11,305
2023-12-28,부생가스,12,355
2023-12-28,부생가스,13,307
2023-12-28,부생가스,14,308
2023-12-28,부생가스,15,254
2023-12-28,부생가스,16,285
2023-12-28,부생가스,17,278
2023-12-28,부생가스,18,245
2023-12-28,부생가스,19,276
2023-12-28,부생가스,20,257
2023-12-28,부생가스,21,224
2023-12-28,부생가스,22,221
2023-12-28,부생가스,23,95
2023-12-28,부생가스,24,76
2023-12-28,수력,1,168
2023-12-28,수력,2,166
2023-12-28,수력,3,163
2023-12-28,수력,4,161
2023-12-28,수력,5,160
2023-12-28,수력,6,159
2023-12-28,수력,7,164
2023-12-28,수력,8,187
2023-12-28,수력,9,671
2023-12-28,수력,10,941
2023-12-28,수력,11,620
2023-12-28,수력,12,427
2023-12-28,수력,13,315
2023-12-28,수력,14,306
2023-12-28,수력,15,307
2023-12-28,수력,16,518
2023-12-28,수력,17,520
2023-12-28,수력,18,525
2023-12-28,수력,19,539
2023-12-28,수력,20,508
2023-12-28,수력,21,382
2023-12-28,수력,22,297
2023-12-28,수력,23,170
2023-12-28,수력,24,164
2023-12-28,양수,1,0
2023-12-28,양수,2,0
2023-12-28,양수,3,0
2023-12-28,양수,4,0
2023-12-28,양수,5,0
2023-12-28,양수,6,0
2023-12-28,양수,7,0
2023-12-28,양수,8,101
2023-12-28,양수,9,953
2023-12-28,양수,10,1197
2023-12-28,양수,11,399
2023-12-28,양수,12,5
2023-12-28,양수,13,0
2023-12-28,양수,14,0
2023-12-28,양수,15,0
2023-12-28,양수,16,378
2023-12-28,양수,17,892
2023-12-28,양수,18,1173
2023-12-28,양수,19,1372
2023-12-28,양수,20,628
2023-12-28,양수,21,1209
2023-12-28,양수,22,1592
2023-12-28,양수,23,1869
2023-12-28,양수,24,1332
2023-12-28,매립가스,1,28
2023-12-28,매립가스,2,28
2023-12-28,매립가스,3,28
2023-12-28,매립가스,4,28
2023-12-28,매립가스,5,28
2023-12-28,매립가스,6,28
2023-12-28,매립가스,7,28
2023-12-28,매립가스,8,28
2023-12-28,매립가스,9,27
2023-12-28,매립가스,10,27
2023-12-28,매립가스,11,26
2023-12-28,매립가스,12,26
2023-12-28,매립가스,13,28
2023-12-28,매립가스,14,28
2023-12-28,매립가스,15,28
2023-12-28,매립가스,16,27
2023-12-28,매립가스,17,27
2023-12-28,매립가스,18,27
2023-12-28,매립가스,19,27
2023-12-28,매립가스,20,27
2023-12-28,매립가스,21,27
2023-12-28,매립가스,22,27
2023-12-28,매립가스,23,27
2023-12-28,매립가스,24,27
2023-12-28,중유,1,57
2023-12-28,중유,2,57
2023-12-28,중유,3,57
2023-12-28,중유,4,57
2023-12-28,중유,5,56
2023-12-28,중유,6,56
2023-12-28,중유,7,56
2023-12-28,중유,8,55
2023-12-28,중유,9,55
2023-12-28,중유,10,38
2023-12-28,중유,11,29
2023-12-28,중유,12,29
2023-12-28,중유,13,28
2023-12-28,중유,14,28
2023-12-28,중유,15,28
2023-12-28,중유,16,29
2023-12-28,중유,17,30
2023-12-28,중유,18,53
2023-12-28,중유,19,56
2023-12-28,중유,20,56
2023-12-28,중유,21,56
2023-12-28,중유,22,44
2023-12-28,중유,23,30
2023-12-28,중유,24,31
2023-12-28,태양광,1,2
2023-12-28,태양광,2,0
2023-12-28,태양광,3,0
2023-12-28,태양광,4,0
2023-12-28,태양광,5,0
2023-12-28,태양광,6,0
2023-12-28,태양광,7,0
2023-12-28,태양광,8,6
2023-12-28,태양광,9,363
2023-12-28,태양광,10,1215
2023-12-28,태양광,11,2075
2023-12-28,태양광,12,2706
2023-12-28,태양광,13,3006
2023-12-28,태양광,14,2872
2023-12-28,태양광,15,2305
2023-12-28,태양광,16,1686
2023-12-28,태양광,17,1219
2023-12-28,태양광,18,817
2023-12-28,태양광,19,733
2023-12-28,태양광,20,341
2023-12-28,태양광,21,191
2023-12-28,태양광,22,86
2023-12-28,태양광,23,30
2023-12-28,태양광,24,6
2023-12-28,폐기물,1,121
2023-12-28,폐기물,2,124
2023-12-28,폐기물,3,122
2023-12-28,폐기물,4,122
2023-12-28,폐기물,5,125
2023-12-28,폐기물,6,120
2023-12-28,폐기물,7,115
2023-12-28,폐기물,8,117
2023-12-28,폐기물,9,114
2023-12-28,폐기물,10,114
2023-12-28,폐기물,11,114
2023-12-28,폐기물,12,117
2023-12-28,폐기물,13,115
2023-12-28,폐기물,14,117
2023-12-28,폐기물,15,117
2023-12-28,폐기물,16,117
2023-12-28,폐기물,17,122
2023-12-28,폐기물,18,123
2023-12-28,폐기물,19,125
2023-12-28,폐기물,20,123
2023-12-28,폐기물,21,122
2023-12-28,폐기물,22,125
2023-12-28,폐기물,23,124
2023-12-28,폐기물,24,123
2023-12-28,풍력,1,206
2023-12-28,풍력,2,220
2023-12-28,풍력,3,237
2023-12-28,풍력,4,265
2023-12-28,풍력,5,293
2023-12-28,풍력,6,290
2023-12-28,풍력,7,289
2023-12-28,풍력,8,343
2023-12-28,풍력,9,364
2023-12-28,풍력,10,380
2023-12-28,풍력,11,371
2023-12-28,풍력,12,354
2023-12-28,풍력,13,343
2023-12-28,풍력,14,371
2023-12-28,풍력,15,409
2023-12-28,풍력,16,451
2023-12-28,풍력,17,485
2023-12-28,풍력,18,550
2023-12-28,풍력,19,624
2023-12-28,풍력,20,600
2023-12-28,풍력,21,557
2023-12-28,풍력,22,493
2023-12-28,풍력,23,473
2023-12-28,풍력,24,452
2023-12-28,LNG,1,13796
2023-12-28,LNG,2,12385
2023-12-28,LNG,3,12250
2023-12-28,LNG,4,12208
2023-12-28,LNG,5,12691
2023-12-28,LNG,6,14561
2023-12-28,LNG,7,16946
2023-12-28,LNG,8,21377
2023-12-28,LNG,9,26612
2023-12-28,LNG,10,26602
2023-12-28,LNG,11,25734
2023-12-28,LNG,12,22984
2023-12-28,LNG,13,20120
2023-12-28,LNG,14,20820
2023-12-28,LNG,15,21820
2023-12-28,LNG,16,22782
2023-12-28,LNG,17,23766
2023-12-28,LNG,18,24187
2023-12-28,LNG,19,22588
2023-12-28,LNG,20,22122
2023-12-28,LNG,21,19981
2023-12-28,LNG,22,17590
2023-12-28,LNG,23,17153
2023-12-28,LNG,24,17045
2023-12-28,연료전지,1,827
2023-12-28,연료전지,2,827
2023-12-28,연료전지,3,828
2023-12-28,연료전지,4,828
2023-12-28,연료전지,5,828
2023-12-28,연료전지,6,829
2023-12-28,연료전지,7,828
2023-12-28,연료전지,8,828
2023-12-28,연료전지,9,824
2023-12-28,연료전지,10,823
2023-12-28,연료전지,11,823
2023-12-28,연료전지,12,823
2023-12-28,연료전지,13,823
2023-12-28,연료전지,14,824
2023-12-28,연료전지,15,825
2023-12-28,연료전지,16,826
2023-12-28,연료전지,17,827
2023-12-28,연료전지,18,828
2023-12-28,연료전지,19,830
2023-12-28,연료전지,20,832
2023-12-28,연료전지,21,832
2023-12-28,연료전지,22,834
2023-12-28,연료전지,23,836
2023-12-28,연료전지,24,836
2023-12-28,경유,1,0
2023-12-28,경유,2,0
2023-12-28,경유,3,0
2023-12-28,경유,4,0
2023-12-28,경유,5,0
2023-12-28,경유,6,0
2023-12-28,경유,7,0
2023-12-28,경유,8,0
2023-12-28,경유,9,0
2023-12-28,경유,10,0
2023-12-28,경유,11,0
2023-12-28,경유,12,0
2023-12-28,경유,13,0
2023-12-28,경유,14,0
2023-12-28,경유,15,0
2023-12-28,경유,16,0
2023-12-28,경유,17,0
2023-12-28,경유,18,0
2023-12-28,경유,19,0
2023-12-28,경유,20,0
2023-12-28,경유,21,0
2023-12-28,경유,22,0
2023-12-28,경유,23,0
2023-12-28,경유,24,0
2023-12-28,해양에너지,1,0
2023-12-28,해양에너지,2,0
2023-12-28,해양에너지,3,1
2023-12-28,해양에너지,4,115
2023-12-28,해양에너지,5,150
2023-12-28,해양에너지,6,147
2023-12-28,해양에너지,7,105
2023-12-28,해양에너지,8,29
2023-12-28,해양에너지,9,0
2023-12-28,해양에너지,10,0
2023-12-28,해양에너지,11,0
2023-12-28,해양에너지,12,0
2023-12-28,해양에너지,13,0
2023-12-28,해양에너지,14,0
2023-12-28,해양에너지,15,31
2023-12-28,해양에너지,16,168
2023-12-28,해양에너지,17,222
2023-12-28,해양에너지,18,234
2023-12-28,해양에너지,19,208
2023-12-28,해양에너지,20,137
2023-12-28,해양에너지,21,56
2023-12-28,해양에너지,22,3
2023-12-28,해양에너지,23,0
2023-12-28,해양에너지,24,0
2023-12-28,바이오매스,1,1029
2023-12-28,바이오매스,2,1028
2023-12-28,바이오매스,3,1027
2023-12-28,바이오매스,4,1028
2023-12-28,바이오매스,5,1030
2023-12-28,바이오매스,6,1028
2023-12-28,바이오매스,7,1025
2023-12-28,바이오매스,8,1027
2023-12-28,바이오매스,9,1028
2023-12-28,바이오매스,10,1024
2023-12-28,바이오매스,11,1028
2023-12-28,바이오매스,12,1031
2023-12-28,바이오매스,13,1032
2023-12-28,바이오매스,14,1029
2023-12-28,바이오매스,15,1025
2023-12-28,바이오매스,16,1028
2023-12-28,바이오매스,17,1030
2023-12-28,바이오매스,18,1030
2023-12-28,바이오매스,19,1024
2023-12-28,바이오매스,20,1022
2023-12-28,바이오매스,21,1023
2023-12-28,바이오매스,22,1028
2023-12-28,바이오매스,23,1027
2023-12-28,바이오매스,24,1031
2023-12-28,IGCC,1,268
2023-12-28,IGCC,2,268
2023-12-28,IGCC,3,268
2023-12-28,IGCC,4,268
2023-12-28,IGCC,5,268
2023-12-28,IGCC,6,267
2023-12-28,IGCC,7,264
2023-12-28,IGCC,8,265
2023-12-28,IGCC,9,266
2023-12-28,IGCC,10,267
2023-12-28,IGCC,11,268
2023-12-28,IGCC,12,269
2023-12-28,IGCC,13,268
2023-12-28,IGCC,14,267
2023-12-28,IGCC,15,264
2023-12-28,IGCC,16,264
2023-12-28,IGCC,17,264
2023-12-28,IGCC,18,268
2023-12-28,IGCC,19,269
2023-12-28,IGCC,20,269
2023-12-28,IGCC,21,268
2023-12-28,IGCC,22,266
2023-12-28,IGCC,23,266
2023-12-28,IGCC,24,268
2023-12-28,바이오중유,1,159
2023-12-28,바이오중유,2,134
2023-12-28,바이오중유,3,134
2023-12-28,바이오중유,4,162
2023-12-28,바이오중유,5,163
2023-12-28,바이오중유,6,163
2023-12-28,바이오중유,7,163
2023-12-28,바이오중유,8,163
2023-12-28,바이오중유,9,163
2023-12-28,바이오중유,10,163
2023-12-28,바이오중유,11,163
2023-12-28,바이오중유,12,163
2023-12-28,바이오중유,13,145
2023-12-28,바이오중유,14,163
2023-12-28,바이오중유,15,163
2023-12-28,바이오중유,16,163
2023-12-28,바이오중유,17,163
2023-12-28,바이오중유,18,163
2023-12-28,바이오중유,19,163
2023-12-28,바이오중유,20,163
2023-12-28,바이오중유,21,163
2023-12-28,바이오중유,22,163
2023-12-28,바이오중유,23,163
2023-12-28,바이오중유,24,163
2023-12-28,바이오기타,1,1
2023-12-28,바이오기타,2,1
2023-12-28,바이오기타,3,2
2023-12-28,바이오기타,4,2
2023-12-28,바이오기타,5,2
2023-12-28,바이오기타,6,2
2023-12-28,바이오기타,7,2
2023-12-28,바이오기타,8,2
2023-12-28,바이오기타,9,2
2023-12-28,바이오기타,10,2
2023-12-28,바이오기타,11,1
2023-12-28,바이오기타,12,1
2023-12-28,바이오기타,13,1
2023-12-28,바이오기타,14,1
2023-12-28,바이오기타,15,1
2023-12-28,바이오기타,16,1
2023-12-28,바이오기타,17,1
2023-12-28,바이오기타,18,3
2023-12-28,바이오기타,19,3
2023-12-28,바이오기타,20,3
2023-12-28,바이오기타,21,3
2023-12-28,바이오기타,22,3
2023-12-28,바이오기타,23,3
2023-12-28,바이오기타,24,3
2023-12-28,기타,1,49
2023-12-28,기타,2,46
2023-12-28,기타,3,45
2023-12-28,기타,4,43
2023-12-28,기타,5,43
2023-12-28,기타,6,46
2023-12-28,기타,7,47
2023-12-28,기타,8,45
2023-12-28,기타,9,46
2023-12-28,기타,10,40
2023-12-28,기타,11,39
2023-12-28,기타,12,38
2023-12-28,기타,13,41
2023-12-28,기타,14,34
2023-12-28,기타,15,31
2023-12-28,기타,16,29
2023-12-28,기타,17,32
2023-12-28,기타,18,41
2023-12-28,기타,19,38
2023-12-28,기타,20,38
2023-12-28,기타,21,36
2023-12-28,기타,22,37
2023-12-28,기타,23,44
2023-12-28,기타,24,47
2023-12-29,원자력,1,20912
2023-12-29,원자력,2,20913
2023-12-29,원자력,3,20914
2023-12-29,원자력,4,20909
2023-12-29,원자력,5,20908
2023-12-29,원자력,6,20911
2023-12-29,원자력,7,20909
2023-12-29,원자력,8,20910
2023-12-29,원자력,9,20907
2023-12-29,원자력,10,20908
2023-12-29,원자력,11,20910
2023-12-29,원자력,12,20904
2023-12-29,원자력,13,20906
2023-12-29,원자력,14,20907
2023-12-29,원자력,15,20920
2023-12-29,원자력,16,20938
2023-12-29,원자력,17,20938
2023-12-29,원자력,18,20939
2023-12-29,원자력,19,20937
2023-12-29,원자력,20,20935
2023-12-29,원자력,21,20935
2023-12-29,원자력,22,20979
2023-12-29,원자력,23,21027
2023-12-29,원자력,24,21071
2023-12-29,유연탄,1,23902
2023-12-29,유연탄,2,22423
2023-12-29,유연탄,3,22565
2023-12-29,유연탄,4,22667
2023-12-29,유연탄,5,22181
2023-12-29,유연탄,6,21965
2023-12-29,유연탄,7,22165
2023-12-29,유연탄,8,22637
2023-12-29,유연탄,9,22970
2023-12-29,유연탄,10,22829
2023-12-29,유연탄,11,22409
2023-12-29,유연탄,12,21287
2023-12-29,유연탄,13,20975
2023-12-29,유연탄,14,21147
2023-12-29,유연탄,15,21436
2023-12-29,유연탄,16,22629
2023-12-29,유연탄,17,22599
2023-12-29,유연탄,18,22530
2023-12-29,유연탄,19,22275
2023-12-29,유연탄,20,22043
2023-12-29,유연탄,21,21684
2023-12-29,유연탄,22,21435
2023-12-29,유연탄,23,22064
2023-12-29,유연탄,24,22291
2023-12-29,무연탄,1,161
2023-12-29,무연탄,2,162
2023-12-29,무연탄,3,163
2023-12-29,무연탄,4,163
2023-12-29,무연탄,5,163
2023-12-29,무연탄,6,159
2023-12-29,무연탄,7,162
2023-12-29,무연탄,8,162
2023-12-29,무연탄,9,162
2023-12-29,무연탄,10,163
2023-12-29,무연탄,11,163
2023-12-29,무연탄,12,163
2023-12-29,무연탄,13,162
2023-12-29,무연탄,14,162
2023-12-29,무연탄,15,162
2023-12-29,무연탄,16,163
2023-12-29,무연탄,17,162
2023-12-29,무연탄,18,162
2023-12-29,무연탄,19,162
2023-12-29,무연탄,20,162
2023-12-29,무연탄,21,162
2023-12-29,무연탄,22,162
2023-12-29,무연탄,23,162
2023-12-29,무연탄,24,162
2023-12-29,바이오가스,1,35
2023-12-29,바이오가스,2,36
2023-12-29,바이오가스,3,36
2023-12-29,바이오가스,4,35
2023-12-29,바이오가스,5,33
2023-12-29,바이오가스,6,33
2023-12-29,바이오가스,7,32
2023-12-29,바이오가스,8,32
2023-12-29,바이오가스,9,31
2023-12-29,바이오가스,10,31
2023-12-29,바이오가스,11,31
2023-12-29,바이오가스,12,32
2023-12-29,바이오가스,13,33
2023-12-29,바이오가스,14,35
2023-12-29,바이오가스,15,35
2023-12-29,바이오가스,16,34
2023-12-29,바이오가스,17,34
2023-12-29,바이오가스,18,34
2023-12-29,바이오가스,19,33
2023-12-29,바이오가스,20,34
2023-12-29,바이오가스,21,36
2023-12-29,바이오가스,22,35
2023-12-29,바이오가스,23,34
2023-12-29,바이오가스,24,32
2023-12-29,부생가스,1,75
2023-12-29,부생가스,2,76
2023-12-29,부생가스,3,76
2023-12-29,부생가스,4,76
2023-12-29,부생가스,5,76
2023-12-29,부생가스,6,76
2023-12-29,부생가스,7,76
2023-12-29,부생가스,8,77
2023-12-29,부생가스,9,213
2023-12-29,부생가스,10,284
2023-12-29,부생가스,11,297
2023-12-29,부생가스,12,279
2023-12-29,부생가스,13,283
2023-12-29,부생가스,14,266
2023-12-29,부생가스,15,225
2023-12-29,부생가스,16,195
2023-12-29,부생가스,17,163
2023-12-29,부생가스,18,174
2023-12-29,부생가스,19,258
2023-12-29,부생가스,20,250
2023-12-29,부생가스,21,217
2023-12-29,부생가스,22,200
2023-12-29,부생가스,23,78
2023-12-29,부생가스,24,69
2023-12-29,수력,1,137
2023-12-29,수력,2,136
2023-12-29,수력,3,133
2023-12-29,수력,4,131
2023-12-29,수력,5,130
2023-12-29,수력,6,129
2023-12-29,수력,7,131
2023-12-29,수력,8,142
2023-12-29,수력,9,596
2023-12-29,수력,10,600
2023-12-29,수력,11,627
2023-12-29,수력,12,628
2023-12-29,수력,13,321
2023-12-29,수력,14,447
2023-12-29,수력,15,455
2023-12-29,수력,16,592
2023-12-29,수력,17,544
2023-12-29,수력,18,548
2023-12-29,수력,19,540
2023-12-29,수력,20,471
2023-12-29,수력,21,378
2023-12-29,수력,22,239
2023-12-29,수력,23,205
2023-12-29,수력,24,147
2023-12-29,양수,1,32
2023-12-29,양수,2,0
2023-12-29,양수,3,0
2023-12-29,양수,4,0
2023-12-29,양수,5,0
2023-12-29,양수,6,0
2023-12-29,양수,7,0
2023-12-29,양수,8,55
2023-12-29,양수,9,332
2023-12-29,양수,10,0
2023-12-29,양수,11,0
2023-12-29,양수,12,0
2023-12-29,양수,13,0
2023-12-29,양수,14,232
2023-12-29,양수,15,67
2023-12-29,양수,16,0
2023-12-29,양수,17,686
2023-12-29,양수,18,1876
2023-12-29,양수,19,2167
2023-12-29,양수,20,2247
2023-12-29,양수,21,2122
2023-12-29,양수,22,1813
2023-12-29,양수,23,1702
2023-12-29,양수,24,834
2023-12-29,매립가스,1,27
2023-12-29,매립가스,2,27
2023-12-29,매립가스,3,27
2023-12-29,매립가스,4,27
2023-12-29,매립가스,5,27
2023-12-29,매립가스,6,27
2023-12-29,매립가스,7,28
2023-12-29,매립가스,8,28
2023-12-29,매립가스,9,27
2023-12-29,매립가스,10,27
2023-12-29,매립가스,11,27
2023-12-29,매립가스,12,27
2023-12-29,매립가스,13,27
2023-12-29,매립가스,14,28
2023-12-29,매립가스,15,28
2023-12-29,매립가스,16,28
2023-12-29,매립가스,17,28
2023-12-29,매립가스,18,28
2023-12-29,매립가스,19,28
2023-12-29,매립가스,20,28
2023-12-29,매립가스,21,28
2023-12-29,매립가스,22,29
2023-12-29,매립가스,23,29
2023-12-29,매립가스,24,29
2023-12-29,중유,1,30
2023-12-29,중유,2,31
2023-12-29,중유,3,30
2023-12-29,중유,4,31
2023-12-29,중유,5,31
2023-12-29,중유,6,31
2023-12-29,중유,7,31
2023-12-29,중유,8,31
2023-12-29,중유,9,32
2023-12-29,중유,10,31
2023-12-29,중유,11,30
2023-12-29,중유,12,30
2023-12-29,중유,13,30
2023-12-29,중유,14,31
2023-12-29,중유,15,31
2023-12-29,중유,16,31
2023-12-29,중유,17,29
2023-12-29,중유,18,32
2023-12-29,중유,19,33
2023-12-29,중유,20,50
2023-12-29,중유,21,59
2023-12-29,중유,22,60
2023-12-29,중유,23,59
2023-12-29,중유,24,60
2023-12-29,태양광,1,1
2023-12-29,태양광,2,0
2023-12-29,태양광,3,0
2023-12-29,태양광,4,0
2023-12-29,태양광,5,0
2023-12-29,태양광,6,0
2023-12-29,태양광,7,0
2023-12-29,태양광,8,8
2023-12-29,태양광,9,398
2023-12-29,태양광,10,1289
2023-12-29,태양광,11,2188
2023-12-29,태양광,12,2902
2023-12-29,태양광,13,3156
2023-12-29,태양광,14,2976
2023-12-29,태양광,15,2518
2023-12-29,태양광,16,1618
2023-12-29,태양광,17,1196
2023-12-29,태양광,18,789
2023-12-29,태양광,19,807
2023-12-29,태양광,20,566
2023-12-29,태양광,21,239
2023-12-29,태양광,22,105
2023-12-29,태양광,23,36
2023-12-29,태양광,24,10
2023-12-29,폐기물,1,125
2023-12-29,폐기물,2,127
2023-12-29,폐기물,3,125
2023-12-29,폐기물,4,124
2023-12-29,폐기물,5,124
2023-12-29,폐기물,6,122
2023-12-29,폐기물,7,122
2023-12-29,폐기물,8,123
2023-12-29,폐기물,9,122
2023-12-29,폐기물,10,124
2023-12-29,폐기물,11,125
2023-12-29,폐기물,12,118
2023-12-29,폐기물,13,120
2023-12-29,폐기물,14,121
2023-12-29,폐기물,15,118
2023-12-29,폐기물,16,121
2023-12-29,폐기물,17,123
2023-12-29,폐기물,18,122
2023-12-29,폐기물,19,122
2023-12-29,폐기물,20,122
2023-12-29,폐기물,21,123
2023-12-29,폐기물,22,124
2023-12-29,폐기물,23,127
2023-12-29,폐기물,24,125
2023-12-29,풍력,1,405
2023-12-29,풍력,2,390
2023-12-29,풍력,3,390
2023-12-29,풍력,4,412
2023-12-29,풍력,5,482
2023-12-29,풍력,6,497
2023-12-29,풍력,7,406
2023-12-29,풍력,8,326
2023-12-29,풍력,9,286
2023-12-29,풍력,10,323
2023-12-29,풍력,11,338
2023-12-29,풍력,12,324
2023-12-29,풍력,13,308
2023-12-29,풍력,14,297
2023-12-29,풍력,15,338
2023-12-29,풍력,16,370
2023-12-29,풍력,17,423
2023-12-29,풍력,18,494
2023-12-29,풍력,19,507
2023-12-29,풍력,20,493
2023-12-29,풍력,21,435
2023-12-29,풍력,22,396
2023-12-29,풍력,23,415
2023-12-29,풍력,24,442
2023-12-29,LNG,1,15156
2023-12-29,LNG,2,14571
2023-12-29,LNG,3,14127
2023-12-29,LNG,4,14229
2023-12-29,LNG,5,14975
2023-12-29,LNG,6,16538
2023-12-29,LNG,7,19166
2023-12-29,LNG,8,21990
2023-12-29,LNG,9,26495
2023-12-29,LNG,10,26554
2023-12-29,LNG,11,23767
2023-12-29,LNG,12,21561
2023-12-29,LNG,13,19442
2023-12-29,LNG,14,19371
2023-12-29,LNG,15,19703
2023-12-29,LNG,16,20320
2023-12-29,LNG,17,20700
2023-12-29,LNG,18,20125
2023-12-29,LNG,19,19053
2023-12-29,LNG,20,18437
2023-12-29,LNG,21,18011
2023-12-29,LNG,22,17013
2023-12-29,LNG,23,16719
2023-12-29,LNG,24,17026
2023-12-29,연료전지,1,837
2023-12-29,연료전지,2,837
2023-12-29,연료전지,3,837
2023-12-29,연료전지,4,837
2023-12-29,연료전지,5,837
2023-12-29,연료전지,6,837
2023-12-29,연료전지,7,837
2023-12-29,연료전지,8,837
2023-12-29,연료전지,9,835
2023-12-29,연료전지,10,835
2023-12-29,연료전지,11,834
2023-12-29,연료전지,12,834
2023-12-29,연료전지,13,834
2023-12-29,연료전지,14,835
2023-12-29,연료전지,15,836
2023-12-29,연료전지,16,837
2023-12-29,연료전지,17,839
2023-12-29,연료전지,18,839
2023-12-29,연료전지,19,838
2023-12-29,연료전지,20,839
2023-12-29,연료전지,21,839
2023-12-29,연료전지,22,839
2023-12-29,연료전지,23,839
2023-12-29,연료전지,24,840
2023-12-29,경유,1,0
2023-12-29,경유,2,0
2023-12-29,경유,3,0
2023-12-29,경유,4,0
2023-12-29,경유,5,0
2023-12-29,경유,6,0
2023-12-29,경유,7,0
2023-12-29,경유,8,0
2023-12-29,경유,9,0
2023-12-29,경유,10,0
2023-12-29,경유,11,0
2023-12-29,경유,12,0
2023-12-29,경유,13,0
2023-12-29,경유,14,0
2023-12-29,경유,15,0
2023-12-29,경유,16,0
2023-12-29,경유,17,0
2023-12-29,경유,18,0
2023-12-29,경유,19,0
2023-12-29,경유,20,0
2023-12-29,경유,21,0
2023-12-29,경유,22,0
2023-12-29,경유,23,0
2023-12-29,경유,24,0
2023-12-29,해양에너지,1,0
2023-12-29,해양에너지,2,0
2023-12-29,해양에너지,3,0
2023-12-29,해양에너지,4,47
2023-12-29,해양에너지,5,134
2023-12-29,해양에너지,6,153
2023-12-29,해양에너지,7,136
2023-12-29,해양에너지,8,80
2023-12-29,해양에너지,9,11
2023-12-29,해양에너지,10,0
2023-12-29,해양에너지,11,0
2023-12-29,해양에너지,12,0
2023-12-29,해양에너지,13,0
2023-12-29,해양에너지,14,0
2023-12-29,해양에너지,15,0
2023-12-29,해양에너지,16,98
2023-12-29,해양에너지,17,192
2023-12-29,해양에너지,18,228
2023-12-29,해양에너지,19,225
2023-12-29,해양에너지,20,178
2023-12-29,해양에너지,21,99
2023-12-29,해양에너지,22,23
2023-12-29,해양에너지,23,0
2023-12-29,해양에너지,24,0
2023-12-29,바이오매스,1,1036
2023-12-29,바이오매스,2,1034
2023-12-29,바이오매스,3,1031
2023-12-29,바이오매스,4,1031
2023-12-29,바이오매스,5,1029
2023-12-29,바이오매스,6,1031
2023-12-29,바이오매스,7,1033
2023-12-29,바이오매스,8,1035
2023-12-29,바이오매스,9,1032
2023-12-29,바이오매스,10,1031
2023-12-29,바이오매스,11,1032
2023-12-29,바이오매스,12,1036
2023-12-29,바이오매스,13,1037
2023-12-29,바이오매스,14,1032
2023-12-29,바이오매스,15,1027
2023-12-29,바이오매스,16,1032
2023-12-29,바이오매스,17,1036
2023-12-29,바이오매스,18,1033
2023-12-29,바이오매스,19,1031
2023-12-29,바이오매스,20,1030
2023-12-29,바이오매스,21,1029
2023-12-29,바이오매스,22,1028
2023-12-29,바이오매스,23,1028
2023-12-29,바이오매스,24,1029
2023-12-29,IGCC,1,269
2023-12-29,IGCC,2,269
2023-12-29,IGCC,3,268
2023-12-29,IGCC,4,269
2023-12-29,IGCC,5,267
2023-12-29,IGCC,6,266
2023-12-29,IGCC,7,266
2023-12-29,IGCC,8,266
2023-12-29,IGCC,9,269
2023-12-29,IGCC,10,269
2023-12-29,IGCC,11,266
2023-12-29,IGCC,12,264
2023-12-29,IGCC,13,266
2023-12-29,IGCC,14,268
2023-12-29,IGCC,15,264
2023-12-29,IGCC,16,266
2023-12-29,IGCC,17,267
2023-12-29,IGCC,18,266
2023-12-29,IGCC,19,266
2023-12-29,IGCC,20,267
2023-12-29,IGCC,21,268
2023-12-29,IGCC,22,268
2023-12-29,IGCC,23,266
2023-12-29,IGCC,24,267
2023-12-29,바이오중유,1,163
2023-12-29,바이오중유,2,163
2023-12-29,바이오중유,3,163
2023-12-29,바이오중유,4,150
2023-12-29,바이오중유,5,152
2023-12-29,바이오중유,6,163
2023-12-29,바이오중유,7,163
2023-12-29,바이오중유,8,185
2023-12-29,바이오중유,9,215
2023-12-29,바이오중유,10,177
2023-12-29,바이오중유,11,163
2023-12-29,바이오중유,12,163
2023-12-29,바이오중유,13,163
2023-12-29,바이오중유,14,163
2023-12-29,바이오중유,15,163
2023-12-29,바이오중유,16,163
2023-12-29,바이오중유,17,163
2023-12-29,바이오중유,18,167
2023-12-29,바이오중유,19,199
2023-12-29,바이오중유,20,178
2023-12-29,바이오중유,21,164
2023-12-29,바이오중유,22,164
2023-12-29,바이오중유,23,164
2023-12-29,바이오중유,24,164
2023-12-29,바이오기타,1,2
2023-12-29,바이오기타,2,2
2023-12-29,바이오기타,3,3
2023-12-29,바이오기타,4,3
2023-12-29,바이오기타,5,3
2023-12-29,바이오기타,6,3
2023-12-29,바이오기타,7,3
2023-12-29,바이오기타,8,2
2023-12-29,바이오기타,9,3
2023-12-29,바이오기타,10,3
2023-12-29,바이오기타,11,3
2023-12-29,바이오기타,12,2
2023-12-29,바이오기타,13,2
2023-12-29,바이오기타,14,3
2023-12-29,바이오기타,15,3
2023-12-29,바이오기타,16,3
2023-12-29,바이오기타,17,3
2023-12-29,바이오기타,18,3
2023-12-29,바이오기타,19,2
2023-12-29,바이오기타,20,2
2023-12-29,바이오기타,21,1
2023-12-29,바이오기타,22,1
2023-12-29,바이오기타,23,0
2023-12-29,바이오기타,24,0
2023-12-29,기타,1,49
2023-12-29,기타,2,47
2023-12-29,기타,3,47
2023-12-29,기타,4,45
2023-12-29,기타,5,45
2023-12-29,기타,6,45
2023-12-29,기타,7,48
2023-12-29,기타,8,47
2023-12-29,기타,9,43
2023-12-29,기타,10,39
2023-12-29,기타,11,38
2023-12-29,기타,12,39
2023-12-29,기타,13,38
2023-12-29,기타,14,38
2023-12-29,기타,15,38
2023-12-29,기타,16,38
2023-12-29,기타,17,39
2023-12-29,기타,18,43
2023-12-29,기타,19,43
2023-12-29,기타,20,44
2023-12-29,기타,21,43
2023-12-29,기타,22,45
2023-12-29,기타,23,47
2023-12-29,기타,24,45
2023-12-30,원자력,1,21092
2023-12-30,원자력,2,21092
2023-12-30,원자력,3,21094
2023-12-30,원자력,4,21095
2023-12-30,원자력,5,21092
2023-12-30,원자력,6,21076
2023-12-30,원자력,7,21081
2023-12-30,원자력,8,21083
2023-12-30,원자력,9,21083
2023-12-30,원자력,10,21083
2023-12-30,원자력,11,21083
2023-12-30,원자력,12,21102
2023-12-30,원자력,13,21168
2023-12-30,원자력,14,21208
2023-12-30,원자력,15,21209
2023-12-30,원자력,16,21211
2023-12-30,원자력,17,21211
2023-12-30,원자력,18,21207
2023-12-30,원자력,19,21206
2023-12-30,원자력,20,21206
2023-12-30,원자력,21,21204
2023-12-30,원자력,22,21200
2023-12-30,원자력,23,21199
2023-12-30,원자력,24,21202
2023-12-30,유연탄,1,21477
2023-12-30,유연탄,2,20668
2023-12-30,유연탄,3,20321
2023-12-30,유연탄,4,20475
2023-12-30,유연탄,5,20692
2023-12-30,유연탄,6,20699
2023-12-30,유연탄,7,20659
2023-12-30,유연탄,8,20681
2023-12-30,유연탄,9,20535
2023-12-30,유연탄,10,20371
2023-12-30,유연탄,11,19724
2023-12-30,유연탄,12,18909
2023-12-30,유연탄,13,18975
2023-12-30,유연탄,14,19540
2023-12-30,유연탄,15,19786
2023-12-30,유연탄,16,19905
2023-12-30,유연탄,17,19741
2023-12-30,유연탄,18,19871
2023-12-30,유연탄,19,19749
2023-12-30,유연탄,20,19449
2023-12-30,유연탄,21,19401
2023-12-30,유연탄,22,18868
2023-12-30,유연탄,23,18934
2023-12-30,유연탄,24,18648
2023-12-30,무연탄,1,162
2023-12-30,무연탄,2,162
2023-12-30,무연탄,3,162
2023-12-30,무연탄,4,163
2023-12-30,무연탄,5,163
2023-12-30,무연탄,6,163
2023-12-30,무연탄,7,162
2023-12-30,무연탄,8,162
2023-12-30,무연탄,9,162
2023-12-30,무연탄,10,162
2023-12-30,무연탄,11,162
2023-12-30,무연탄,12,162
2023-12-30,무연탄,13,162
2023-12-30,무연탄,14,161
2023-12-30,무연탄,15,162
2023-12-30,무연탄,16,163
2023-12-30,무연탄,17,162
2023-12-30,무연탄,18,163
2023-12-30,무연탄,19,162
2023-12-30,무연탄,20,162
2023-12-30,무연탄,21,162
2023-12-30,무연탄,22,162
2023-12-30,무연탄,23,162
2023-12-30,무연탄,24,163
2023-12-30,바이오가스,1,34
2023-12-30,바이오가스,2,34
2023-12-30,바이오가스,3,34
2023-12-30,바이오가스,4,33
2023-12-30,바이오가스,5,34
2023-12-30,바이오가스,6,35
2023-12-30,바이오가스,7,35
2023-12-30,바이오가스,8,35
2023-12-30,바이오가스,9,35
2023-12-30,바이오가스,10,35
2023-12-30,바이오가스,11,33
2023-12-30,바이오가스,12,34
2023-12-30,바이오가스,13,35
2023-12-30,바이오가스,14,34
2023-12-30,바이오가스,15,36
2023-12-30,바이오가스,16,35
2023-12-30,바이오가스,17,35
2023-12-30,바이오가스,18,36
2023-12-30,바이오가스,19,35
2023-12-30,바이오가스,20,35
2023-12-30,바이오가스,21,36
2023-12-30,바이오가스,22,34
2023-12-30,바이오가스,23,33
2023-12-30,바이오가스,24,33
2023-12-30,부생가스,1,70
2023-12-30,부생가스,2,71
2023-12-30,부생가스,3,71
2023-12-30,부생가스,4,70
2023-12-30,부생가스,5,71
2023-12-30,부생가스,6,71
2023-12-30,부생가스,7,71
2023-12-30,부생가스,8,72
2023-12-30,부생가스,9,201
2023-12-30,부생가스,10,294
2023-12-30,부생가스,11,252
2023-12-30,부생가스,12,250
2023-12-30,부생가스,13,313
2023-12-30,부생가스,14,265
2023-12-30,부생가스,15,236
2023-12-30,부생가스,16,245
2023-12-30,부생가스,17,204
2023-12-30,부생가스,18,205
2023-12-30,부생가스,19,233
2023-12-30,부생가스,20,192
2023-12-30,부생가스,21,184
2023-12-30,부생가스,22,198
2023-12-30,부생가스,23,76
2023-12-30,부생가스,24,64
2023-12-30,수력,1,123
2023-12-30,수력,2,123
2023-12-30,수력,3,120
2023-12-30,수력,4,117
2023-12-30,수력,5,115
2023-12-30,수력,6,114
2023-12-30,수력,7,135
2023-12-30,수력,8,162
2023-12-30,수력,9,641
2023-12-30,수력,10,681
2023-12-30,수력,11,624
2023-12-30,수력,12,586
2023-12-30,수력,13,459
2023-12-30,수력,14,427
2023-12-30,수력,15,385
2023-12-30,수력,16,473
2023-12-30,수력,17,449
2023-12-30,수력,18,403
2023-12-30,수력,19,377
2023-12-30,수력,20,288
2023-12-30,수력,21,262
2023-12-30,수력,22,158
2023-12-30,수력,23,134
2023-12-30,수력,24,130
2023-12-30,양수,1,51
2023-12-30,양수,2,0
2023-12-30,양수,3,0
2023-12-30,양수,4,0
2023-12-30,양수,5,0
2023-12-30,양수,6,0
2023-12-30,양수,7,0
2023-12-30,양수,8,472
2023-12-30,양수,9,917
2023-12-30,양수,10,916
2023-12-30,양수,11,912
2023-12-30,양수,12,903
2023-12-30,양수,13,150
2023-12-30,양수,14,341
2023-12-30,양수,15,475
2023-12-30,양수,16,555
2023-12-30,양수,17,175
2023-12-30,양수,18,369
2023-12-30,양수,19,293
2023-12-30,양수,20,362
2023-12-30,양수,21,367
2023-12-30,양수,22,285
2023-12-30,양수,23,793
2023-12-30,양수,24,631
2023-12-30,매립가스,1,29
2023-12-30,매립가스,2,29
2023-12-30,매립가스,3,29
2023-12-30,매립가스,4,29
2023-12-30,매립가스,5,29
2023-12-30,매립가스,6,29
2023-12-30,매립가스,7,30
2023-12-30,매립가스,8,30
2023-12-30,매립가스,9,30
2023-12-30,매립가스,10,29
2023-12-30,매립가스,11,29
2023-12-30,매립가스,12,29
2023-12-30,매립가스,13,29
2023-12-30,매립가스,14,29
2023-12-30,매립가스,15,29
2023-12-30,매립가스,16,30
2023-12-30,매립가스,17,29
2023-12-30,매립가스,18,29
2023-12-30,매립가스,19,29
2023-12-30,매립가스,20,29
2023-12-30,매립가스,21,29
2023-12-30,매립가스,22,29
2023-12-30,매립가스,23,29
2023-12-30,매립가스,24,30
2023-12-30,중유,1,39
2023-12-30,중유,2,33
2023-12-30,중유,3,33
2023-12-30,중유,4,33
2023-12-30,중유,5,32
2023-12-30,중유,6,33
2023-12-30,중유,7,33
2023-12-30,중유,8,31
2023-12-30,중유,9,31
2023-12-30,중유,10,32
2023-12-30,중유,11,32
2023-12-30,중유,12,32
2023-12-30,중유,13,32
2023-12-30,중유,14,32
2023-12-30,중유,15,33
2023-12-30,중유,16,33
2023-12-30,중유,17,33
2023-12-30,중유,18,34
2023-12-30,중유,19,32
2023-12-30,중유,20,32
2023-12-30,중유,21,32
2023-12-30,중유,22,32
2023-12-30,중유,23,32
2023-12-30,중유,24,32
2023-12-30,태양광,1,2
2023-12-30,태양광,2,0
2023-12-30,태양광,3,0
2023-12-30,태양광,4,0
2023-12-30,태양광,5,0
2023-12-30,태양광,6,0
2023-12-30,태양광,7,0
2023-12-30,태양광,8,6
2023-12-30,태양광,9,279
2023-12-30,태양광,10,860
2023-12-30,태양광,11,1444
2023-12-30,태양광,12,1594
2023-12-30,태양광,13,1582
2023-12-30,태양광,14,1240
2023-12-30,태양광,15,818
2023-12-30,태양광,16,375
2023-12-30,태양광,17,650
2023-12-30,태양광,18,346
2023-12-30,태양광,19,227
2023-12-30,태양광,20,99
2023-12-30,태양광,21,40
2023-12-30,태양광,22,15
2023-12-30,태양광,23,2
2023-12-30,태양광,24,1
2023-12-30,폐기물,1,125
2023-12-30,폐기물,2,125
2023-12-30,폐기물,3,125
2023-12-30,폐기물,4,125
2023-12-30,폐기물,5,126
2023-12-30,폐기물,6,129
2023-12-30,폐기물,7,124
2023-12-30,폐기물,8,124
2023-12-30,폐기물,9,123
2023-12-30,폐기물,10,123
2023-12-30,폐기물,11,122
2023-12-30,폐기물,12,122
2023-12-30,폐기물,13,125
2023-12-30,폐기물,14,124
2023-12-30,폐기물,15,124
2023-12-30,폐기물,16,122
2023-12-30,폐기물,17,124
2023-12-30,폐기물,18,131
2023-12-30,폐기물,19,132
2023-12-30,폐기물,20,130
2023-12-30,폐기물,21,131
2023-12-30,폐기물,22,131
2023-12-30,폐기물,23,132
2023-12-30,폐기물,24,132
2023-12-30,풍력,1,444
2023-12-30,풍력,2,446
2023-12-30,풍력,3,369
2023-12-30,풍력,4,306
2023-12-30,풍력,5,198
2023-12-30,풍력,6,99
2023-12-30,풍력,7,85
2023-12-30,풍력,8,93
2023-12-30,풍력,9,66
2023-12-30,풍력,10,100
2023-12-30,풍력,11,121
2023-12-30,풍력,12,131
2023-12-30,풍력,13,123
2023-12-30,풍력,14,138
2023-12-30,풍력,15,203
2023-12-30,풍력,16,243
2023-12-30,풍력,17,200
2023-12-30,풍력,18,208
2023-12-30,풍력,19,195
2023-12-30,풍력,20,224
2023-12-30,풍력,21,267
2023-12-30,풍력,22,295
2023-12-30,풍력,23,281
2023-12-30,풍력,24,272
2023-12-30,LNG,1,15475
2023-12-30,LNG,2,13782
2023-12-30,LNG,3,13407
2023-12-30,LNG,4,13445
2023-12-30,LNG,5,13392
2023-12-30,LNG,6,13535
2023-12-30,LNG,7,13576
2023-12-30,LNG,8,14049
2023-12-30,LNG,9,14287
2023-12-30,LNG,10,14949
2023-12-30,LNG,11,15329
2023-12-30,LNG,12,15504
2023-12-30,LNG,13,15527
2023-12-30,LNG,14,15797
2023-12-30,LNG,15,16212
2023-12-30,LNG,16,16655
2023-12-30,LNG,17,16958
2023-12-30,LNG,18,17759
2023-12-30,LNG,19,17997
2023-12-30,LNG,20,17527
2023-12-30,LNG,21,16581
2023-12-30,LNG,22,16032
2023-12-30,LNG,23,16087
2023-12-30,LNG,24,16501
2023-12-30,연료전지,1,839
2023-12-30,연료전지,2,839
2023-12-30,연료전지,3,839
2023-12-30,연료전지,4,839
2023-12-30,연료전지,5,838
2023-12-30,연료전지,6,838
2023-12-30,연료전지,7,838
2023-12-30,연료전지,8,838
2023-12-30,연료전지,9,838
2023-12-30,연료전지,10,838
2023-12-30,연료전지,11,838
2023-12-30,연료전지,12,838
2023-12-30,연료전지,13,838
2023-12-30,연료전지,14,838
2023-12-30,연료전지,15,838
2023-12-30,연료전지,16,837
2023-12-30,연료전지,17,837
2023-12-30,연료전지,18,837
2023-12-30,연료전지,19,837
2023-12-30,연료전지,20,836
2023-12-30,연료전지,21,836
2023-12-30,연료전지,22,836
2023-12-30,연료전지,23,837
2023-12-30,연료전지,24,837
2023-12-30,경유,1,0
2023-12-30,경유,2,0
2023-12-30,경유,3,0
2023-12-30,경유,4,0
2023-12-30,경유,5,0
2023-12-30,경유,6,0
2023-12-30,경유,7,0
2023-12-30,경유,8,0
2023-12-30,경유,9,0
2023-12-30,경유,10,0
2023-12-30,경유,11,0
2023-12-30,경유,12,0
2023-12-30,경유,13,0
2023-12-30,경유,14,0
2023-12-30,경유,15,0
2023-12-30,경유,16,0
2023-12-30,경유,17,0
2023-12-30,경유,18,0
2023-12-30,경유,19,0
2023-12-30,경유,20,0
2023-12-30,경유,21,0
2023-12-30,경유,22,0
2023-12-30,경유,23,0
2023-12-30,경유,24,0
2023-12-30,해양에너지,1,0
2023-12-30,해양에너지,2,0
2023-12-30,해양에너지,3,0
2023-12-30,해양에너지,4,0
2023-12-30,해양에너지,5,99
2023-12-30,해양에너지,6,147
2023-12-30,해양에너지,7,151
2023-12-30,해양에너지,8,116
2023-12-30,해양에너지,9,43
2023-12-30,해양에너지,10,0
2023-12-30,해양에너지,11,0
2023-12-30,해양에너지,12,0
2023-12-30,해양에너지,13,0
2023-12-30,해양에너지,14,0
2023-12-30,해양에너지,15,0
2023-12-30,해양에너지,16,11
2023-12-30,해양에너지,17,150
2023-12-30,해양에너지,18,207
2023-12-30,해양에너지,19,227
2023-12-30,해양에너지,20,205
2023-12-30,해양에너지,21,146
2023-12-30,해양에너지,22,68
2023-12-30,해양에너지,23,1
2023-12-30,해양에너지,24,0
2023-12-30,바이오매스,1,1026
2023-12-30,바이오매스,2,1023
2023-12-30,바이오매스,3,1023
2023-12-30,바이오매스,4,1023
2023-12-30,바이오매스,5,1026
2023-12-30,바이오매스,6,1026
2023-12-30,바이오매스,7,1022
2023-12-30,바이오매스,8,1023
2023-12-30,바이오매스,9,1026
2023-12-30,바이오매스,10,1024
2023-12-30,바이오매스,11,1026
2023-12-30,바이오매스,12,1027
2023-12-30,바이오매스,13,1031
2023-12-30,바이오매스,14,1030
2023-12-30,바이오매스,15,1027
2023-12-30,바이오매스,16,1028
2023-12-30,바이오매스,17,1024
2023-12-30,바이오매스,18,1026
2023-12-30,바이오매스,19,1028
2023-12-30,바이오매스,20,1026
2023-12-30,바이오매스,21,1022
2023-12-30,바이오매스,22,1022
2023-12-30,바이오매스,23,1024
2023-12-30,바이오매스,24,1030
2023-12-30,IGCC,1,266
2023-12-30,IGCC,2,265
2023-12-30,IGCC,3,266
2023-12-30,IGCC,4,266
2023-12-30,IGCC,5,266
2023-12-30,IGCC,6,266
2023-12-30,IGCC,7,267
2023-12-30,IGCC,8,266
2023-12-30,IGCC,9,260
2023-12-30,IGCC,10,267
2023-12-30,IGCC,11,267
2023-12-30,IGCC,12,266
2023-12-30,IGCC,13,266
2023-12-30,IGCC,14,265
2023-12-30,IGCC,15,265
2023-12-30,IGCC,16,264
2023-12-30,IGCC,17,265
2023-12-30,IGCC,18,264
2023-12-30,IGCC,19,263
2023-12-30,IGCC,20,264
2023-12-30,IGCC,21,266
2023-12-30,IGCC,22,267
2023-12-30,IGCC,23,266
2023-12-30,IGCC,24,263
2023-12-30,바이오중유,1,163
2023-12-30,바이오중유,2,163
2023-12-30,바이오중유,3,163
2023-12-30,바이오중유,4,163
2023-12-30,바이오중유,5,163
2023-12-30,바이오중유,6,163
2023-12-30,바이오중유,7,163
2023-12-30,바이오중유,8,163
2023-12-30,바이오중유,9,163
2023-12-30,바이오중유,10,163
2023-12-30,바이오중유,11,163
2023-12-30,바이오중유,12,145
2023-12-30,바이오중유,13,106
2023-12-30,바이오중유,14,112
2023-12-30,바이오중유,15,145
2023-12-30,바이오중유,16,163
2023-12-30,바이오중유,17,163
2023-12-30,바이오중유,18,163
2023-12-30,바이오중유,19,163
2023-12-30,바이오중유,20,163
2023-12-30,바이오중유,21,163
2023-12-30,바이오중유,22,163
2023-12-30,바이오중유,23,163
2023-12-30,바이오중유,24,163
2023-12-30,바이오기타,1,1
2023-12-30,바이오기타,2,1
2023-12-30,바이오기타,3,1
2023-12-30,바이오기타,4,1
2023-12-30,바이오기타,5,1
2023-12-30,바이오기타,6,1
2023-12-30,바이오기타,7,1
2023-12-30,바이오기타,8,1
2023-12-30,바이오기타,9,1
2023-12-30,바이오기타,10,1
2023-12-30,바이오기타,11,1
2023-12-30,바이오기타,12,1
2023-12-30,바이오기타,13,1
2023-12-30,바이오기타,14,1
2023-12-30,바이오기타,15,1
2023-12-30,바이오기타,16,1
2023-12-30,바이오기타,17,1
2023-12-30,바이오기타,18,1
2023-12-30,바이오기타,19,0
2023-12-30,바이오기타,20,0
2023-12-30,바이오기타,21,0
2023-12-30,바이오기타,22,0
2023-12-30,바이오기타,23,0
2023-12-30,바이오기타,24,0
2023-12-30,기타,1,46
2023-12-30,기타,2,46
2023-12-30,기타,3,45
2023-12-30,기타,4,45
2023-12-30,기타,5,43
2023-12-30,기타,6,44
2023-12-30,기타,7,46
2023-12-30,기타,8,44
2023-12-30,기타,9,41
2023-12-30,기타,10,38
2023-12-30,기타,11,38
2023-12-30,기타,12,36
2023-12-30,기타,13,36
2023-12-30,기타,14,35
2023-12-30,기타,15,40
2023-12-30,기타,16,42
2023-12-30,기타,17,44
2023-12-30,기타,18,44
2023-12-30,기타,19,44
2023-12-30,기타,20,46
2023-12-30,기타,21,44
2023-12-30,기타,22,43
2023-12-30,기타,23,41
2023-12-30,기타,24,42
2023-12-31,원자력,1,21209
2023-12-31,원자력,2,21248
2023-12-31,원자력,3,21286
2023-12-31,원자력,4,21329
2023-12-31,원자력,5,21373
2023-12-31,원자력,6,21376
2023-12-31,원자력,7,21374
2023-12-31,원자력,8,21367
2023-12-31,원자력,9,21331
2023-12-31,원자력,10,21269
2023-12-31,원자력,11,21247
2023-12-31,원자력,12,21218
2023-12-31,원자력,13,21192
2023-12-31,원자력,14,21162
2023-12-31,원자력,15,21122
2023-12-31,원자력,16,21088
2023-12-31,원자력,17,21053
2023-12-31,원자력,18,21014
2023-12-31,원자력,19,20987
2023-12-31,원자력,20,20966
2023-12-31,원자력,21,20945
2023-12-31,원자력,22,20900
2023-12-31,원자력,23,20872
2023-12-31,원자력,24,20838
2023-12-31,유연탄,1,17704
2023-12-31,유연탄,2,16853
2023-12-31,유연탄,3,16074
2023-12-31,유연탄,4,16198
2023-12-31,유연탄,5,16391
2023-12-31,유연탄,6,16474
2023-12-31,유연탄,7,16351
2023-12-31,유연탄,8,16505
2023-12-31,유연탄,9,16592
2023-12-31,유연탄,10,16828
2023-12-31,유연탄,11,16911
2023-12-31,유연탄,12,16780
2023-12-31,유연탄,13,16736
2023-12-31,유연탄,14,16525
2023-12-31,유연탄,15,15686
2023-12-31,유연탄,16,15630
2023-12-31,유연탄,17,15832
2023-12-31,유연탄,18,15895
2023-12-31,유연탄,19,15968
2023-12-31,유연탄,20,16101
2023-12-31,유연탄,21,16194
2023-12-31,유연탄,22,16310
2023-12-31,유연탄,23,16444
2023-12-31,유연탄,24,16327
2023-12-31,무연탄,1,163
2023-12-31,무연탄,2,162
2023-12-31,무연탄,3,163
2023-12-31,무연탄,4,163
2023-12-31,무연탄,5,163
2023-12-31,무연탄,6,163
2023-12-31,무연탄,7,163
2023-12-31,무연탄,8,162
2023-12-31,무연탄,9,163
2023-12-31,무연탄,10,162
2023-12-31,무연탄,11,162
2023-12-31,무연탄,12,163
2023-12-31,무연탄,13,163
2023-12-31,무연탄,14,163
2023-12-31,무연탄,15,163
2023-12-31,무연탄,16,162
2023-12-31,무연탄,17,162
2023-12-31,무연탄,18,162
2023-12-31,무연탄,19,162
2023-12-31,무연탄,20,162
2023-12-31,무연탄,21,162
2023-12-31,무연탄,22,162
2023-12-31,무연탄,23,162
2023-12-31,무연탄,24,162
2023-12-31,바이오가스,1,33
2023-12-31,바이오가스,2,33
2023-12-31,바이오가스,3,34
2023-12-31,바이오가스,4,35
2023-12-31,바이오가스,5,34
2023-12-31,바이오가스,6,34
2023-12-31,바이오가스,7,35
2023-12-31,바이오가스,8,36
2023-12-31,바이오가스,9,36
2023-12-31,바이오가스,10,34
2023-12-31,바이오가스,11,35
2023-12-31,바이오가스,12,35
2023-12-31,바이오가스,13,35
2023-12-31,바이오가스,14,35
2023-12-31,바이오가스,15,34
2023-12-31,바이오가스,16,33
2023-12-31,바이오가스,17,33
2023-12-31,바이오가스,18,34
2023-12-31,바이오가스,19,32
2023-12-31,바이오가스,20,32
2023-12-31,바이오가스,21,32
2023-12-31,바이오가스,22,32
2023-12-31,바이오가스,23,33
2023-12-31,바이오가스,24,34
2023-12-31,부생가스,1,61
2023-12-31,부생가스,2,61
2023-12-31,부생가스,3,54
2023-12-31,부생가스,4,55
2023-12-31,부생가스,5,56
2023-12-31,부생가스,6,56
2023-12-31,부생가스,7,57
2023-12-31,부생가스,8,60
2023-12-31,부생가스,9,62
2023-12-31,부생가스,10,63
2023-12-31,부생가스,11,62
2023-12-31,부생가스,12,58
2023-12-31,부생가스,13,57
2023-12-31,부생가스,14,57
2023-12-31,부생가스,15,56
2023-12-31,부생가스,16,57
2023-12-31,부생가스,17,57
2023-12-31,부생가스,18,56
2023-12-31,부생가스,19,56
2023-12-31,부생가스,20,56
2023-12-31,부생가스,21,56
2023-12-31,부생가스,22,56
2023-12-31,부생가스,23,56
2023-12-31,부생가스,24,53
2023-12-31,수력,1,125
2023-12-31,수력,2,124
2023-12-31,수력,3,123
2023-12-31,수력,4,121
2023-12-31,수력,5,118
2023-12-31,수력,6,117
2023-12-31,수력,7,120
2023-12-31,수력,8,127
2023-12-31,수력,9,553
2023-12-31,수력,10,601
2023-12-31,수력,11,625
2023-12-31,수력,12,584
2023-12-31,수력,13,283
2023-12-31,수력,14,406
2023-12-31,수력,15,415
2023-12-31,수력,16,551
2023-12-31,수력,17,538
2023-12-31,수력,18,528
2023-12-31,수력,19,436
2023-12-31,수력,20,400
2023-12-31,수력,21,206
2023-12-31,수력,22,138
2023-12-31,수력,23,132
2023-12-31,수력,24,131
2023-12-31,양수,1,161
2023-12-31,양수,2,0
2023-12-31,양수,3,0
2023-12-31,양수,4,0
2023-12-31,양수,5,0
2023-12-31,양수,6,0
2023-12-31,양수,7,0
2023-12-31,양수,8,0
2023-12-31,양수,9,0
2023-12-31,양수,10,19
2023-12-31,양수,11,754
2023-12-31,양수,12,732
2023-12-31,양수,13,184
2023-12-31,양수,14,0
2023-12-31,양수,15,0
2023-12-31,양수,16,0
2023-12-31,양수,17,0
2023-12-31,양수,18,570
2023-12-31,양수,19,693
2023-12-31,양수,20,254
2023-12-31,양수,21,261
2023-12-31,양수,22,261
2023-12-31,양수,23,372
2023-12-31,양수,24,514
2023-12-31,매립가스,1,30
2023-12-31,매립가스,2,30
2023-12-31,매립가스,3,30
2023-12-31,매립가스,4,29
2023-12-31,매립가스,5,29
2023-12-31,매립가스,6,29
2023-12-31,매립가스,7,29
2023-12-31,매립가스,8,29
2023-12-31,매립가스,9,28
2023-12-31,매립가스,10,27
2023-12-31,매립가스,11,27
2023-12-31,매립가스,12,26
2023-12-31,매립가스,13,26
2023-12-31,매립가스,14,26
2023-12-31,매립가스,15,26
2023-12-31,매립가스,16,27
2023-12-31,매립가스,17,27
2023-12-31,매립가스,18,27
2023-12-31,매립가스,19,26
2023-12-31,매립가스,20,25
2023-12-31,매립가스,21,24
2023-12-31,매립가스,22,25
2023-12-31,매립가스,23,27
2023-12-31,매립가스,24,26
2023-12-31,중유,1,31
2023-12-31,중유,2,31
2023-12-31,중유,3,31
2023-12-31,중유,4,30
2023-12-31,중유,5,30
2023-12-31,중유,6,31
2023-12-31,중유,7,30
2023-12-31,중유,8,30
2023-12-31,중유,9,30
2023-12-31,중유,10,30
2023-12-31,중유,11,30
2023-12-31,중유,12,30
2023-12-31,중유,13,31
2023-12-31,중유,14,31
2023-12-31,중유,15,32
2023-12-31,중유,16,31
2023-12-31,중유,17,31
2023-12-31,중유,18,31
2023-12-31,중유,19,31
2023-12-31,중유,20,31
2023-12-31,중유,21,32
2023-12-31,중유,22,32
2023-12-31,중유,23,32
2023-12-31,중유,24,31
2023-12-31,태양광,1,0
2023-12-31,태양광,2,0
2023-12-31,태양광,3,0
2023-12-31,태양광,4,0
2023-12-31,태양광,5,0
2023-12-31,태양광,6,0
2023-12-31,태양광,7,0
2023-12-31,태양광,8,1
2023-12-31,태양광,9,103
2023-12-31,태양광,10,409
2023-12-31,태양광,11,664
2023-12-31,태양광,12,684
2023-12-31,태양광,13,663
2023-12-31,태양광,14,668
2023-12-31,태양광,15,618
2023-12-31,태양광,16,439
2023-12-31,태양광,17,295
2023-12-31,태양광,18,64
2023-12-31,태양광,19,63
2023-12-31,태양광,20,32
2023-12-31,태양광,21,13
2023-12-31,태양광,22,4
2023-12-31,태양광,23,1
2023-12-31,태양광,24,0
2023-12-31,폐기물,1,131
2023-12-31,폐기물,2,131
2023-12-31,폐기물,3,131
2023-12-31,폐기물,4,129
2023-12-31,폐기물,5,129
2023-12-31,폐기물,6,131
2023-12-31,폐기물,7,126
2023-12-31,폐기물,8,125
2023-12-31,폐기물,9,121
2023-12-31,폐기물,10,119
2023-12-31,폐기물,11,119
2023-12-31,폐기물,12,119
2023-12-31,폐기물,13,120
2023-12-31,폐기물,14,120
2023-12-31,폐기물,15,118
2023-12-31,폐기물,16,117
2023-12-31,폐기물,17,116
2023-12-31,폐기물,18,116
2023-12-31,폐기물,19,116
2023-12-31,폐기물,20,114
2023-12-31,폐기물,21,120
2023-12-31,폐기물,22,121
2023-12-31,폐기물,23,122
2023-12-31,폐기물,24,123
2023-12-31,풍력,1,293
2023-12-31,풍력,2,385
2023-12-31,풍력,3,583
2023-12-31,풍력,4,615
2023-12-31,풍력,5,688
2023-12-31,풍력,6,805
2023-12-31,풍력,7,870
2023-12-31,풍력,8,865
2023-12-31,풍력,9,955
2023-12-31,풍력,10,1001
2023-12-31,풍력,11,951
2023-12-31,풍력,12,1012
2023-12-31,풍력,13,1031
2023-12-31,풍력,14,984
2023-12-31,풍력,15,908
2023-12-31,풍력,16,823
2023-12-31,풍력,17,747
2023-12-31,풍력,18,677
2023-12-31,풍력,19,635
2023-12-31,풍력,20,549
2023-12-31,풍력,21,489
2023-12-31,풍력,22,442
2023-12-31,풍력,23,337
2023-12-31,풍력,24,319
2023-12-31,LNG,1,14983
2023-12-31,LNG,2,13367
2023-12-31,LNG,3,12797
2023-12-31,LNG,4,12816
2023-12-31,LNG,5,12769
2023-12-31,LNG,6,12914
2023-12-31,LNG,7,12958
2023-12-31,LNG,8,12593
2023-12-31,LNG,9,12940
2023-12-31,LNG,10,13609
2023-12-31,LNG,11,13919
2023-12-31,LNG,12,14146
2023-12-31,LNG,13,14809
2023-12-31,LNG,14,14836
2023-12-31,LNG,15,15370
2023-12-31,LNG,16,15757
2023-12-31,LNG,17,16708
2023-12-31,LNG,18,18535
2023-12-31,LNG,19,19214
2023-12-31,LNG,20,18996
2023-12-31,LNG,21,18404
2023-12-31,LNG,22,17872
2023-12-31,LNG,23,18306
2023-12-31,LNG,24,18601
2023-12-31,연료전지,1,836
2023-12-31,연료전지,2,836
2023-12-31,연료전지,3,836
2023-12-31,연료전지,4,835
2023-12-31,연료전지,5,835
2023-12-31,연료전지,6,834
2023-12-31,연료전지,7,835
2023-12-31,연료전지,8,835
2023-12-31,연료전지,9,835
2023-12-31,연료전지,10,835
2023-12-31,연료전지,11,835
2023-12-31,연료전지,12,835
2023-12-31,연료전지,13,836
2023-12-31,연료전지,14,836
2023-12-31,연료전지,15,836
2023-12-31,연료전지,16,836
2023-12-31,연료전지,17,836
2023-12-31,연료전지,18,836
2023-12-31,연료전지,19,836
2023-12-31,연료전지,20,836
2023-12-31,연료전지,21,836
2023-12-31,연료전지,22,836
2023-12-31,연료전지,23,835
2023-12-31,연료전지,24,835
2023-12-31,경유,1,0
2023-12-31,경유,2,0
2023-12-31,경유,3,0
2023-12-31,경유,4,0
2023-12-31,경유,5,0
2023-12-31,경유,6,0
2023-12-31,경유,7,0
2023-12-31,경유,8,0
2023-12-31,경유,9,0
2023-12-31,경유,10,0
2023-12-31,경유,11,0
2023-12-31,경유,12,0
2023-12-31,경유,13,0
2023-12-31,경유,14,0
2023-12-31,경유,15,0
2023-12-31,경유,16,0
2023-12-31,경유,17,0
2023-12-31,경유,18,0
2023-12-31,경유,19,0
2023-12-31,경유,20,0
2023-12-31,경유,21,0
2023-12-31,경유,22,0
2023-12-31,경유,23,0
2023-12-31,경유,24,0
2023-12-31,해양에너지,1,0
2023-12-31,해양에너지,2,0
2023-12-31,해양에너지,3,0
2023-12-31,해양에너지,4,0
2023-12-31,해양에너지,5,17
2023-12-31,해양에너지,6,128
2023-12-31,해양에너지,7,147
2023-12-31,해양에너지,8,126
2023-12-31,해양에너지,9,63
2023-12-31,해양에너지,10,0
2023-12-31,해양에너지,11,0
2023-12-31,해양에너지,12,0
2023-12-31,해양에너지,13,0
2023-12-31,해양에너지,14,0
2023-12-31,해양에너지,15,0
2023-12-31,해양에너지,16,0
2023-12-31,해양에너지,17,63
2023-12-31,해양에너지,18,151
2023-12-31,해양에너지,19,188
2023-12-31,해양에너지,20,186
2023-12-31,해양에너지,21,146
2023-12-31,해양에너지,22,83
2023-12-31,해양에너지,23,17
2023-12-31,해양에너지,24,0
2023-12-31,바이오매스,1,1028
2023-12-31,바이오매스,2,1025
2023-12-31,바이오매스,3,1024
2023-12-31,바이오매스,4,1021
2023-12-31,바이오매스,5,1024
2023-12-31,바이오매스,6,1025
2023-12-31,바이오매스,7,1023
2023-12-31,바이오매스,8,1019
2023-12-31,바이오매스,9,1020
2023-12-31,바이오매스,10,1025
2023-12-31,바이오매스,11,1026
2023-12-31,바이오매스,12,1025
2023-12-31,바이오매스,13,1023
2023-12-31,바이오매스,14,1021
2023-12-31,바이오매스,15,1021
2023-12-31,바이오매스,16,1023
2023-12-31,바이오매스,17,1022
2023-12-31,바이오매스,18,1016
2023-12-31,바이오매스,19,1012
2023-12-31,바이오매스,20,1011
2023-12-31,바이오매스,21,1011
2023-12-31,바이오매스,22,1011
2023-12-31,바이오매스,23,1011
2023-12-31,바이오매스,24,1015
2023-12-31,IGCC,1,264
2023-12-31,IGCC,2,265
2023-12-31,IGCC,3,265
2023-12-31,IGCC,4,265
2023-12-31,IGCC,5,265
2023-12-31,IGCC,6,264
2023-12-31,IGCC,7,264
2023-12-31,IGCC,8,265
2023-12-31,IGCC,9,266
2023-12-31,IGCC,10,266
2023-12-31,IGCC,11,266
2023-12-31,IGCC,12,266
2023-12-31,IGCC,13,266
2023-12-31,IGCC,14,266
2023-12-31,IGCC,15,263
2023-12-31,IGCC,16,265
2023-12-31,IGCC,17,267
2023-12-31,IGCC,18,266
2023-12-31,IGCC,19,266
2023-12-31,IGCC,20,268
2023-12-31,IGCC,21,269
2023-12-31,IGCC,22,269
2023-12-31,IGCC,23,268
2023-12-31,IGCC,24,268
2023-12-31,바이오중유,1,163
2023-12-31,바이오중유,2,163
2023-12-31,바이오중유,3,163
2023-12-31,바이오중유,4,163
2023-12-31,바이오중유,5,163
2023-12-31,바이오중유,6,163
2023-12-31,바이오중유,7,163
2023-12-31,바이오중유,8,163
2023-12-31,바이오중유,9,163
2023-12-31,바이오중유,10,150
2023-12-31,바이오중유,11,109
2023-12-31,바이오중유,12,118
2023-12-31,바이오중유,13,163
2023-12-31,바이오중유,14,163
2023-12-31,바이오중유,15,163
2023-12-31,바이오중유,16,163
2023-12-31,바이오중유,17,163
2023-12-31,바이오중유,18,163
2023-12-31,바이오중유,19,163
2023-12-31,바이오중유,20,163
2023-12-31,바이오중유,21,163
2023-12-31,바이오중유,22,163
2023-12-31,바이오중유,23,163
2023-12-31,바이오중유,24,163
2023-12-31,바이오기타,1,0
2023-12-31,바이오기타,2,0
2023-12-31,바이오기타,3,0
2023-12-31,바이오기타,4,0
2023-12-31,바이오기타,5,0
2023-12-31,바이오기타,6,0
2023-12-31,바이오기타,7,0
2023-12-31,바이오기타,8,0
2023-12-31,바이오기타,9,0
2023-12-31,바이오기타,10,0
2023-12-31,바이오기타,11,0
2023-12-31,바이오기타,12,0
2023-12-31,바이오기타,13,0
2023-12-31,바이오기타,14,0
2023-12-31,바이오기타,15,0
2023-12-31,바이오기타,16,0
2023-12-31,바이오기타,17,0
2023-12-31,바이오기타,18,0
2023-12-31,바이오기타,19,0
2023-12-31,바이오기타,20,0
2023-12-31,바이오기타,21,0
2023-12-31,바이오기타,22,0
2023-12-31,바이오기타,23,0
2023-12-31,바이오기타,24,0
2023-12-31,기타,1,38
2023-12-31,기타,2,37
2023-12-31,기타,3,35
2023-12-31,기타,4,35
2023-12-31,기타,5,33
2023-12-31,기타,6,33
2023-12-31,기타,7,34
2023-12-31,기타,8,34
2023-12-31,기타,9,38
2023-12-31,기타,10,41
2023-12-31,기타,11,44
2023-12-31,기타,12,41
2023-12-31,기타,13,45
2023-12-31,기타,14,44
2023-12-31,기타,15,41
2023-12-31,기타,16,41
2023-12-31,기타,17,40
2023-12-31,기타,18,40
2023-12-31,기타,19,40
2023-12-31,기타,20,42
2023-12-31,기타,21,42
2023-12-31,기타,22,41
2023-12-31,기타,23,39
2023-12-31,기타,24,38
